hour,timestamp,grid_fault,renewable_bus_fault,weather_risk,weather_stress,core_kw,rigid_kw,flex_kw,renewable_kw,diesel_kw,gfm_power_kw,battery_discharge_kw,ups_discharge_kw,ups_charge_kw,battery_kwh,ups_kwh,core_shed_kw,rigid_shed_kw,flex_adjusted_kw,diesel_online,pcs_available_kw,ups_available,ups_reserve_target_kwh
0,2026-01-01 00:00:00+08:00,0,0,0,0,33.411546361038496,139.12222987669813,53.5444179019571,0.0,0.0,0.0,0.0,33.411546361038496,0.0,0.0,250.0,0.0,0.0,0.0,0,0.0,1,300.0
1,2026-01-01 01:00:00+08:00,0,0,0,0,33.92019954389802,138.1700609147176,51.97891070437868,0.0,0.0,0.0,0.0,33.92019954389802,0.0,0.0,250.0,0.0,0.0,0.0,0,0.0,1,300.0
2,2026-01-01 02:00:00+08:00,0,0,0,0,35.72660753742023,135.50129797063593,49.28907600994212,0.0,0.0,0.0,0.0,35.72660753742023,0.0,0.0,250.0,0.0,0.0,0.0,0,0.0,1,300.0
3,2026-01-01 03:00:00+08:00,0,0,0,0,36.595312265310376,137.68513378588563,49.95053894099699,0.0,0.0,0.0,0.0,36.595312265310376,0.0,0.0,250.0,0.0,0.0,0.0,0,0.0,1,300.0
4,2026-01-01 04:00:00+08:00,0,0,0,0,35.22353664701472,139.3112363947408,50.63312859599631,0.0,0.0,0.0,0.0,35.22353664701472,0.0,0.0,250.0,0.0,0.0,0.0,0,0.0,1,300.0
5,2026-01-01 05:00:00+08:00,0,0,0,0,36.26241093196051,142.26841792377718,54.13722088997399,0.0,0.0,0.0,0.0,36.26241093196051,0.0,0.0,250.0,0.0,0.0,0.0,0,0.0,1,300.0
6,2026-01-01 06:00:00+08:00,0,0,0,0,35.50501855791822,147.96266211219574,53.175489707121415,0.0,0.0,0.0,0.0,35.50501855791822,0.0,0.0,250.0,0.0,0.0,0.0,0,0.0,1,300.0
7,2026-01-01 07:00:00+08:00,0,0,0,0,37.70229487090549,147.11250431452243,59.39161384835796,0.0,0.0,0.0,0.0,37.70229487090549,0.0,0.0,250.0,0.0,0.0,0.0,0,0.0,1,300.0
8,2026-01-01 08:00:00+08:00,0,0,0,0,37.95648853941104,158.1577311861243,57.6161651937217,0.0,0.0,0.0,0.0,37.95648853941104,0.0,0.0,250.0,0.0,0.0,0.0,0,0.0,1,300.0
9,2026-01-01 09:00:00+08:00,0,0,0,0,38.57871372412155,155.01128081542996,62.07584999887237,0.0,0.0,0.0,0.0,38.57871372412155,0.0,0.0,250.0,0.0,0.0,0.0,0,0.0,1,300.0
10,2026-01-01 10:00:00+08:00,0,0,0,0,37.47160819965532,155.35087611522698,65.82513324341858,0.0,0.0,0.0,0.0,37.47160819965532,0.0,0.0,250.0,0.0,0.0,0.0,0,0.0,1,300.0
11,2026-01-01 11:00:00+08:00,0,0,0,0,38.5520189562758,154.0832380737879,63.84453706694141,0.0,0.0,0.0,0.0,38.5520189562758,0.0,0.0,250.0,0.0,0.0,0.0,0,0.0,1,300.0
12,2026-01-01 12:00:00+08:00,0,0,0,0,35.26345131606399,157.4023446296606,64.93636703062631,0.0,0.0,0.0,0.0,35.26345131606399,0.0,0.0,250.0,0.0,0.0,0.0,0,0.0,1,300.0
13,2026-01-01 13:00:00+08:00,0,0,0,0,35.684026713554964,159.26573856860188,67.64840354993812,0.0,0.0,0.0,0.0,35.684026713554964,0.0,0.0,250.0,0.0,0.0,0.0,0,0.0,1,300.0
14,2026-01-01 14:00:00+08:00,0,0,0,0,35.76916992418019,154.2046003759351,69.64171817774212,0.0,0.0,0.0,0.0,35.76916992418019,0.0,0.0,250.0,0.0,0.0,0.0,0,0.0,1,300.0
15,2026-01-01 15:00:00+08:00,0,0,0,0,34.956323296968215,156.87417688987895,67.45643491180351,0.0,0.0,0.0,0.0,34.956323296968215,0.0,0.0,250.0,0.0,0.0,0.0,0,0.0,1,300.0
16,2026-01-01 16:00:00+08:00,0,0,0,0,34.32801244494297,154.35816287537114,66.70297862757823,0.0,0.0,0.0,0.0,34.32801244494297,0.0,0.0,250.0,0.0,0.0,0.0,0,0.0,1,300.0
17,2026-01-01 17:00:00+08:00,0,0,0,0,34.070083916742824,154.16492495324263,65.7492448232828,0.0,0.0,0.0,0.0,34.070083916742824,0.0,0.0,250.0,0.0,0.0,0.0,0,0.0,1,300.0
18,2026-01-01 18:00:00+08:00,0,0,0,0,32.386985533931885,153.82921179540446,61.46973729900048,0.0,0.0,0.0,0.0,32.386985533931885,0.0,0.0,250.0,0.0,0.0,0.0,0,0.0,1,300.0
19,2026-01-01 19:00:00+08:00,0,0,0,0,35.53210242920018,149.53908340826834,64.97508294830476,0.0,0.0,0.0,0.0,35.53210242920018,0.0,0.0,250.0,0.0,0.0,0.0,0,0.0,1,300.0
20,2026-01-01 20:00:00+08:00,0,0,0,0,32.773681392566786,145.86881894248634,58.28614484147539,0.0,0.0,0.0,0.0,32.773681392566786,0.0,0.0,250.0,0.0,0.0,0.0,0,0.0,1,300.0
21,2026-01-01 21:00:00+08:00,0,0,0,0,32.834027765927544,148.43535275792894,59.96495553740105,0.0,0.0,0.0,0.0,32.834027765927544,0.0,0.0,250.0,0.0,0.0,0.0,0,0.0,1,300.0
22,2026-01-01 22:00:00+08:00,0,0,0,0,33.77838813498241,139.76516734025694,51.5101921691278,0.0,0.0,0.0,0.0,33.77838813498241,0.0,0.0,250.0,0.0,0.0,0.0,0,0.0,1,300.0
23,2026-01-01 23:00:00+08:00,0,0,0,0,32.789376552705065,137.8034164464324,54.3850222983539,0.0,0.0,0.0,0.0,32.789376552705065,0.0,0.0,250.0,0.0,0.0,0.0,0,0.0,1,300.0
24,2026-01-02 00:00:00+08:00,0,0,0,0,34.55980176309638,135.05808129841995,53.6360095823015,0.0,0.0,0.0,0.0,34.55980176309638,0.0,0.0,250.0,0.0,0.0,0.0,0,0.0,1,300.0
25,2026-01-02 01:00:00+08:00,0,0,0,0,35.43541075126437,137.5052836569855,53.5388636500322,0.0,0.0,0.0,0.0,35.43541075126437,0.0,0.0,250.0,0.0,0.0,0.0,0,0.0,1,300.0
26,2026-01-02 02:00:00+08:00,0,0,0,0,34.21816956541187,139.29581508118795,49.29294566823572,0.0,0.0,0.0,0.0,34.21816956541187,0.0,0.0,250.0,0.0,0.0,0.0,0,0.0,1,300.0
27,2026-01-02 03:00:00+08:00,0,0,0,0,34.892861496852944,140.4588897886201,51.52490141042841,0.0,0.0,0.0,0.0,34.892861496852944,0.0,0.0,250.0,0.0,0.0,0.0,0,0.0,1,300.0
28,2026-01-02 04:00:00+08:00,0,0,0,0,34.894001854539695,141.46538574619015,52.19922512754795,0.0,0.0,0.0,0.0,34.894001854539695,0.0,0.0,250.0,0.0,0.0,0.0,0,0.0,1,300.0
29,2026-01-02 05:00:00+08:00,0,0,0,0,35.66514424594966,139.4958689916196,55.089856357470694,0.0,0.0,0.0,0.0,35.66514424594966,0.0,0.0,250.0,0.0,0.0,0.0,0,0.0,1,300.0
30,2026-01-02 06:00:00+08:00,0,0,0,0,35.780446926339856,144.25120147887492,54.51739856251521,0.0,0.0,0.0,0.0,35.780446926339856,0.0,0.0,250.0,0.0,0.0,0.0,0,0.0,1,300.0
31,2026-01-02 07:00:00+08:00,0,0,0,0,37.79405625664713,148.1150671126986,55.541383294611244,0.0,0.0,0.0,0.0,37.79405625664713,0.0,0.0,250.0,0.0,0.0,0.0,0,0.0,1,300.0
32,2026-01-02 08:00:00+08:00,0,0,0,0,38.080435781430964,153.03759986194675,56.81841143162595,0.0,0.0,0.0,0.0,38.080435781430964,0.0,0.0,250.0,0.0,0.0,0.0,0,0.0,1,300.0
33,2026-01-02 09:00:00+08:00,0,0,0,0,38.06004830848629,154.11217596207655,58.80565604749435,0.0,0.0,0.0,0.0,38.06004830848629,0.0,0.0,250.0,0.0,0.0,0.0,0,0.0,1,300.0
34,2026-01-02 10:00:00+08:00,0,0,0,0,37.10208064342407,158.95217397317774,60.16385885040759,0.0,0.0,0.0,0.0,37.10208064342407,0.0,0.0,250.0,0.0,0.0,0.0,0,0.0,1,300.0
35,2026-01-02 11:00:00+08:00,0,0,0,0,36.51645936349417,155.66906226710893,64.37418603107977,0.0,0.0,0.0,0.0,36.51645936349417,0.0,0.0,250.0,0.0,0.0,0.0,0,0.0,1,300.0
36,2026-01-02 12:00:00+08:00,0,0,0,0,36.76141208788253,154.88292965260447,67.73829063169126,0.0,0.0,0.0,0.0,36.76141208788253,0.0,0.0,250.0,0.0,0.0,0.0,0,0.0,1,300.0
37,2026-01-02 13:00:00+08:00,0,0,0,0,36.58920797273794,155.24170841486307,66.37906098763409,0.0,0.0,0.0,0.0,36.58920797273794,0.0,0.0,250.0,0.0,0.0,0.0,0,0.0,1,300.0
38,2026-01-02 14:00:00+08:00,0,0,0,0,34.94542834351453,154.11167404842365,67.41732776772959,0.0,0.0,0.0,0.0,34.94542834351453,0.0,0.0,250.0,0.0,0.0,0.0,0,0.0,1,300.0
39,2026-01-02 15:00:00+08:00,0,0,0,0,36.235524914153984,153.74121036321984,70.3508679269413,0.0,0.0,0.0,0.0,36.235524914153984,0.0,0.0,250.0,0.0,0.0,0.0,0,0.0,1,300.0
40,2026-01-02 16:00:00+08:00,0,0,0,0,35.08189770089425,158.18727064696787,65.68754018942371,0.0,0.0,0.0,0.0,35.08189770089425,0.0,0.0,250.0,0.0,0.0,0.0,0,0.0,1,300.0
41,2026-01-02 17:00:00+08:00,0,0,0,0,35.264583264865806,155.6035566794233,67.0454406227783,0.0,0.0,0.0,0.0,35.264583264865806,0.0,0.0,250.0,0.0,0.0,0.0,0,0.0,1,300.0
42,2026-01-02 18:00:00+08:00,0,0,0,0,34.166376470771525,146.34182378891475,63.794642713472044,0.0,0.0,0.0,0.0,34.166376470771525,0.0,0.0,250.0,0.0,0.0,0.0,0,0.0,1,300.0
43,2026-01-02 19:00:00+08:00,0,0,0,0,34.32489849064504,141.78719235661134,63.475969911402494,0.0,0.0,0.0,0.0,34.32489849064504,0.0,0.0,250.0,0.0,0.0,0.0,0,0.0,1,300.0
44,2026-01-02 20:00:00+08:00,0,0,0,0,33.963023783374574,146.89106702378314,61.204073315677746,0.0,0.0,0.0,0.0,33.963023783374574,0.0,0.0,250.0,0.0,0.0,0.0,0,0.0,1,300.0
45,2026-01-02 21:00:00+08:00,0,0,0,0,33.126759768724334,144.3249098358276,56.0198494433139,0.0,0.0,0.0,0.0,33.126759768724334,0.0,0.0,250.0,0.0,0.0,0.0,0,0.0,1,300.0
46,2026-01-02 22:00:00+08:00,0,0,0,0,33.302108132276295,143.00532395432953,55.000701158461176,0.0,0.0,0.0,0.0,33.302108132276295,0.0,0.0,250.0,0.0,0.0,0.0,0,0.0,1,300.0
47,2026-01-02 23:00:00+08:00,0,0,0,0,33.78856133043819,135.01424204431424,55.228706118022565,0.0,0.0,0.0,0.0,33.78856133043819,0.0,0.0,250.0,0.0,0.0,0.0,0,0.0,1,300.0
48,2026-01-03 00:00:00+08:00,0,0,0,0,33.97957278931659,139.77798932165402,53.942057395540445,0.0,0.0,0.0,0.0,33.97957278931659,0.0,0.0,250.0,0.0,0.0,0.0,0,0.0,1,300.0
49,2026-01-03 01:00:00+08:00,0,0,0,0,34.050721036759356,136.6038153923407,51.48428283959852,0.0,0.0,0.0,0.0,34.050721036759356,0.0,0.0,250.0,0.0,0.0,0.0,0,0.0,1,300.0
50,2026-01-03 02:00:00+08:00,0,0,0,0,34.130167784706565,134.69653579115064,49.15468075300474,0.0,0.0,0.0,0.0,34.130167784706565,0.0,0.0,250.0,0.0,0.0,0.0,0,0.0,1,300.0
51,2026-01-03 03:00:00+08:00,0,0,0,0,35.946219916310405,140.33449159599377,50.122308478928595,0.0,0.0,0.0,0.0,35.946219916310405,0.0,0.0,250.0,0.0,0.0,0.0,0,0.0,1,300.0
52,2026-01-03 04:00:00+08:00,0,0,0,0,35.09999258170616,140.86544343666512,52.384249727135526,0.0,0.0,0.0,0.0,35.09999258170616,0.0,0.0,250.0,0.0,0.0,0.0,0,0.0,1,300.0
53,2026-01-03 05:00:00+08:00,0,0,0,0,36.28669808015367,143.6487126587976,52.824557044364425,0.0,0.0,0.0,0.0,36.28669808015367,0.0,0.0,250.0,0.0,0.0,0.0,0,0.0,1,300.0
54,2026-01-03 06:00:00+08:00,0,0,0,0,37.31327511694592,147.56798949193595,54.09946729131347,0.0,0.0,0.0,0.0,37.31327511694592,0.0,0.0,250.0,0.0,0.0,0.0,0,0.0,1,300.0
55,2026-01-03 07:00:00+08:00,0,0,0,0,36.82712997413741,145.5666882881586,56.41076192595658,0.0,0.0,0.0,0.0,36.82712997413741,0.0,0.0,250.0,0.0,0.0,0.0,0,0.0,1,300.0
56,2026-01-03 08:00:00+08:00,0,0,0,0,37.46075312304026,149.81095598747254,62.644202331461464,0.0,0.0,0.0,0.0,37.46075312304026,0.0,0.0,250.0,0.0,0.0,0.0,0,0.0,1,300.0
57,2026-01-03 09:00:00+08:00,0,0,0,0,37.685873937727195,153.77887749147902,59.89254335004493,0.0,0.0,0.0,0.0,37.685873937727195,0.0,0.0,250.0,0.0,0.0,0.0,0,0.0,1,300.0
58,2026-01-03 10:00:00+08:00,0,0,0,0,37.24742799842399,155.39596393215575,61.991548932771785,0.0,0.0,0.0,0.0,37.24742799842399,0.0,0.0,250.0,0.0,0.0,0.0,0,0.0,1,300.0
59,2026-01-03 11:00:00+08:00,0,0,0,0,37.989604545568916,156.83623026551976,62.9393707465417,0.0,0.0,0.0,0.0,37.989604545568916,0.0,0.0,250.0,0.0,0.0,0.0,0,0.0,1,300.0
60,2026-01-03 12:00:00+08:00,0,0,0,0,37.124058606464736,157.61668205009548,62.77118861417605,0.0,0.0,0.0,0.0,37.124058606464736,0.0,0.0,250.0,0.0,0.0,0.0,0,0.0,1,300.0
61,2026-01-03 13:00:00+08:00,0,0,0,0,37.20041065129783,155.57374349518028,66.79610187190431,0.0,0.0,0.0,0.0,37.20041065129783,0.0,0.0,250.0,0.0,0.0,0.0,0,0.0,1,300.0
62,2026-01-03 14:00:00+08:00,0,0,0,0,36.295812480406205,150.03094196091945,65.8006081021472,0.0,0.0,0.0,0.0,36.295812480406205,0.0,0.0,250.0,0.0,0.0,0.0,0,0.0,1,300.0
63,2026-01-03 15:00:00+08:00,0,0,0,0,34.67365670293519,154.61654218735896,65.07539525569632,0.0,0.0,0.0,0.0,34.67365670293519,0.0,0.0,250.0,0.0,0.0,0.0,0,0.0,1,300.0
64,2026-01-03 16:00:00+08:00,0,0,0,0,35.14085235079891,155.06054986015593,68.92136658470353,0.0,0.0,0.0,0.0,35.14085235079891,0.0,0.0,250.0,0.0,0.0,0.0,0,0.0,1,300.0
65,2026-01-03 17:00:00+08:00,0,0,0,0,33.86223300991881,153.69746554966554,64.29335188101565,0.0,0.0,0.0,0.0,33.86223300991881,0.0,0.0,250.0,0.0,0.0,0.0,0,0.0,1,300.0
66,2026-01-03 18:00:00+08:00,0,0,0,0,34.11293767610026,149.23609950992335,63.746834681867895,0.0,0.0,0.0,0.0,34.11293767610026,0.0,0.0,250.0,0.0,0.0,0.0,0,0.0,1,300.0
67,2026-01-03 19:00:00+08:00,0,0,0,0,34.14869532359996,154.888786954032,62.20071457069055,0.0,0.0,0.0,0.0,34.14869532359996,0.0,0.0,250.0,0.0,0.0,0.0,0,0.0,1,300.0
68,2026-01-03 20:00:00+08:00,0,0,0,0,33.90016189720435,142.5019466589353,59.44760362341467,0.0,0.0,0.0,0.0,33.90016189720435,0.0,0.0,250.0,0.0,0.0,0.0,0,0.0,1,300.0
69,2026-01-03 21:00:00+08:00,0,0,0,0,34.39353649220352,139.79693291064223,56.90857819282847,0.0,0.0,0.0,0.0,34.39353649220352,0.0,0.0,250.0,0.0,0.0,0.0,0,0.0,1,300.0
70,2026-01-03 22:00:00+08:00,0,0,0,0,33.96418652498638,137.23753968536144,58.24449119359654,0.0,0.0,0.0,0.0,33.96418652498638,0.0,0.0,250.0,0.0,0.0,0.0,0,0.0,1,300.0
71,2026-01-03 23:00:00+08:00,0,0,0,0,33.489837618173006,139.62968580739027,52.22445807563456,0.0,0.0,0.0,0.0,33.489837618173006,0.0,0.0,250.0,0.0,0.0,0.0,0,0.0,1,300.0
72,2026-01-04 00:00:00+08:00,0,0,0,0,34.822572451656285,140.34843246967537,50.526688540902,0.0,0.0,0.0,0.0,34.822572451656285,0.0,0.0,250.0,0.0,0.0,0.0,0,0.0,1,300.0
73,2026-01-04 01:00:00+08:00,0,0,0,0,33.82229113926535,135.21017717285983,48.5416771224786,0.0,0.0,0.0,0.0,33.82229113926535,0.0,0.0,250.0,0.0,0.0,0.0,0,0.0,1,300.0
74,2026-01-04 02:00:00+08:00,0,0,0,0,35.880800267091466,138.1246264195569,50.033538337146126,0.0,0.0,0.0,0.0,35.880800267091466,0.0,0.0,250.0,0.0,0.0,0.0,0,0.0,1,300.0
75,2026-01-04 03:00:00+08:00,0,0,0,0,35.49701918223166,140.32712828351123,50.49841331108777,0.0,0.0,0.0,0.0,35.49701918223166,0.0,0.0,250.0,0.0,0.0,0.0,0,0.0,1,300.0
76,2026-01-04 04:00:00+08:00,0,0,0,0,34.74273902179469,142.05039606435912,53.154083494610184,0.0,0.0,0.0,0.0,34.74273902179469,0.0,0.0,250.0,0.0,0.0,0.0,0,0.0,1,300.0
77,2026-01-04 05:00:00+08:00,0,0,0,0,35.30388864402113,141.51843400044115,53.04470064564686,0.0,0.0,0.0,0.0,35.30388864402113,0.0,0.0,250.0,0.0,0.0,0.0,0,0.0,1,300.0
78,2026-01-04 06:00:00+08:00,0,0,0,0,37.65466668876038,144.19410514558325,53.76487473243635,0.0,0.0,0.0,0.0,37.65466668876038,0.0,0.0,250.0,0.0,0.0,0.0,0,0.0,1,300.0
79,2026-01-04 07:00:00+08:00,0,0,0,0,37.054403845655905,139.47004010223674,55.48217005046949,0.0,0.0,0.0,0.0,37.054403845655905,0.0,0.0,250.0,0.0,0.0,0.0,0,0.0,1,300.0
80,2026-01-04 08:00:00+08:00,0,0,0,0,36.59698910694777,153.3311769223844,57.71844404853162,0.0,0.0,0.0,0.0,36.59698910694777,0.0,0.0,250.0,0.0,0.0,0.0,0,0.0,1,300.0
81,2026-01-04 09:00:00+08:00,0,0,0,0,36.84858886549598,147.93767773228888,59.79941752653821,0.0,0.0,0.0,0.0,36.84858886549598,0.0,0.0,250.0,0.0,0.0,0.0,0,0.0,1,300.0
82,2026-01-04 10:00:00+08:00,0,0,0,0,37.84163431630451,158.30991943258223,61.27091523569264,0.0,0.0,0.0,0.0,37.84163431630451,0.0,0.0,250.0,0.0,0.0,0.0,0,0.0,1,300.0
83,2026-01-04 11:00:00+08:00,0,0,0,0,37.72353722129338,152.75170138550126,64.77484921972383,0.0,0.0,0.0,0.0,37.72353722129338,0.0,0.0,250.0,0.0,0.0,0.0,0,0.0,1,300.0
84,2026-01-04 12:00:00+08:00,0,0,0,0,37.20413100680889,156.59634755262587,67.14724655472608,0.0,0.0,0.0,0.0,37.20413100680889,0.0,0.0,250.0,0.0,0.0,0.0,0,0.0,1,300.0
85,2026-01-04 13:00:00+08:00,0,0,0,0,36.987204677443266,164.41203428804715,65.56188576714946,0.0,0.0,0.0,0.0,36.987204677443266,0.0,0.0,250.0,0.0,0.0,0.0,0,0.0,1,300.0
86,2026-01-04 14:00:00+08:00,0,0,0,0,36.53010266293113,157.55716042791872,66.26440043913665,0.0,0.0,0.0,0.0,36.53010266293113,0.0,0.0,250.0,0.0,0.0,0.0,0,0.0,1,300.0
87,2026-01-04 15:00:00+08:00,0,0,0,0,35.66048448068472,155.28686558805342,69.31358802058787,0.0,0.0,0.0,0.0,35.66048448068472,0.0,0.0,250.0,0.0,0.0,0.0,0,0.0,1,300.0
88,2026-01-04 16:00:00+08:00,0,0,0,0,34.55812626216353,151.52548677161153,67.2184748767499,0.0,0.0,0.0,0.0,34.55812626216353,0.0,0.0,250.0,0.0,0.0,0.0,0,0.0,1,300.0
89,2026-01-04 17:00:00+08:00,0,0,0,0,35.76463410821895,154.66126908162695,64.90239266120078,0.0,0.0,0.0,0.0,35.76463410821895,0.0,0.0,250.0,0.0,0.0,0.0,0,0.0,1,300.0
90,2026-01-04 18:00:00+08:00,0,0,0,0,34.54190104863505,150.86895529111464,63.97918717162522,0.0,0.0,0.0,0.0,34.54190104863505,0.0,0.0,250.0,0.0,0.0,0.0,0,0.0,1,300.0
91,2026-01-04 19:00:00+08:00,0,0,0,0,34.1255922365055,142.67171948466108,63.03992269077306,0.0,0.0,0.0,0.0,34.1255922365055,0.0,0.0,250.0,0.0,0.0,0.0,0,0.0,1,300.0
92,2026-01-04 20:00:00+08:00,0,0,0,0,32.823034821099704,152.3711973597719,55.73929434702249,0.0,0.0,0.0,0.0,32.823034821099704,0.0,0.0,250.0,0.0,0.0,0.0,0,0.0,1,300.0
93,2026-01-04 21:00:00+08:00,0,0,0,0,34.05942290542912,142.3356847619384,58.64944478019278,0.0,0.0,0.0,0.0,34.05942290542912,0.0,0.0,250.0,0.0,0.0,0.0,0,0.0,1,300.0
94,2026-01-04 22:00:00+08:00,0,0,0,0,33.17084107041073,140.98379440214035,57.22795145594855,0.0,0.0,0.0,0.0,33.17084107041073,0.0,0.0,250.0,0.0,0.0,0.0,0,0.0,1,300.0
95,2026-01-04 23:00:00+08:00,0,0,0,0,34.630491875239535,138.81461875104947,53.20090141882196,0.0,0.0,0.0,0.0,34.630491875239535,0.0,0.0,250.0,0.0,0.0,0.0,0,0.0,1,300.0
96,2026-01-05 00:00:00+08:00,0,0,0,0,34.457982393199934,137.02822471485098,54.433795070884486,0.0,0.0,0.0,0.0,34.457982393199934,0.0,0.0,250.0,0.0,0.0,0.0,0,0.0,1,300.0
97,2026-01-05 01:00:00+08:00,0,0,0,0,34.544173258013124,140.55185619162742,50.55987132593431,0.0,0.0,0.0,0.0,34.544173258013124,0.0,0.0,250.0,0.0,0.0,0.0,0,0.0,1,300.0
98,2026-01-05 02:00:00+08:00,0,0,0,0,34.49826428205738,139.54363162157782,50.371266334569334,0.0,0.0,0.0,0.0,34.49826428205738,0.0,0.0,250.0,0.0,0.0,0.0,0,0.0,1,300.0
99,2026-01-05 03:00:00+08:00,0,0,0,0,35.54637244441393,140.4117553538712,46.01741708949068,0.0,0.0,0.0,0.0,35.54637244441393,0.0,0.0,250.0,0.0,0.0,0.0,0,0.0,1,300.0
100,2026-01-05 04:00:00+08:00,0,0,0,0,36.05056661167235,140.94134578815263,50.903147147112556,0.0,0.0,0.0,0.0,36.05056661167235,0.0,0.0,250.0,0.0,0.0,0.0,0,0.0,1,300.0
101,2026-01-05 05:00:00+08:00,0,0,0,0,35.923513806216654,146.31525684098077,54.1092528951769,0.0,0.0,0.0,0.0,35.923513806216654,0.0,0.0,250.0,0.0,0.0,0.0,0,0.0,1,300.0
102,2026-01-05 06:00:00+08:00,0,0,0,0,36.969403533047476,148.5144926721664,56.75678637732305,0.0,0.0,0.0,0.0,36.969403533047476,0.0,0.0,250.0,0.0,0.0,0.0,0,0.0,1,300.0
103,2026-01-05 07:00:00+08:00,0,0,0,0,37.91860021851347,150.02892629216691,57.823163619733876,0.0,0.0,0.0,0.0,37.91860021851347,0.0,0.0,250.0,0.0,0.0,0.0,0,0.0,1,300.0
104,2026-01-05 08:00:00+08:00,0,0,0,0,38.23366042931252,149.48743475609848,60.144507835146065,0.0,0.0,0.0,0.0,38.23366042931252,0.0,0.0,250.0,0.0,0.0,0.0,0,0.0,1,300.0
105,2026-01-05 09:00:00+08:00,0,0,0,0,38.438790193133315,155.55838111284615,60.515286000606125,0.0,0.0,0.0,0.0,38.438790193133315,0.0,0.0,250.0,0.0,0.0,0.0,0,0.0,1,300.0
106,2026-01-05 10:00:00+08:00,0,0,0,0,37.742142572144665,152.42506601415442,66.16129877827441,0.0,0.0,0.0,0.0,37.742142572144665,0.0,0.0,250.0,0.0,0.0,0.0,0,0.0,1,300.0
107,2026-01-05 11:00:00+08:00,0,0,0,0,37.00649896944287,155.5033339028207,64.44445933408008,0.0,0.0,0.0,0.0,37.00649896944287,0.0,0.0,250.0,0.0,0.0,0.0,0,0.0,1,300.0
108,2026-01-05 12:00:00+08:00,0,0,0,0,36.847587755014466,161.3494936992645,64.24302938121599,0.0,0.0,0.0,0.0,36.847587755014466,0.0,0.0,250.0,0.0,0.0,0.0,0,0.0,1,300.0
109,2026-01-05 13:00:00+08:00,0,0,0,0,37.22123981178736,157.42843632566147,69.41883158562109,0.0,0.0,0.0,0.0,37.22123981178736,0.0,0.0,250.0,0.0,0.0,0.0,0,0.0,1,300.0
110,2026-01-05 14:00:00+08:00,0,0,0,0,35.36478685273977,152.60858181956738,65.60059935585038,0.0,0.0,0.0,0.0,35.36478685273977,0.0,0.0,250.0,0.0,0.0,0.0,0,0.0,1,300.0
111,2026-01-05 15:00:00+08:00,0,0,0,0,35.07204936214318,159.8965453913506,63.609736157402295,0.0,0.0,0.0,0.0,35.07204936214318,0.0,0.0,250.0,0.0,0.0,0.0,0,0.0,1,300.0
112,2026-01-05 16:00:00+08:00,0,0,0,0,35.130021564733276,155.71987678817214,68.13245899714359,0.0,0.0,0.0,0.0,35.130021564733276,0.0,0.0,250.0,0.0,0.0,0.0,0,0.0,1,300.0
113,2026-01-05 17:00:00+08:00,0,0,0,0,35.073691528040406,150.82884478661745,64.84556938729732,0.0,0.0,0.0,0.0,35.073691528040406,0.0,0.0,250.0,0.0,0.0,0.0,0,0.0,1,300.0
114,2026-01-05 18:00:00+08:00,0,0,0,0,34.18318625861385,150.09118044461985,64.09788049150232,0.0,0.0,0.0,0.0,34.18318625861385,0.0,0.0,250.0,0.0,0.0,0.0,0,0.0,1,300.0
115,2026-01-05 19:00:00+08:00,0,0,0,0,32.88638446112927,146.85059150487555,63.201071861658995,0.0,0.0,0.0,0.0,32.88638446112927,0.0,0.0,250.0,0.0,0.0,0.0,0,0.0,1,300.0
116,2026-01-05 20:00:00+08:00,0,0,0,0,33.49238675283354,147.4864523352662,54.78165012844566,0.0,0.0,0.0,0.0,33.49238675283354,0.0,0.0,250.0,0.0,0.0,0.0,0,0.0,1,300.0
117,2026-01-05 21:00:00+08:00,0,0,0,0,33.55115786840033,149.4275469731598,57.02907520702577,0.0,0.0,0.0,0.0,33.55115786840033,0.0,0.0,250.0,0.0,0.0,0.0,0,0.0,1,300.0
118,2026-01-05 22:00:00+08:00,0,0,0,0,32.25242473824821,144.48814498341432,53.721208215145246,0.0,0.0,0.0,0.0,32.25242473824821,0.0,0.0,250.0,0.0,0.0,0.0,0,0.0,1,300.0
119,2026-01-05 23:00:00+08:00,0,0,0,0,33.56529413841534,141.74013421493197,55.23011283343484,0.0,0.0,0.0,0.0,33.56529413841534,0.0,0.0,250.0,0.0,0.0,0.0,0,0.0,1,300.0
120,2026-01-06 00:00:00+08:00,0,0,0,0,32.839718243103675,136.9199519138391,51.3845343409383,0.0,0.0,0.0,0.0,32.839718243103675,0.0,0.0,250.0,0.0,0.0,0.0,0,0.0,1,300.0
121,2026-01-06 01:00:00+08:00,0,0,0,0,34.23573261634277,133.08822651113854,50.62658795797084,0.0,0.0,0.0,0.0,34.23573261634277,0.0,0.0,250.0,0.0,0.0,0.0,0,0.0,1,300.0
122,2026-01-06 02:00:00+08:00,0,0,0,0,35.675757375949985,133.8041187766137,50.38894873899277,0.0,0.0,0.0,0.0,35.675757375949985,0.0,0.0,250.0,0.0,0.0,0.0,0,0.0,1,300.0
123,2026-01-06 03:00:00+08:00,0,0,0,0,36.02905760123359,136.26000607443555,49.36807930239152,0.0,0.0,0.0,0.0,36.02905760123359,0.0,0.0,250.0,0.0,0.0,0.0,0,0.0,1,300.0
124,2026-01-06 04:00:00+08:00,0,0,0,0,36.96839732793401,145.6566564427424,51.11792456043705,0.0,0.0,0.0,0.0,36.96839732793401,0.0,0.0,250.0,0.0,0.0,0.0,0,0.0,1,300.0
125,2026-01-06 05:00:00+08:00,0,0,0,0,37.22835937734415,141.76114529461736,49.838980648520746,0.0,0.0,0.0,0.0,37.22835937734415,0.0,0.0,250.0,0.0,0.0,0.0,0,0.0,1,300.0
126,2026-01-06 06:00:00+08:00,0,0,0,0,37.81690985171665,146.34184151531863,53.993677775543304,0.0,0.0,0.0,0.0,37.81690985171665,0.0,0.0,250.0,0.0,0.0,0.0,0,0.0,1,300.0
127,2026-01-06 07:00:00+08:00,0,0,0,0,37.93201039676654,146.135871120728,53.42294892092474,0.0,0.0,0.0,0.0,37.93201039676654,0.0,0.0,250.0,0.0,0.0,0.0,0,0.0,1,300.0
128,2026-01-06 08:00:00+08:00,0,0,0,0,37.48228153241321,147.8881080014308,57.21224380053388,0.0,0.0,0.0,0.0,37.48228153241321,0.0,0.0,250.0,0.0,0.0,0.0,0,0.0,1,300.0
129,2026-01-06 09:00:00+08:00,0,0,0,0,37.128519020891744,150.8445152617085,60.76878842530776,0.0,0.0,0.0,0.0,37.128519020891744,0.0,0.0,250.0,0.0,0.0,0.0,0,0.0,1,300.0
130,2026-01-06 10:00:00+08:00,0,0,0,0,35.68550122772075,157.33234257288757,60.81839351571886,0.0,0.0,0.0,0.0,35.68550122772075,0.0,0.0,250.0,0.0,0.0,0.0,0,0.0,1,300.0
131,2026-01-06 11:00:00+08:00,0,0,0,0,38.122920705986566,153.12414783306755,64.816934395859,0.0,0.0,0.0,0.0,38.122920705986566,0.0,0.0,250.0,0.0,0.0,0.0,0,0.0,1,300.0
132,2026-01-06 12:00:00+08:00,0,0,0,0,37.89507056971515,156.8660962458478,65.38192177817189,0.0,0.0,0.0,0.0,37.89507056971515,0.0,0.0,250.0,0.0,0.0,0.0,0,0.0,1,300.0
133,2026-01-06 13:00:00+08:00,0,0,0,0,36.28567081069917,153.9040250330326,65.15808132801178,0.0,0.0,0.0,0.0,36.28567081069917,0.0,0.0,250.0,0.0,0.0,0.0,0,0.0,1,300.0
134,2026-01-06 14:00:00+08:00,0,0,0,0,36.86477469680657,157.23460722553216,68.37646203982104,0.0,0.0,0.0,0.0,36.86477469680657,0.0,0.0,250.0,0.0,0.0,0.0,0,0.0,1,300.0
135,2026-01-06 15:00:00+08:00,0,0,0,0,35.793552488847425,158.88096364254415,67.0100357147835,0.0,0.0,0.0,0.0,35.793552488847425,0.0,0.0,250.0,0.0,0.0,0.0,0,0.0,1,300.0
136,2026-01-06 16:00:00+08:00,0,0,0,0,36.00337041271209,152.96272174437794,66.03426342260583,0.0,0.0,0.0,0.0,36.00337041271209,0.0,0.0,250.0,0.0,0.0,0.0,0,0.0,1,300.0
137,2026-01-06 17:00:00+08:00,0,0,0,0,34.325861107947695,155.19115712855213,67.9678199736724,0.0,0.0,0.0,0.0,34.325861107947695,0.0,0.0,250.0,0.0,0.0,0.0,0,0.0,1,300.0
138,2026-01-06 18:00:00+08:00,0,0,0,0,33.65984120739009,154.09130433374884,66.00650029295147,0.0,0.0,0.0,0.0,33.65984120739009,0.0,0.0,250.0,0.0,0.0,0.0,0,0.0,1,300.0
139,2026-01-06 19:00:00+08:00,0,0,0,0,33.97001621168739,146.5048892716502,60.70715389478162,0.0,0.0,0.0,0.0,33.97001621168739,0.0,0.0,250.0,0.0,0.0,0.0,0,0.0,1,300.0
140,2026-01-06 20:00:00+08:00,0,0,0,0,33.67440033179031,146.29137253335233,60.44811463074105,0.0,0.0,0.0,0.0,33.67440033179031,0.0,0.0,250.0,0.0,0.0,0.0,0,0.0,1,300.0
141,2026-01-06 21:00:00+08:00,0,0,0,0,32.4569910016702,142.49354860815103,60.057029459469135,0.0,0.0,0.0,0.0,32.4569910016702,0.0,0.0,250.0,0.0,0.0,0.0,0,0.0,1,300.0
142,2026-01-06 22:00:00+08:00,0,0,0,0,32.69667341740195,142.95754019047908,53.64755615465383,0.0,0.0,0.0,0.0,32.69667341740195,0.0,0.0,250.0,0.0,0.0,0.0,0,0.0,1,300.0
143,2026-01-06 23:00:00+08:00,0,0,0,0,33.841915508888896,140.96611580330716,56.82247641609491,0.0,0.0,0.0,0.0,33.841915508888896,0.0,0.0,250.0,0.0,0.0,0.0,0,0.0,1,300.0
144,2026-01-07 00:00:00+08:00,0,0,0,0,34.38511587595343,138.24895066562416,51.63003490757811,0.0,0.0,0.0,0.0,34.38511587595343,0.0,0.0,250.0,0.0,0.0,0.0,0,0.0,1,300.0
145,2026-01-07 01:00:00+08:00,1,0,0,0,33.20218373814261,138.7340952933069,50.710647597476225,0.0,0.0,0.0,0.0,33.20218373814261,0.0,0.0,250.0,0.0,138.7340952933069,50.710647597476225,0,0.0,1,300.0
146,2026-01-07 02:00:00+08:00,1,0,0,0,35.82354851766932,134.81407203793626,51.25024100302556,0.0,0.0,0.0,0.0,35.82354851766932,0.0,0.0,250.0,0.0,134.81407203793626,51.25024100302556,0,0.0,1,300.0
147,2026-01-07 03:00:00+08:00,1,0,0,0,36.25851142837798,140.99845367468183,51.36269241670897,0.0,0.0,0.0,0.0,36.25851142837798,0.0,0.0,250.0,0.0,140.99845367468183,51.36269241670897,0,0.0,1,300.0
148,2026-01-07 04:00:00+08:00,1,0,0,0,37.00359270654554,141.55067921615597,52.931608579919896,0.0,0.0,0.0,0.0,37.00359270654554,0.0,0.0,250.0,0.0,141.55067921615597,52.931608579919896,0,0.0,1,300.0
149,2026-01-07 05:00:00+08:00,1,0,0,0,36.98446799422372,145.48834904303422,53.852714875477545,0.0,0.0,0.0,0.0,36.98446799422372,0.0,0.0,250.0,0.0,145.48834904303422,53.852714875477545,0,0.0,1,300.0
150,2026-01-07 06:00:00+08:00,1,0,0,0,37.36312080165954,144.20305012138326,54.55098178890533,0.0,0.0,0.0,0.0,37.36312080165954,0.0,0.0,250.0,0.0,144.20305012138326,54.55098178890533,0,0.0,1,300.0
151,2026-01-07 07:00:00+08:00,1,0,0,0,36.274506106350074,149.0505024071887,56.368775105099076,0.0,0.0,0.0,0.0,36.274506106350074,0.0,0.0,250.0,0.0,149.0505024071887,56.368775105099076,0,0.0,1,300.0
152,2026-01-07 08:00:00+08:00,1,0,0,0,37.31220901108679,155.03407371827126,56.59330284660258,0.0,0.0,0.0,0.0,37.31220901108679,0.0,0.0,250.0,0.0,155.03407371827126,56.59330284660258,0,0.0,1,300.0
153,2026-01-07 09:00:00+08:00,1,0,0,0,36.691424982659946,151.73357521119635,59.46365660090444,0.0,0.0,0.0,0.0,36.691424982659946,0.0,0.0,250.0,0.0,151.73357521119635,59.46365660090444,0,0.0,1,300.0
154,2026-01-07 10:00:00+08:00,1,0,0,0,37.07434812430309,154.98600637729248,59.818561805664075,0.0,0.0,0.0,0.0,37.07434812430309,0.0,0.0,250.0,0.0,154.98600637729248,59.818561805664075,0,0.0,1,300.0
155,2026-01-07 11:00:00+08:00,1,0,0,0,37.546346603751694,152.98937104312765,64.60553334853324,0.0,0.0,0.0,0.0,37.546346603751694,0.0,0.0,250.0,0.0,152.98937104312765,64.60553334853324,0,0.0,1,300.0
156,2026-01-07 12:00:00+08:00,1,0,0,0,38.58948659112125,156.5172345595106,69.9573739660378,0.0,0.0,0.0,0.0,38.58948659112125,0.0,0.0,250.0,0.0,156.5172345595106,69.9573739660378,0,0.0,1,300.0
157,2026-01-07 13:00:00+08:00,1,0,0,0,35.94265756455983,160.4675272226524,68.5769870760133,0.0,0.0,0.0,0.0,35.94265756455983,0.0,0.0,250.0,0.0,160.4675272226524,68.5769870760133,0,0.0,1,300.0
158,2026-01-07 14:00:00+08:00,0,0,0,0,35.03503357315332,156.6369500172188,67.48574585645217,0.0,0.0,0.0,0.0,35.03503357315332,0.0,0.0,250.0,0.0,0.0,0.0,0,0.0,1,300.0
159,2026-01-07 15:00:00+08:00,0,0,0,0,35.12810427615374,152.28740571749577,65.83490628420796,0.0,0.0,0.0,0.0,35.12810427615374,0.0,0.0,250.0,0.0,0.0,0.0,0,0.0,1,300.0
160,2026-01-07 16:00:00+08:00,0,0,0,0,34.63276008765967,158.1004631001814,64.93706245087182,0.0,0.0,0.0,0.0,34.63276008765967,0.0,0.0,250.0,0.0,0.0,0.0,0,0.0,1,300.0
161,2026-01-07 17:00:00+08:00,0,0,0,0,33.753685060734604,153.63845711017245,65.32153681624803,0.0,0.0,0.0,0.0,33.753685060734604,0.0,0.0,250.0,0.0,0.0,0.0,0,0.0,1,300.0
162,2026-01-07 18:00:00+08:00,0,0,0,0,34.40448812274988,142.59027514884232,65.72440159492291,0.0,0.0,0.0,0.0,34.40448812274988,0.0,0.0,250.0,0.0,0.0,0.0,0,0.0,1,300.0
163,2026-01-07 19:00:00+08:00,0,0,0,0,34.48171461285483,146.85018863676157,64.15537334706474,0.0,0.0,0.0,0.0,34.48171461285483,0.0,0.0,250.0,0.0,0.0,0.0,0,0.0,1,300.0
164,2026-01-07 20:00:00+08:00,0,0,0,0,33.1531531590662,143.07518667727217,59.880448971973124,0.0,0.0,0.0,0.0,33.1531531590662,0.0,0.0,250.0,0.0,0.0,0.0,0,0.0,1,300.0
165,2026-01-07 21:00:00+08:00,0,0,0,0,33.412819371974386,137.97601657303787,56.674667579652706,0.0,0.0,0.0,0.0,33.412819371974386,0.0,0.0,250.0,0.0,0.0,0.0,0,0.0,1,300.0
166,2026-01-07 22:00:00+08:00,0,0,0,0,33.72540663784156,137.60959720690047,54.7316894150048,0.0,0.0,0.0,0.0,33.72540663784156,0.0,0.0,250.0,0.0,0.0,0.0,0,0.0,1,300.0
167,2026-01-07 23:00:00+08:00,0,0,0,0,33.30277870566857,141.7373137253511,53.006759520860435,0.0,0.0,0.0,0.0,33.30277870566857,0.0,0.0,250.0,0.0,0.0,0.0,0,0.0,1,300.0
