timestamp,core_kw,rigid_kw,flex_interruptible_kw,flex_shiftable_kw,load_total_kw,ambient_c,wind_clean_pu,pv_pu,extreme_weather,weather_risk
2026-01-01 00:00:00+08:00,33.411546361038496,139.12222987669813,29.544417901957097,24.0,226.07819413969372,15.822367505101623,0.05412874039221311,0.0,0,0
2026-01-01 01:00:00+08:00,33.92019954389802,138.1700609147176,28.807337829124872,23.17157287525381,224.06917116299428,15.041070133221329,0.32841736503832014,0.0,0,0
2026-01-01 02:00:00+08:00,35.72660753742023,135.50129797063593,26.753177625079875,22.535898384862247,220.51698151799826,13.460822470721185,0.4476719392044401,0.0,0,0
2026-01-01 03:00:00+08:00,36.595312265310376,137.68513378588563,27.81424224615327,22.136296694843725,224.23098499219302,12.207448394304093,0.39392719415015565,0.0,0,0
2026-01-01 04:00:00+08:00,35.22353664701472,139.3112363947408,28.633128595996315,22.0,225.16790163775184,12.39977925413203,0.2896772197709741,0.0,0,0
2026-01-01 05:00:00+08:00,36.26241093196051,142.26841792377718,32.00092419513026,22.136296694843725,232.6680497457117,12.23660216894941,0.5518548368227746,0.0,0,0
2026-01-01 06:00:00+08:00,35.50501855791822,147.96266211219574,30.639591322259168,22.535898384862247,236.64317037723538,8.907828805782302,0.3370232529240098,0.0,0,0
2026-01-01 07:00:00+08:00,37.70229487090549,147.11250431452243,36.220040973104155,23.17157287525381,244.20641303378588,11.435761907683336,0.36952192131458944,0.237589217707745,0,0
2026-01-01 08:00:00+08:00,37.95648853941104,158.1577311861243,33.6161651937217,24.0,253.73038491925706,11.540499090619528,0.23609430118275385,0.45900407816468003,0,0
2026-01-01 09:00:00+08:00,38.57871372412155,155.01128081542996,37.11112617928246,24.964723819589917,255.66584453842387,11.53463906941353,0.15202018495384548,0.6491537043676463,0,0
2026-01-01 10:00:00+08:00,37.47160819965532,155.35087611522698,39.82513324341857,26.0,258.6476175583009,12.605155311880141,0.4860288700110336,0.7812655188194441,0,0
2026-01-01 11:00:00+08:00,38.5520189562758,154.0832380737879,36.809260886531334,27.035276180410083,256.47979409700514,13.19260246762565,0.2538299231669325,0.8242602975194634,0,0
2026-01-01 12:00:00+08:00,35.26345131606399,157.4023446296606,36.93636703062631,28.0,257.6021629763509,10.951237042823344,0.25233358489987384,0.8792860890466953,0,0
2026-01-01 13:00:00+08:00,35.684026713554964,159.26573856860188,38.81997642519193,28.82842712474619,262.598168832095,15.050981638658614,0.08455625702314337,0.7485742340511045,0,0
2026-01-01 14:00:00+08:00,35.76916992418019,154.2046003759351,40.17761656260436,29.464101615137753,259.6154884778574,16.433956769497872,0.15947624070226576,0.7951928761272323,0,0
2026-01-01 15:00:00+08:00,34.956323296968215,156.87417688987895,37.59273160664725,29.86370330515627,259.2869350986507,14.127161555014414,0.2584661517315102,0.6321851229778467,0,0
2026-01-01 16:00:00+08:00,34.32801244494297,154.35816287537114,36.70297862757823,30.0,255.38915394789234,14.464111445850095,0.2734811603199031,0.35252084048004606,0,0
2026-01-01 17:00:00+08:00,34.070083916742824,154.16492495324263,35.885541518126516,29.86370330515627,253.98425369326822,13.976826057735536,0.2854849830462283,0.21550002187438938,0,0
2026-01-01 18:00:00+08:00,32.386985533931885,153.82921179540446,32.00563568386272,29.464101615137757,247.68593462833684,13.608378681269357,0.49947285184742174,1.1246446903005584e-16,0,0
2026-01-01 19:00:00+08:00,35.53210242920018,149.53908340826834,36.146655823558575,28.82842712474619,250.0462687857733,15.034941680344856,0.25713842381295265,0.0,0,0
2026-01-01 20:00:00+08:00,32.773681392566786,145.86881894248634,30.28614484147539,28.0,236.9286451765285,14.981036515335754,0.3856052554439467,0.0,0,0
2026-01-01 21:00:00+08:00,32.834027765927544,148.43535275792894,32.92967935699097,27.035276180410083,241.23433606125752,16.386122331106616,0.30956737367917897,0.0,0,0
2026-01-01 22:00:00+08:00,33.77838813498241,139.76516734025694,25.510192169127798,26.0,225.05374764436715,15.245194099140592,0.4274271563985405,0.0,0,0
2026-01-01 23:00:00+08:00,32.789376552705065,137.8034164464324,29.42029847876399,24.964723819589917,224.9778152974914,15.97788771048813,0.36658825105196685,0.0,0,0
2026-01-02 00:00:00+08:00,34.55980176309638,135.05808129841995,29.636009582301494,24.0,223.2538926438178,15.997055688582591,0.29663663560919473,0.0,0,0
2026-01-02 01:00:00+08:00,35.43541075126437,137.5052836569855,30.367290774778386,23.17157287525381,226.4795580582821,12.627056705222595,0.3540490424773178,0.0,0,0
2026-01-02 02:00:00+08:00,34.21816956541187,139.29581508118795,26.757047283373474,22.535898384862247,222.80693031483554,11.896321693973789,0.3738182517084042,0.0,0,0
2026-01-02 03:00:00+08:00,34.892861496852944,140.4588897886201,29.38860471558469,22.136296694843725,226.87665269590144,12.217052417076262,0.15578653572914775,0.0,0,0
2026-01-02 04:00:00+08:00,34.894001854539695,141.46538574619015,30.19922512754795,22.0,228.5586127282778,11.274569320268801,0.666106538818937,0.0,0,0
2026-01-02 05:00:00+08:00,35.66514424594966,139.4958689916196,32.953559662626965,22.136296694843725,230.25086959503994,9.9633629039146,0.5565220813790337,0.0,0,0
2026-01-02 06:00:00+08:00,35.780446926339856,144.25120147887492,31.98150017765296,22.535898384862247,234.54904696773,12.072490538391897,0.1680216466179617,0.0,0,0
2026-01-02 07:00:00+08:00,37.79405625664713,148.1150671126986,32.369810419357435,23.17157287525381,241.450506663957,9.19638554060928,0.2282416663532745,0.22061283503341442,0,0
2026-01-02 08:00:00+08:00,38.080435781430964,153.03759986194675,32.81841143162595,24.0,247.93644707500366,11.681585804599639,0.5351505113516486,0.43771464036068036,0,0
2026-01-02 09:00:00+08:00,38.06004830848629,154.11217596207655,33.84093222790444,24.964723819589917,250.97788031805717,11.430256209953757,0.4369999212875347,0.5583423081346186,0,0
2026-01-02 10:00:00+08:00,37.10208064342407,158.95217397317774,34.16385885040759,26.0,256.2181134670094,14.143888055566931,0.4431768647918972,0.7756098847241989,0,0
2026-01-02 11:00:00+08:00,36.51645936349417,155.66906226710893,37.33890985066969,27.035276180410083,256.55970766168286,9.164125372659267,0.2198612927603831,0.883328026726698,0,0
2026-01-02 12:00:00+08:00,36.76141208788253,154.88292965260447,39.73829063169125,28.0,259.38263237217825,12.752062812576803,0.48336367963476884,0.8939617781822761,0,0
2026-01-02 13:00:00+08:00,36.58920797273794,155.24170841486307,37.5506338628879,28.82842712474619,258.2099773752351,11.224099167824917,0.5183073172956857,0.8552184953237949,0,0
2026-01-02 14:00:00+08:00,34.94542834351453,154.11167404842365,37.95322615259184,29.464101615137753,256.47443015966775,12.689447804882755,0.3707815284182093,0.7958614266380932,0,0
2026-01-02 15:00:00+08:00,36.235524914153984,153.74121036321984,40.48716462178504,29.86370330515627,260.32760320431515,13.533741759891804,0.11810491226978254,0.649840042788168,0,0
2026-01-02 16:00:00+08:00,35.08189770089425,158.18727064696787,35.687540189423714,30.0,258.95670853728586,14.778096681696391,0.2117382148757708,0.3920046147355852,0,0
2026-01-02 17:00:00+08:00,35.264583264865806,155.6035566794233,37.18173731762202,29.86370330515627,257.9135805670674,15.698238067232506,0.33074416704255494,0.2032844395603809,0,0
2026-01-02 18:00:00+08:00,34.166376470771525,146.34182378891475,34.33054109833429,29.464101615137757,244.30284297315833,16.415719306253184,0.48237764674200784,1.1255789792190577e-16,0,0
2026-01-02 19:00:00+08:00,34.32489849064504,141.78719235661134,34.6475427866563,28.82842712474619,239.58806075865888,16.301967085434608,0.3190376474218173,0.0,0,0
2026-01-02 20:00:00+08:00,33.963023783374574,146.89106702378314,33.204073315677746,28.0,242.05816412283548,16.66951977470487,0.2871148555455523,0.0,0,0
2026-01-02 21:00:00+08:00,33.126759768724334,144.3249098358276,28.98457326290382,27.035276180410083,233.47151904786583,15.03383045565671,0.2740741973442828,0.0,0,0
2026-01-02 22:00:00+08:00,33.302108132276295,143.00532395432953,29.000701158461176,26.0,231.30813324506698,16.00572415434109,0.18214791337106215,0.0,0,0
2026-01-02 23:00:00+08:00,33.78856133043819,135.01424204431424,30.263982298432648,24.964723819589917,224.031509492775,14.53848212036101,0.22749270963763174,0.0,0,0
2026-01-03 00:00:00+08:00,33.97957278931659,139.77798932165402,29.94205739554044,24.0,227.69961950651106,15.131287817972055,0.32690641859219266,0.0,0,0
2026-01-03 01:00:00+08:00,34.050721036759356,136.6038153923407,28.312709964344712,23.17157287525381,222.1388192686986,11.304206980464404,0.2730579711146886,0.0,0,0
2026-01-03 02:00:00+08:00,34.130167784706565,134.69653579115064,26.61878236814249,22.535898384862247,217.98138432886194,12.260107419583658,0.2530171660756774,0.0,0,0
2026-01-03 03:00:00+08:00,35.946219916310405,140.33449159599377,27.98601178408487,22.136296694843725,226.40301999123278,13.750788279625267,0.4411502449173157,0.0,0,0
2026-01-03 04:00:00+08:00,35.09999258170616,140.86544343666512,30.384249727135522,22.0,228.3496857455068,14.340187279948614,0.3290234230924842,0.0,0,0
2026-01-03 05:00:00+08:00,36.28669808015367,143.6487126587976,30.688260349520704,22.136296694843725,232.7599677833157,13.599336689954322,0.17896481910775686,0.0,0,0
2026-01-03 06:00:00+08:00,37.31327511694592,147.56798949193595,31.563568906451223,22.535898384862247,238.9807319001953,11.707379846216309,0.2578995617540502,0.0,0,0
2026-01-03 07:00:00+08:00,36.82712997413741,145.5666882881586,33.23918905070277,23.17157287525381,238.8045801882526,13.460730298559149,0.6285520312704009,0.20382194925205005,0,0
2026-01-03 08:00:00+08:00,37.46075312304026,149.81095598747254,38.644202331461464,24.0,249.91591144197426,11.739008755974828,0.3799349214111977,0.42228865010920746,0,0
2026-01-03 09:00:00+08:00,37.685873937727195,153.77887749147902,34.92781953045501,24.964723819589917,251.35729477925113,10.566464739536121,0.22704413286209144,0.543906483893289,0,0
2026-01-03 10:00:00+08:00,37.24742799842399,155.39596393215575,35.991548932771785,26.0,254.63494086335155,12.6422132233371,0.15136858179758783,0.7963824940041536,0,0
2026-01-03 11:00:00+08:00,37.989604545568916,156.83623026551976,35.90409456613162,27.035276180410083,257.7652055576304,13.28835439594185,0.2653634784701244,0.8085970778981817,0,0
2026-01-03 12:00:00+08:00,37.124058606464736,157.61668205009548,34.77118861417605,28.0,257.51192927073623,10.756945328598391,0.11997146619351658,0.9196413751348873,0,0
2026-01-03 13:00:00+08:00,37.20041065129783,155.57374349518028,37.967674747158114,28.82842712474619,259.57025601838245,12.461873878434382,0.4069901894983557,0.8316656411906019,0,0
2026-01-03 14:00:00+08:00,36.295812480406205,150.03094196091945,36.336506487009444,29.464101615137753,252.12736254347286,15.702058608337119,0.29911376291125924,0.7382765565352186,0,0
2026-01-03 15:00:00+08:00,34.67365670293519,154.61654218735896,35.21169195054004,29.86370330515627,254.36559414599049,15.030168732060377,0.3382796125047555,0.6289311047367536,0,0
2026-01-03 16:00:00+08:00,35.14085235079891,155.06054986015593,38.921366584703534,30.0,259.1227687956584,14.408664804871012,0.3515913416528745,0.37593986309262056,0,0
2026-01-03 17:00:00+08:00,33.86223300991881,153.69746554966554,34.42964857585938,29.86370330515627,251.8530504406,13.668275902375335,0.31797726376862767,0.23805785312090696,0,0
2026-01-03 18:00:00+08:00,34.11293767610026,149.23609950992335,34.28273306673014,29.464101615137757,247.09587186789153,14.75587905764148,0.2580725159045894,9.438821164319044e-17,0,0
2026-01-03 19:00:00+08:00,34.14869532359996,154.888786954032,33.37228744594436,28.82842712474619,251.2381968483225,19.669720157445322,0.3549151331949383,0.0,0,0
2026-01-03 20:00:00+08:00,33.90016189720435,142.5019466589353,31.447603623414672,28.0,235.84971217955433,16.433128017683437,0.3990390635858154,0.0,0,0
2026-01-03 21:00:00+08:00,34.39353649220352,139.79693291064223,29.873302012418392,27.035276180410083,231.0990475956742,15.703492632166473,0.14202669672357648,0.0,0,0
2026-01-03 22:00:00+08:00,33.96418652498638,137.23753968536144,32.24449119359654,26.0,229.44621740394436,15.134487680250578,0.12643454091708023,0.0,0,0
2026-01-03 23:00:00+08:00,33.489837618173006,139.62968580739027,27.259734256044645,24.964723819589917,225.34398150119785,15.54894258364345,0.24245106042699124,0.0,0,0
2026-01-04 00:00:00+08:00,34.822572451656285,140.34843246967537,26.526688540902004,24.0,225.69769346223364,13.202252818482926,0.4438461565289465,0.0,0,0
2026-01-04 01:00:00+08:00,33.82229113926535,135.21017717285983,25.3701042472248,23.17157287525381,217.5741454346038,10.449817996901103,0.3526177813818624,0.0,0,0
2026-01-04 02:00:00+08:00,35.880800267091466,138.1246264195569,27.497639952283883,22.535898384862247,224.0389650237945,14.11576329565938,0.2076226290670643,0.0,0,0
2026-01-04 03:00:00+08:00,35.49701918223166,140.32712828351123,28.362116616244048,22.136296694843725,226.32256077683067,13.742261963545825,0.707040544739986,0.0,0,0
2026-01-04 04:00:00+08:00,34.74273902179469,142.05039606435912,31.154083494610184,22.0,229.947218580764,10.939998193400122,0.38295657040376074,0.0,0,0
2026-01-04 05:00:00+08:00,35.30388864402113,141.51843400044115,30.908403950803137,22.136296694843725,229.86702329010916,11.252145293490317,0.2125044617759125,0.0,0,0
2026-01-04 06:00:00+08:00,37.65466668876038,144.19410514558325,31.2289763475741,22.535898384862247,235.61364656677998,11.027244960600878,0.36092905884899573,0.0,0,0
2026-01-04 07:00:00+08:00,37.054403845655905,139.47004010223674,32.31059717521568,23.17157287525381,232.00661399836216,11.464056232254284,0.16019637708236345,0.22058220843983317,0,0
2026-01-04 08:00:00+08:00,36.59698910694777,153.3311769223844,33.71844404853162,24.0,247.64661007786378,11.809108616420193,0.32802262296610024,0.41624750803952876,0,0
2026-01-04 09:00:00+08:00,36.84858886549598,147.93767773228888,34.834693706948286,24.964723819589917,244.58568412432305,9.007083648091719,0.4122957357904093,0.6094144104197935,0,0
2026-01-04 10:00:00+08:00,37.84163431630451,158.30991943258223,35.27091523569264,26.0,257.4224689845794,11.151882144824194,0.3147168162849396,0.6917374780641787,0,0
2026-01-04 11:00:00+08:00,37.72353722129338,152.75170138550126,37.73957303931375,27.035276180410083,255.25008782651847,12.620911399146452,0.4408355125111294,0.7932191215677664,0,0
2026-01-04 12:00:00+08:00,37.20413100680889,156.59634755262587,39.14724655472608,28.0,260.94772511416085,12.008863537932392,0.108487701093181,0.8935872928980424,0,0
2026-01-04 13:00:00+08:00,36.987204677443266,164.41203428804715,36.73345864240327,28.82842712474619,266.96112473263986,13.131468597923057,0.4227966272443518,0.8889756206119117,0,0
2026-01-04 14:00:00+08:00,36.53010266293113,157.55716042791872,36.8002988239989,29.464101615137753,260.35166352998647,12.138669563767383,0.32270878365461686,0.6914512118074022,0,0
2026-01-04 15:00:00+08:00,35.66048448068472,155.28686558805342,39.449884715431594,29.86370330515627,260.260938089326,12.594831676816574,0.38787588597563255,0.650812756127772,0,0
2026-01-04 16:00:00+08:00,34.55812626216353,151.52548677161153,37.21847487674989,30.0,253.30208791052496,15.592087324850931,0.3062496264114261,0.4382807919275802,0,0
2026-01-04 17:00:00+08:00,35.76463410821895,154.66126908162695,35.03868935604451,29.86370330515627,255.32829585104668,11.430375548049954,0.34209974419694184,0.21535274028466692,0,0
2026-01-04 18:00:00+08:00,34.54190104863505,150.86895529111464,34.51508555648746,29.464101615137757,249.39004351137493,15.457225254290929,0.2526686256823064,9.835878424561889e-17,0,0
2026-01-04 19:00:00+08:00,34.1255922365055,142.67171948466108,34.21149556602687,28.82842712474619,239.83723441193965,15.039066957786078,0.3096140448041008,0.0,0,0
2026-01-04 20:00:00+08:00,32.823034821099704,152.3711973597719,27.739294347022497,28.0,240.93352652789412,14.277149748983078,0.28072278815030227,0.0,0,0
2026-01-04 21:00:00+08:00,34.05942290542912,142.3356847619384,31.614168599782698,27.035276180410083,235.0445524475603,14.647589191066924,0.30830955537900817,0.0,0,0
2026-01-04 22:00:00+08:00,33.17084107041073,140.98379440214035,31.22795145594855,26.0,231.38258692849965,15.277612488151574,0.24586703547200683,0.0,0,0
2026-01-04 23:00:00+08:00,34.630491875239535,138.81461875104947,28.236177599232043,24.964723819589917,226.64601204511095,16.726508294035046,0.2411635326132676,0.0,0,0
2026-01-05 00:00:00+08:00,34.457982393199934,137.02822471485098,30.433795070884486,24.0,225.9200021789354,15.256697176779188,0.47317197923008986,0.0,0,0
2026-01-05 01:00:00+08:00,34.544173258013124,140.55185619162742,27.3882984506805,23.17157287525381,225.65590077557488,15.270269649023195,0.4831547557790105,0.0,0,0
2026-01-05 02:00:00+08:00,34.49826428205738,139.54363162157782,27.835367949707088,22.535898384862247,224.4131622382045,12.236202462880943,0.362330223629917,0.0,0,0
2026-01-05 03:00:00+08:00,35.54637244441393,140.4117553538712,23.88112039464695,22.136296694843725,221.97554488777584,12.206569777597414,0.3681906718774904,0.0,0,0
2026-01-05 04:00:00+08:00,36.05056661167235,140.94134578815263,28.903147147112556,22.0,227.89505954693752,10.03907085332466,0.4022857044524304,0.0,0,0
2026-01-05 05:00:00+08:00,35.923513806216654,146.31525684098077,31.972956200333176,22.136296694843725,236.34802354237434,13.253579808245858,0.10128457432927776,0.0,0,0
2026-01-05 06:00:00+08:00,36.969403533047476,148.5144926721664,34.22088799246081,22.535898384862247,242.24068258253692,12.376874233829199,0.6745636013756027,0.0,0,0
2026-01-05 07:00:00+08:00,37.91860021851347,150.02892629216691,34.65159074448007,23.17157287525381,245.77069013041427,11.04255937205427,0.2501586049168057,0.21565819679521805,0,0
2026-01-05 08:00:00+08:00,38.23366042931252,149.48743475609848,36.144507835146065,24.0,247.86560302055707,13.277745490124202,0.12401943868484902,0.4183652677758965,0,0
2026-01-05 09:00:00+08:00,38.438790193133315,155.55838111284615,35.55056218101621,24.964723819589917,254.5124573065856,11.425431679256679,0.26740088184116084,0.5745426904281983,0,0
2026-01-05 10:00:00+08:00,37.742142572144665,152.42506601415442,40.161298778274414,26.0,256.3285073645735,13.673865258259669,0.35267781571406487,0.7434551128632602,0,0
2026-01-05 11:00:00+08:00,37.00649896944287,155.5033339028207,37.40918315366999,27.035276180410083,256.95429220634367,14.932909878396718,0.2380482872257874,0.7976264236835583,0,0
2026-01-05 12:00:00+08:00,36.847587755014466,161.3494936992645,36.243029381216,28.0,262.440110835495,11.877765038248157,0.281590119339428,0.8905633530182961,0,0
2026-01-05 13:00:00+08:00,37.22123981178736,157.42843632566147,40.59040446087491,28.82842712474619,264.06850772306996,12.86007230752937,0.1361699471959479,0.8375997734019883,0,0
2026-01-05 14:00:00+08:00,35.36478685273977,152.60858181956738,36.13649774071262,29.464101615137753,253.57396802815754,13.037059193842625,0.23295377586136704,0.7407054896998749,0,0
2026-01-05 15:00:00+08:00,35.07204936214318,159.8965453913506,33.746032852246024,29.86370330515627,258.5783309108961,15.105018877938264,0.29981665417135206,0.5886177250778798,0,0
2026-01-05 16:00:00+08:00,35.130021564733276,155.71987678817214,38.13245899714359,30.0,258.982357350049,14.97685518921361,0.4238402427529375,0.4264744495504607,0,0
2026-01-05 17:00:00+08:00,35.073691528040406,150.82884478661745,34.981866082141046,29.86370330515627,250.74810570195515,13.906773822450829,0.2591909054462943,0.20902575403296883,0,0
2026-01-05 18:00:00+08:00,34.18318625861385,150.09118044461985,34.633778876364566,29.464101615137757,248.37224719473605,15.433082499714843,0.3360792144549885,1.052793352402812e-16,0,0
2026-01-05 19:00:00+08:00,32.88638446112927,146.85059150487555,34.372644736912804,28.82842712474619,242.9380478276638,17.916430619135642,0.29929461574147026,0.0,0,0
2026-01-05 20:00:00+08:00,33.49238675283354,147.4864523352662,26.78165012844566,28.0,235.76048921654538,15.724994015994955,0.2730111403929871,0.0,0,0
2026-01-05 21:00:00+08:00,33.55115786840033,149.4275469731598,29.993799026615687,27.035276180410083,240.0077800485859,15.361047643069794,0.5782394407491565,0.0,0,0
2026-01-05 22:00:00+08:00,32.25242473824821,144.48814498341432,27.721208215145246,26.0,230.46177793680778,15.562879997885737,0.38234564310362396,0.0,0,0
2026-01-05 23:00:00+08:00,33.56529413841534,141.74013421493197,30.26538901384492,24.964723819589917,230.53554118678215,15.981775135689158,0.2968877166945904,0.0,0,0
2026-01-06 00:00:00+08:00,32.839718243103675,136.9199519138391,27.384534340938306,24.0,221.14420449788108,15.531784020472925,0.30434389012014273,0.0,0,0
2026-01-06 01:00:00+08:00,34.23573261634277,133.08822651113854,27.45501508271703,23.17157287525381,217.95054708545217,13.43034173611046,0.055720546054550214,0.0,0,0
2026-01-06 02:00:00+08:00,35.675757375949985,133.8041187766137,27.853050354130524,22.535898384862247,219.86882489155644,14.924450853361492,0.43044366070607226,0.0,0,0
2026-01-06 03:00:00+08:00,36.02905760123359,136.26000607443555,27.2317826075478,22.136296694843725,221.65714297806068,15.346971722157177,0.293293931878168,0.0,0,0
2026-01-06 04:00:00+08:00,36.96839732793401,145.6566564427424,29.117924560437043,22.0,233.74297833111345,13.709838703954285,0.25680932983022225,0.0,0,0
2026-01-06 05:00:00+08:00,37.22835937734415,141.76114529461736,27.702683953677017,22.136296694843725,228.8284853204823,13.333974791763914,0.3316371285134199,0.0,0,0
2026-01-06 06:00:00+08:00,37.81690985171665,146.34184151531863,31.457779390681054,22.535898384862247,238.15242914257857,13.189963443988075,0.3925641948832385,0.0,0,0
2026-01-06 07:00:00+08:00,37.93201039676654,146.135871120728,30.251376045670927,23.17157287525381,237.4908304384193,10.830668629664155,0.4155916477966486,0.2273113879823237,0,0
2026-01-06 08:00:00+08:00,37.48228153241321,147.8881080014308,33.21224380053388,24.0,242.58263333437787,12.038444023165777,0.3320748222503092,0.46069465012875155,0,0
2026-01-06 09:00:00+08:00,37.128519020891744,150.8445152617085,35.80406460571785,24.964723819589917,248.741822707908,10.047100588806776,0.27881753974819035,0.6293164527807669,0,0
2026-01-06 10:00:00+08:00,35.68550122772075,157.33234257288757,34.81839351571886,26.0,253.83623731632719,12.53362599838384,0.4431895895227901,0.7979852662976695,0,0
2026-01-06 11:00:00+08:00,38.122920705986566,153.12414783306755,37.78165821544891,27.035276180410083,256.0640029349131,12.984241887184442,0.5253733667466857,0.7486219586344337,0,0
2026-01-06 12:00:00+08:00,37.89507056971515,156.8660962458478,37.38192177817188,28.0,260.1430885937349,12.203025278744319,0.10072119818086149,0.7976505682924265,0,0
2026-01-06 13:00:00+08:00,36.28567081069917,153.9040250330326,36.32965420326558,28.82842712474619,255.34777717174356,14.843716824932887,0.4320220983627791,0.771539564555961,0,0
2026-01-06 14:00:00+08:00,36.86477469680657,157.23460722553216,38.91236042468328,29.464101615137753,262.47584396215973,14.163245681213924,0.5059369015961646,0.7588214427223664,0,0
2026-01-06 15:00:00+08:00,35.793552488847425,158.88096364254415,37.14633240962723,29.86370330515627,261.68455184617505,13.440912926721111,0.18847862937717766,0.5930725961986715,0,0
2026-01-06 16:00:00+08:00,36.00337041271209,152.96272174437794,36.03426342260583,30.0,255.00035557969585,14.945453563065744,0.1755846441552722,0.46078293170324247,0,0
2026-01-06 17:00:00+08:00,34.325861107947695,155.19115712855213,38.104116668516134,29.86370330515627,257.48483821017226,12.22193952881317,0.33596957945869577,0.2385243972474464,0,0
2026-01-06 18:00:00+08:00,33.65984120739009,154.09130433374884,36.542398677813715,29.464101615137757,253.7576458340904,14.58590245092558,0.1677997130644406,1.0291036245683671e-16,0,0
2026-01-06 19:00:00+08:00,33.97001621168739,146.5048892716502,31.878726770035428,28.82842712474619,241.1820593781192,15.003836430361309,0.11818066708988044,0.0,0,0
2026-01-06 20:00:00+08:00,33.67440033179031,146.29137253335233,32.44811463074105,28.0,240.4138874958837,15.773969274358885,0.295411111682701,0.0,0,0
2026-01-06 21:00:00+08:00,32.4569910016702,142.49354860815103,33.021753279059055,27.035276180410083,235.00756906929035,13.379468821714994,0.11093932259138597,0.0,0,0
2026-01-06 22:00:00+08:00,32.69667341740195,142.95754019047908,27.647556154653824,26.0,229.30176976253486,16.165368474068618,0.3783750249497766,0.0,0,0
2026-01-06 23:00:00+08:00,33.841915508888896,140.96611580330716,31.85775259650499,24.964723819589917,231.63050772829095,15.690067093881167,0.4717415912022656,0.0,0,0
2026-01-07 00:00:00+08:00,34.38511587595343,138.24895066562416,27.63003490757811,24.0,224.2641014491557,14.2972245994914,0.2869519955853959,0.0,0,0
2026-01-07 01:00:00+08:00,33.20218373814261,138.7340952933069,27.539074722222416,23.17157287525381,222.6469266289257,16.64576219475838,0.32015432845006403,0.0,0,0
2026-01-07 02:00:00+08:00,35.82354851766932,134.81407203793626,28.71434261816331,22.535898384862247,221.8878615586311,13.918558464053076,0.12039704949613145,0.0,0,0
2026-01-07 03:00:00+08:00,36.25851142837798,140.99845367468183,29.22639572186524,22.136296694843725,228.61965751976877,13.280861373456386,0.31324566804789417,0.0,0,0
2026-01-07 04:00:00+08:00,37.00359270654554,141.55067921615597,30.931608579919896,22.0,231.4858805026214,14.158086516748037,0.411838200161186,0.0,0,0
2026-01-07 05:00:00+08:00,36.98446799422372,145.48834904303422,31.716418180633823,22.136296694843725,236.32553191273547,13.811784274549172,0.24078616560435845,0.0,0,0
2026-01-07 06:00:00+08:00,37.36312080165954,144.20305012138326,32.01508340404308,22.535898384862247,236.1171527119481,11.663397947453515,0.4482064108524726,0.0,0,0
2026-01-07 07:00:00+08:00,36.274506106350074,149.0505024071887,33.19720222984527,23.17157287525381,241.69378361863784,13.297160079894569,0.17946542603666227,0.20448254890584835,0,0
2026-01-07 08:00:00+08:00,37.31220901108679,155.03407371827126,32.59330284660258,24.0,248.93958557596062,12.310663824058484,0.101666338724613,0.43215892320259913,0,0
2026-01-07 09:00:00+08:00,36.691424982659946,151.73357521119635,34.49893278131453,24.964723819589917,247.88865679476075,11.542652606900184,0.2185785751449139,0.572088619766658,0,0
2026-01-07 10:00:00+08:00,37.07434812430309,154.98600637729248,33.818561805664075,26.0,251.87891630725966,10.284241704029617,0.4309492208954376,0.7730605964238285,0,0
2026-01-07 11:00:00+08:00,37.546346603751694,152.98937104312765,37.570257168123156,27.035276180410083,255.14125099541258,13.429021172213575,0.14107896621781507,0.8570856717672947,0,0
2026-01-07 12:00:00+08:00,38.58948659112125,156.5172345595106,41.95737396603781,28.0,265.06409511666965,12.558590641711953,0.2516512116274228,0.8453551989948164,0,0
2026-01-07 13:00:00+08:00,35.94265756455983,160.4675272226524,39.748559951267104,28.82842712474619,264.9871718632255,12.464795857410687,0.35242787667023995,0.8532241983864871,0,0
2026-01-07 14:00:00+08:00,35.03503357315332,156.6369500172188,38.02164424131441,29.464101615137753,259.1577294468243,13.08565598739519,0.18623754243899493,0.7393685366738395,0,0
2026-01-07 15:00:00+08:00,35.12810427615374,152.28740571749577,35.97120297905169,29.86370330515627,253.25041627785748,14.941209845718067,0.2752513083979813,0.5156325837565489,0,0
2026-01-07 16:00:00+08:00,34.63276008765967,158.1004631001814,34.93706245087183,30.0,257.6702856387129,13.823569043290664,0.4423984798747434,0.4322894955948786,0,0
2026-01-07 17:00:00+08:00,33.753685060734604,153.63845711017245,35.45783351109176,29.86370330515627,252.71367898715508,16.085261742586397,0.164562242877009,0.23234559383823092,0,0
2026-01-07 18:00:00+08:00,34.40448812274988,142.59027514884232,36.26029997978516,29.464101615137757,242.71916486651511,12.89444240119468,0.3697182643115544,1.063025932233436e-16,0,0
2026-01-07 19:00:00+08:00,34.48171461285483,146.85018863676157,35.326946222318554,28.82842712474619,245.48727659668114,14.660076064087814,0.445968497406321,0.0,0,0
2026-01-07 20:00:00+08:00,33.1531531590662,143.07518667727217,31.88044897197312,28.0,236.1087888083115,17.6586588792228,0.634665497090665,0.0,0,0
2026-01-07 21:00:00+08:00,33.412819371974386,137.97601657303787,29.639391399242623,27.035276180410083,228.06350352466495,14.712513975743624,0.23450666029092193,0.0,0,0
2026-01-07 22:00:00+08:00,33.72540663784156,137.60959720690047,28.7316894150048,26.0,226.06669325974684,14.105055919652012,0.20835773277469097,0.0,0,0
2026-01-07 23:00:00+08:00,33.30277870566857,141.7373137253511,28.042035701270517,24.964723819589917,228.04685195188011,16.20217897960014,0.4443371949680293,0.0,0,0
