wind_kw,pv_kw,diesel_units,battery_kwh,pcs_kw,ups_kwh,ups_kw,objective_yuan,investment_yuan,mean_operation_yuan,feasible,core_bridge_pass,required_ups_kwh,required_ups_kw,flex_adjusted_mean_kwh
500.0,300.0,5,1000.0,200.0,100.0,50.0,2503376.609005857,2337500.0,165876.6090058566,False,False,315.6920523800024,59.192259821250445,27.289059246748856
500.0,300.0,5,1000.0,200.0,100.0,100.0,2515876.609005857,2350000.0,165876.6090058566,False,False,315.6920523800024,59.192259821250445,27.289059246748856
500.0,300.0,5,1000.0,200.0,100.0,150.0,2528376.609005857,2362500.0,165876.6090058566,False,False,315.6920523800024,59.192259821250445,27.289059246748856
500.0,300.0,5,1000.0,200.0,200.0,50.0,2548376.609005857,2382500.0,165876.6090058566,False,False,315.6920523800024,59.192259821250445,27.289059246748856
500.0,300.0,5,1000.0,200.0,200.0,100.0,2560876.609005857,2395000.0,165876.6090058566,False,False,315.6920523800024,59.192259821250445,27.289059246748856
500.0,300.0,5,1000.0,200.0,200.0,150.0,2573376.609005857,2407500.0,165876.6090058566,False,False,315.6920523800024,59.192259821250445,27.289059246748856
500.0,300.0,5,1000.0,200.0,300.0,50.0,2593376.609005857,2427500.0,165876.6090058566,False,False,315.6920523800024,59.192259821250445,27.289059246748856
500.0,300.0,5,1000.0,200.0,300.0,100.0,2605876.609005857,2440000.0,165876.6090058566,False,False,315.6920523800024,59.192259821250445,27.289059246748856
500.0,300.0,5,1000.0,200.0,300.0,150.0,2618376.609005857,2452500.0,165876.6090058566,False,False,315.6920523800024,59.192259821250445,27.289059246748856
500.0,300.0,5,1000.0,200.0,400.0,50.0,2638376.609005857,2472500.0,165876.6090058566,False,False,315.6920523800024,59.192259821250445,27.289059246748856
500.0,300.0,5,1000.0,200.0,400.0,100.0,2650876.609005857,2485000.0,165876.6090058566,True,True,315.6920523800024,59.192259821250445,27.289059246748856
500.0,300.0,5,1000.0,200.0,400.0,150.0,2663376.609005857,2497500.0,165876.6090058566,True,True,315.6920523800024,59.192259821250445,27.289059246748856
500.0,300.0,5,1000.0,200.0,500.0,50.0,2683376.609005857,2517500.0,165876.6090058566,False,False,315.6920523800024,59.192259821250445,27.289059246748856
500.0,300.0,5,1000.0,200.0,500.0,100.0,2695876.609005857,2530000.0,165876.6090058566,True,True,315.6920523800024,59.192259821250445,27.289059246748856
500.0,300.0,5,1000.0,200.0,500.0,150.0,2708376.609005857,2542500.0,165876.6090058566,True,True,315.6920523800024,59.192259821250445,27.289059246748856
