device,request_hour,arrival_hour,prep_complete_hour,temperature_ready_hour,wait_access_hours,wait_crew_hours,wait_prep_hours,wait_heat_hours,wait_min_down_hours,end_hour,outcome,elapsed_hours
0,-336,-336,-333,-334,0,0,3,0,0,-333,started,3
1,-336,-332,-329,-330,0,4,3,0,0,-329,started,7
2,-336,-328,-325,-326,0,8,3,0,0,-325,started,11
3,322,322,325,323,0,0,3,0,0,325,started,3
1,435,435,435,435,0,0,0,0,0,435,started,0
0,466,466,466,466,0,0,0,0,0,466,started,0
2,512,512,512,512,0,0,0,0,0,512,started,0
0,1135,1135,1135,1135,0,0,0,0,0,1135,started,0
1,1538,1538,1538,1538,0,0,0,0,0,1538,started,0
2,2489,2489,2489,2489,0,0,0,0,0,2489,started,0
3,2800,2800,2800,2800,0,0,0,0,0,2800,started,0
2,2819,2819,,2819,0,0,1,0,0,2820,cancelled_by_policy,1
2,2835,2835,2837,2835,0,0,2,0,0,2837,started,2
1,3048,3048,3048,3048,0,0,0,0,0,3048,started,0
2,3107,3107,3107,3107,0,0,0,0,0,3107,started,0
3,3136,3136,,3136,0,0,2,0,0,3138,cancelled_by_policy,2
3,3600,3600,3601,3600,0,0,1,0,0,3601,started,1
2,3763,3763,3763,3763,0,0,0,0,0,3763,started,0
3,3879,3879,3879,3879,0,0,0,0,0,3879,started,0
1,4002,4002,4002,4002,0,0,0,0,0,4002,started,0
3,4218,4218,,4218,0,0,1,0,0,4219,cancelled_by_policy,1
3,4594,4594,4596,4594,0,0,2,0,0,4596,started,2
0,4740,,4740,4740,1,0,0,0,0,4741,cancelled_by_policy,1
0,4746,4746,4746,4746,0,0,0,0,0,4746,started,0
3,4948,4948,4951,4948,0,0,3,0,0,4951,started,3
3,5010,5010,5010,5097,0,0,0,87,0,5097,started,87
2,5141,5141,5141,5150,0,0,0,9,0,5150,started,9
1,7976,7976,7976,7976,0,0,0,0,0,7976,started,0
0,8588,8588,8588,8588,0,0,0,0,0,8588,started,0
1,8681,8681,8681,8681,0,0,0,0,0,8681,started,0
