hour,measured,timestamp,load_kw,ambient_c,access_safe,wind_protective_stop,wind_available_kw,pv_available_kw,renewable_used_kw,diesel_kw,charge_kw,discharge_kw,heater_kw,heater_command_kw,shed_kw,energy_start_kwh,energy_end_kwh,pcs_available_kw,target_online,crews_onsite,actions,temperatures_start,heaters,diesel_states,observation_states,temperatures_end
0,True,2020-01-01T00:00:00+00:00,120.0,-10.0,False,True,0.0,0.0,0.0,0.0,0.0,135.0,15.0,15.0,0.0,1600.0,1446.590909090909,150.0,3,0,"{""requested"": [0, 1, 2], ""dispatched"": [], ""start_requested"": [], ""stopped"": []}","[-10.0, -10.0, -10.0]","[5.0, 5.0, 5.0]","[{""healthy"": true, ""running"": false, ""pending"": true, ""onsite"": false, ""prep"": 0.0, ""min_up"": 0, ""min_down"": 0, ""repair_until"": -1, ""runtime"": 0, ""demands"": 0}, {""healthy"": true, ""running"": false, ""pending"": true, ""onsite"": false, ""prep"": 0.0, ""min_up"": 0, ""min_down"": 0, ""repair_until"": -1, ""runtime"": 0, ""demands"": 0}, {""healthy"": true, ""running"": false, ""pending"": true, ""onsite"": false, ""prep"": 0.0, ""min_up"": 0, ""min_down"": 0, ""repair_until"": -1, ""runtime"": 0, ""demands"": 0}]","[[true, false, false, false, 0.0, 0, 0], [true, false, false, false, 0.0, 0, 0], [true, false, false, false, 0.0, 0, 0]]","[-5.241870901797975, -5.241870901797975, -5.241870901797975]"
1,True,2020-01-01T01:00:00+00:00,120.0,-10.0,False,True,0.0,0.0,0.0,0.0,0.0,135.0,15.0,15.0,0.0,1446.590909090909,1293.181818181818,150.0,3,0,"{""requested"": [], ""dispatched"": [], ""start_requested"": [], ""stopped"": []}","[-5.241870901797975, -5.241870901797975, -5.241870901797975]","[5.0, 5.0, 5.0]","[{""healthy"": true, ""running"": false, ""pending"": true, ""onsite"": false, ""prep"": 0.0, ""min_up"": 0, ""min_down"": 0, ""repair_until"": -1, ""runtime"": 0, ""demands"": 0}, {""healthy"": true, ""running"": false, ""pending"": true, ""onsite"": false, ""prep"": 0.0, ""min_up"": 0, ""min_down"": 0, ""repair_until"": -1, ""runtime"": 0, ""demands"": 0}, {""healthy"": true, ""running"": false, ""pending"": true, ""onsite"": false, ""prep"": 0.0, ""min_up"": 0, ""min_down"": 0, ""repair_until"": -1, ""runtime"": 0, ""demands"": 0}]","[[true, false, true, false, 0.0, 0, 0], [true, false, true, false, 0.0, 0, 0], [true, false, true, false, 0.0, 0, 0]]","[-0.9365376538990873, -0.9365376538990873, -0.9365376538990873]"
2,True,2020-01-01T02:00:00+00:00,120.0,-10.0,False,True,0.0,0.0,0.0,0.0,0.0,135.0,15.0,15.0,0.0,1293.181818181818,1139.772727272727,150.0,3,0,"{""requested"": [], ""dispatched"": [], ""start_requested"": [], ""stopped"": []}","[-0.9365376538990873, -0.9365376538990873, -0.9365376538990873]","[5.0, 5.0, 5.0]","[{""healthy"": true, ""running"": false, ""pending"": true, ""onsite"": false, ""prep"": 0.0, ""min_up"": 0, ""min_down"": 0, ""repair_until"": -1, ""runtime"": 0, ""demands"": 0}, {""healthy"": true, ""running"": false, ""pending"": true, ""onsite"": false, ""prep"": 0.0, ""min_up"": 0, ""min_down"": 0, ""repair_until"": -1, ""runtime"": 0, ""demands"": 0}, {""healthy"": true, ""running"": false, ""pending"": true, ""onsite"": false, ""prep"": 0.0, ""min_up"": 0, ""min_down"": 0, ""repair_until"": -1, ""runtime"": 0, ""demands"": 0}]","[[true, false, true, false, 0.0, 0, 0], [true, false, true, false, 0.0, 0, 0], [true, false, true, false, 0.0, 0, 0]]","[2.9590889659141144, 2.9590889659141144, 2.9590889659141144]"
3,True,2020-01-01T03:00:00+00:00,120.0,-10.0,False,True,0.0,0.0,0.0,0.0,0.0,130.32169787455283,10.321697874552815,10.321697874552815,0.0,1139.772727272727,991.679888778917,150.0,3,0,"{""requested"": [], ""dispatched"": [], ""start_requested"": [], ""stopped"": []}","[2.9590889659141144, 2.9590889659141144, 2.9590889659141144]","[3.4405659581842714, 3.4405659581842714, 3.4405659581842714]","[{""healthy"": true, ""running"": false, ""pending"": true, ""onsite"": false, ""prep"": 0.0, ""min_up"": 0, ""min_down"": 0, ""repair_until"": -1, ""runtime"": 0, ""demands"": 0}, {""healthy"": true, ""running"": false, ""pending"": true, ""onsite"": false, ""prep"": 0.0, ""min_up"": 0, ""min_down"": 0, ""repair_until"": -1, ""runtime"": 0, ""demands"": 0}, {""healthy"": true, ""running"": false, ""pending"": true, ""onsite"": false, ""prep"": 0.0, ""min_up"": 0, ""min_down"": 0, ""repair_until"": -1, ""runtime"": 0, ""demands"": 0}]","[[true, false, true, false, 0.0, 0, 0], [true, false, true, false, 0.0, 0, 0], [true, false, true, false, 0.0, 0, 0]]","[5.000000000000002, 5.000000000000002, 5.000000000000002]"
4,True,2020-01-01T04:00:00+00:00,120.0,-10.0,False,True,0.0,0.0,0.0,0.0,0.0,124.5,4.499999999999998,4.499999999999998,0.0,991.679888778917,850.2026160516442,150.0,3,0,"{""requested"": [], ""dispatched"": [], ""start_requested"": [], ""stopped"": []}","[5.000000000000002, 5.000000000000002, 5.000000000000002]","[1.4999999999999993, 1.4999999999999993, 1.4999999999999993]","[{""healthy"": true, ""running"": false, ""pending"": true, ""onsite"": false, ""prep"": 0.0, ""min_up"": 0, ""min_down"": 0, ""repair_until"": -1, ""runtime"": 0, ""demands"": 0}, {""healthy"": true, ""running"": false, ""pending"": true, ""onsite"": false, ""prep"": 0.0, ""min_up"": 0, ""min_down"": 0, ""repair_until"": -1, ""runtime"": 0, ""demands"": 0}, {""healthy"": true, ""running"": false, ""pending"": true, ""onsite"": false, ""prep"": 0.0, ""min_up"": 0, ""min_down"": 0, ""repair_until"": -1, ""runtime"": 0, ""demands"": 0}]","[[true, false, true, false, 0.0, 0, 0], [true, false, true, false, 0.0, 0, 0], [true, false, true, false, 0.0, 0, 0]]","[5.000000000000001, 5.000000000000001, 5.000000000000001]"
5,True,2020-01-01T05:00:00+00:00,120.0,-10.0,False,True,0.0,0.0,0.0,0.0,0.0,124.5,4.500000000000001,4.500000000000001,0.0,850.2026160516442,708.7253433243715,150.0,3,0,"{""requested"": [], ""dispatched"": [], ""start_requested"": [], ""stopped"": []}","[5.000000000000001, 5.000000000000001, 5.000000000000001]","[1.5000000000000002, 1.5000000000000002, 1.5000000000000002]","[{""healthy"": true, ""running"": false, ""pending"": true, ""onsite"": false, ""prep"": 0.0, ""min_up"": 0, ""min_down"": 0, ""repair_until"": -1, ""runtime"": 0, ""demands"": 0}, {""healthy"": true, ""running"": false, ""pending"": true, ""onsite"": false, ""prep"": 0.0, ""min_up"": 0, ""min_down"": 0, ""repair_until"": -1, ""runtime"": 0, ""demands"": 0}, {""healthy"": true, ""running"": false, ""pending"": true, ""onsite"": false, ""prep"": 0.0, ""min_up"": 0, ""min_down"": 0, ""repair_until"": -1, ""runtime"": 0, ""demands"": 0}]","[[true, false, true, false, 0.0, 0, 0], [true, false, true, false, 0.0, 0, 0], [true, false, true, false, 0.0, 0, 0]]","[5.000000000000001, 5.000000000000001, 5.000000000000001]"
6,True,2020-01-01T06:00:00+00:00,120.0,-10.0,True,False,50.0,0.0,50.0,0.0,0.0,74.5,4.500000000000001,4.500000000000001,0.0,708.7253433243715,624.0662524152806,150.0,3,1,"{""requested"": [], ""dispatched"": [0], ""start_requested"": [], ""stopped"": []}","[5.000000000000001, 5.000000000000001, 5.000000000000001]","[1.5000000000000002, 1.5000000000000002, 1.5000000000000002]","[{""healthy"": true, ""running"": false, ""pending"": true, ""onsite"": true, ""prep"": 0.0, ""min_up"": 0, ""min_down"": 0, ""repair_until"": -1, ""runtime"": 0, ""demands"": 0}, {""healthy"": true, ""running"": false, ""pending"": true, ""onsite"": false, ""prep"": 0.0, ""min_up"": 0, ""min_down"": 0, ""repair_until"": -1, ""runtime"": 0, ""demands"": 0}, {""healthy"": true, ""running"": false, ""pending"": true, ""onsite"": false, ""prep"": 0.0, ""min_up"": 0, ""min_down"": 0, ""repair_until"": -1, ""runtime"": 0, ""demands"": 0}]","[[true, false, true, false, 0.0, 0, 0], [true, false, true, false, 0.0, 0, 0], [true, false, true, false, 0.0, 0, 0]]","[5.000000000000001, 5.000000000000001, 5.000000000000001]"
7,True,2020-01-01T07:00:00+00:00,120.0,-10.0,True,False,50.0,25.881904510252074,75.88190451025207,0.0,0.0,48.61809548974793,4.500000000000001,4.500000000000001,0.0,624.0662524152806,568.8184166314761,150.0,2,1,"{""requested"": [], ""dispatched"": [], ""start_requested"": [], ""stopped"": []}","[5.000000000000001, 5.000000000000001, 5.000000000000001]","[1.5000000000000002, 1.5000000000000002, 1.5000000000000002]","[{""healthy"": true, ""running"": false, ""pending"": true, ""onsite"": true, ""prep"": 1.0, ""min_up"": 0, ""min_down"": 0, ""repair_until"": -1, ""runtime"": 0, ""demands"": 0}, {""healthy"": true, ""running"": false, ""pending"": true, ""onsite"": false, ""prep"": 0.0, ""min_up"": 0, ""min_down"": 0, ""repair_until"": -1, ""runtime"": 0, ""demands"": 0}, {""healthy"": true, ""running"": false, ""pending"": false, ""onsite"": false, ""prep"": 0.0, ""min_up"": 0, ""min_down"": 0, ""repair_until"": -1, ""runtime"": 0, ""demands"": 0}]","[[true, false, true, true, 1.0, 0, 0], [true, false, true, false, 0.0, 0, 0], [true, false, true, false, 0.0, 0, 0]]","[5.000000000000001, 5.000000000000001, 5.000000000000001]"
8,True,2020-01-01T08:00:00+00:00,120.0,-10.0,True,False,50.0,49.99999999999999,100.0,0.0,0.0,24.5,4.500000000000001,4.500000000000001,0.0,568.8184166314761,540.977507540567,150.0,2,1,"{""requested"": [], ""dispatched"": [], ""start_requested"": [], ""stopped"": []}","[5.000000000000001, 5.000000000000001, 5.000000000000001]","[1.5000000000000002, 1.5000000000000002, 1.5000000000000002]","[{""healthy"": true, ""running"": false, ""pending"": true, ""onsite"": true, ""prep"": 2.0, ""min_up"": 0, ""min_down"": 0, ""repair_until"": -1, ""runtime"": 0, ""demands"": 0}, {""healthy"": true, ""running"": false, ""pending"": true, ""onsite"": false, ""prep"": 0.0, ""min_up"": 0, ""min_down"": 0, ""repair_until"": -1, ""runtime"": 0, ""demands"": 0}, {""healthy"": true, ""running"": false, ""pending"": false, ""onsite"": false, ""prep"": 0.0, ""min_up"": 0, ""min_down"": 0, ""repair_until"": -1, ""runtime"": 0, ""demands"": 0}]","[[true, false, true, true, 2.0, 0, 0], [true, false, true, false, 0.0, 0, 0], [true, false, false, false, 0.0, 0, 0]]","[5.000000000000001, 5.000000000000001, 5.000000000000001]"
9,True,2020-01-01T09:00:00+00:00,120.0,-10.0,True,False,50.0,70.71067811865474,120.71067811865474,53.78932188134526,50.0,0.0,4.500000000000001,4.500000000000001,0.0,540.977507540567,584.977507540567,150.0,2,0,"{""requested"": [], ""dispatched"": [], ""start_requested"": [0], ""stopped"": []}","[5.000000000000001, 5.000000000000001, 5.000000000000001]","[1.5000000000000002, 1.5000000000000002, 1.5000000000000002]","[{""healthy"": true, ""running"": true, ""pending"": false, ""onsite"": false, ""prep"": 3, ""min_up"": 3, ""min_down"": 0, ""repair_until"": -1, ""runtime"": 0, ""demands"": 1}, {""healthy"": true, ""running"": false, ""pending"": true, ""onsite"": false, ""prep"": 0.0, ""min_up"": 0, ""min_down"": 0, ""repair_until"": -1, ""runtime"": 0, ""demands"": 0}, {""healthy"": true, ""running"": false, ""pending"": false, ""onsite"": false, ""prep"": 0.0, ""min_up"": 0, ""min_down"": 0, ""repair_until"": -1, ""runtime"": 0, ""demands"": 0}]","[[true, false, true, true, 3, 0, 0], [true, false, true, false, 0.0, 0, 0], [true, false, false, false, 0.0, 0, 0]]","[5.000000000000001, 5.000000000000001, 5.000000000000001]"
10,True,2020-01-01T10:00:00+00:00,120.0,-10.0,True,False,50.0,86.60254037844386,136.60254037844385,37.89745962155615,50.0,0.0,4.500000000000001,4.500000000000001,0.0,584.977507540567,628.977507540567,150.0,2,1,"{""requested"": [], ""dispatched"": [1], ""start_requested"": [], ""stopped"": []}","[5.000000000000001, 5.000000000000001, 5.000000000000001]","[1.5000000000000002, 1.5000000000000002, 1.5000000000000002]","[{""healthy"": true, ""running"": true, ""pending"": false, ""onsite"": false, ""prep"": 3, ""min_up"": 2, ""min_down"": 0, ""repair_until"": -1, ""runtime"": 1, ""demands"": 1}, {""healthy"": true, ""running"": false, ""pending"": true, ""onsite"": true, ""prep"": 0.0, ""min_up"": 0, ""min_down"": 0, ""repair_until"": -1, ""runtime"": 0, ""demands"": 0}, {""healthy"": true, ""running"": false, ""pending"": false, ""onsite"": false, ""prep"": 0.0, ""min_up"": 0, ""min_down"": 0, ""repair_until"": -1, ""runtime"": 0, ""demands"": 0}]","[[true, true, false, false, 3, 2, 0], [true, false, true, false, 0.0, 0, 0], [true, false, false, false, 0.0, 0, 0]]","[5.000000000000001, 5.000000000000001, 5.000000000000001]"
11,True,2020-01-01T11:00:00+00:00,120.0,-10.0,True,False,50.0,96.59258262890683,146.59258262890683,27.907417371093175,50.0,0.0,4.500000000000001,4.500000000000001,0.0,628.977507540567,672.977507540567,150.0,2,1,"{""requested"": [], ""dispatched"": [], ""start_requested"": [], ""stopped"": []}","[5.000000000000001, 5.000000000000001, 5.000000000000001]","[1.5000000000000002, 1.5000000000000002, 1.5000000000000002]","[{""healthy"": true, ""running"": true, ""pending"": false, ""onsite"": false, ""prep"": 3, ""min_up"": 1, ""min_down"": 0, ""repair_until"": -1, ""runtime"": 2, ""demands"": 1}, {""healthy"": true, ""running"": false, ""pending"": true, ""onsite"": true, ""prep"": 1.0, ""min_up"": 0, ""min_down"": 0, ""repair_until"": -1, ""runtime"": 0, ""demands"": 0}, {""healthy"": true, ""running"": false, ""pending"": false, ""onsite"": false, ""prep"": 0.0, ""min_up"": 0, ""min_down"": 0, ""repair_until"": -1, ""runtime"": 0, ""demands"": 0}]","[[true, true, false, false, 3, 1, 0], [true, false, true, true, 1.0, 0, 0], [true, false, false, false, 0.0, 0, 0]]","[5.000000000000001, 5.000000000000001, 5.000000000000001]"
12,True,2020-01-01T12:00:00+00:00,120.0,-10.0,True,False,50.0,100.0,150.0,24.5,50.0,0.0,4.500000000000001,4.500000000000001,0.0,672.977507540567,716.977507540567,150.0,2,1,"{""requested"": [], ""dispatched"": [], ""start_requested"": [], ""stopped"": []}","[5.000000000000001, 5.000000000000001, 5.000000000000001]","[1.5000000000000002, 1.5000000000000002, 1.5000000000000002]","[{""healthy"": true, ""running"": true, ""pending"": false, ""onsite"": false, ""prep"": 3, ""min_up"": 0, ""min_down"": 0, ""repair_until"": -1, ""runtime"": 3, ""demands"": 1}, {""healthy"": true, ""running"": false, ""pending"": true, ""onsite"": true, ""prep"": 2.0, ""min_up"": 0, ""min_down"": 0, ""repair_until"": -1, ""runtime"": 0, ""demands"": 0}, {""healthy"": true, ""running"": false, ""pending"": false, ""onsite"": false, ""prep"": 0.0, ""min_up"": 0, ""min_down"": 0, ""repair_until"": -1, ""runtime"": 0, ""demands"": 0}]","[[true, true, false, false, 3, 0, 0], [true, false, true, true, 2.0, 0, 0], [true, false, false, false, 0.0, 0, 0]]","[5.000000000000001, 5.000000000000001, 5.000000000000001]"
13,True,2020-01-01T13:00:00+00:00,120.0,-10.0,True,False,50.0,96.59258262890683,146.59258262890683,27.907417371093175,50.0,0.0,4.500000000000001,4.500000000000001,0.0,716.977507540567,760.977507540567,150.0,2,0,"{""requested"": [], ""dispatched"": [], ""start_requested"": [1], ""stopped"": []}","[5.000000000000001, 5.000000000000001, 5.000000000000001]","[1.5000000000000002, 1.5000000000000002, 1.5000000000000002]","[{""healthy"": true, ""running"": true, ""pending"": false, ""onsite"": false, ""prep"": 3, ""min_up"": 0, ""min_down"": 0, ""repair_until"": -1, ""runtime"": 4, ""demands"": 1}, {""healthy"": false, ""running"": false, ""pending"": false, ""onsite"": false, ""prep"": 0.0, ""min_up"": 0, ""min_down"": 3, ""repair_until"": 19, ""runtime"": 0, ""demands"": 1}, {""healthy"": true, ""running"": false, ""pending"": false, ""onsite"": false, ""prep"": 0.0, ""min_up"": 0, ""min_down"": 0, ""repair_until"": -1, ""runtime"": 0, ""demands"": 0}]","[[true, true, false, false, 3, 0, 0], [true, false, true, true, 3, 0, 0], [true, false, false, false, 0.0, 0, 0]]","[5.000000000000001, 5.000000000000001, 5.000000000000001]"
14,True,2020-01-01T14:00:00+00:00,120.0,-10.0,True,False,50.0,86.60254037844388,136.60254037844388,37.89745962155612,50.0,0.0,4.500000000000001,4.500000000000001,0.0,760.977507540567,804.977507540567,150.0,2,1,"{""requested"": [2], ""dispatched"": [2], ""start_requested"": [], ""stopped"": []}","[5.000000000000001, 5.000000000000001, 5.000000000000001]","[1.5000000000000002, 1.5000000000000002, 1.5000000000000002]","[{""healthy"": true, ""running"": true, ""pending"": false, ""onsite"": false, ""prep"": 3, ""min_up"": 0, ""min_down"": 0, ""repair_until"": -1, ""runtime"": 5, ""demands"": 1}, {""healthy"": false, ""running"": false, ""pending"": false, ""onsite"": false, ""prep"": 0.0, ""min_up"": 0, ""min_down"": 2, ""repair_until"": 19, ""runtime"": 0, ""demands"": 1}, {""healthy"": true, ""running"": false, ""pending"": true, ""onsite"": true, ""prep"": 0.0, ""min_up"": 0, ""min_down"": 0, ""repair_until"": -1, ""runtime"": 0, ""demands"": 0}]","[[true, true, false, false, 3, 0, 0], [false, false, false, false, 0.0, 0, 2], [true, false, false, false, 0.0, 0, 0]]","[5.000000000000001, 5.000000000000001, 5.000000000000001]"
15,True,2020-01-01T15:00:00+00:00,120.0,-10.0,True,False,50.0,70.71067811865476,120.71067811865476,53.789321881345245,50.0,0.0,4.500000000000001,4.500000000000001,0.0,804.977507540567,848.977507540567,150.0,2,1,"{""requested"": [], ""dispatched"": [], ""start_requested"": [], ""stopped"": []}","[5.000000000000001, 5.000000000000001, 5.000000000000001]","[1.5000000000000002, 1.5000000000000002, 1.5000000000000002]","[{""healthy"": true, ""running"": true, ""pending"": false, ""onsite"": false, ""prep"": 3, ""min_up"": 0, ""min_down"": 0, ""repair_until"": -1, ""runtime"": 6, ""demands"": 1}, {""healthy"": false, ""running"": false, ""pending"": false, ""onsite"": false, ""prep"": 0.0, ""min_up"": 0, ""min_down"": 1, ""repair_until"": 19, ""runtime"": 0, ""demands"": 1}, {""healthy"": true, ""running"": false, ""pending"": true, ""onsite"": true, ""prep"": 1.0, ""min_up"": 0, ""min_down"": 0, ""repair_until"": -1, ""runtime"": 0, ""demands"": 0}]","[[true, true, false, false, 3, 0, 0], [false, false, false, false, 0.0, 0, 1], [true, false, true, true, 1.0, 0, 0]]","[5.000000000000001, 5.000000000000001, 5.000000000000001]"
16,True,2020-01-01T16:00:00+00:00,120.0,-10.0,True,False,50.0,49.99999999999999,100.0,74.5,50.0,0.0,4.500000000000001,4.500000000000001,0.0,848.977507540567,892.977507540567,150.0,2,1,"{""requested"": [], ""dispatched"": [], ""start_requested"": [], ""stopped"": []}","[5.000000000000001, 5.000000000000001, 5.000000000000001]","[1.5000000000000002, 1.5000000000000002, 1.5000000000000002]","[{""healthy"": true, ""running"": true, ""pending"": false, ""onsite"": false, ""prep"": 3, ""min_up"": 0, ""min_down"": 0, ""repair_until"": -1, ""runtime"": 7, ""demands"": 1}, {""healthy"": false, ""running"": false, ""pending"": false, ""onsite"": false, ""prep"": 0.0, ""min_up"": 0, ""min_down"": 0, ""repair_until"": 19, ""runtime"": 0, ""demands"": 1}, {""healthy"": true, ""running"": false, ""pending"": true, ""onsite"": true, ""prep"": 2.0, ""min_up"": 0, ""min_down"": 0, ""repair_until"": -1, ""runtime"": 0, ""demands"": 0}]","[[true, true, false, false, 3, 0, 0], [false, false, false, false, 0.0, 0, 0], [true, false, true, true, 2.0, 0, 0]]","[5.000000000000001, 5.000000000000001, 5.000000000000001]"
17,True,2020-01-01T17:00:00+00:00,120.0,-10.0,True,False,50.0,25.881904510252102,75.8819045102521,98.6180954897479,50.0,0.0,4.500000000000001,4.500000000000001,0.0,892.977507540567,936.977507540567,150.0,2,0,"{""requested"": [], ""dispatched"": [], ""start_requested"": [2], ""stopped"": []}","[5.000000000000001, 5.000000000000001, 5.000000000000001]","[1.5000000000000002, 1.5000000000000002, 1.5000000000000002]","[{""healthy"": true, ""running"": true, ""pending"": false, ""onsite"": false, ""prep"": 3, ""min_up"": 0, ""min_down"": 0, ""repair_until"": -1, ""runtime"": 8, ""demands"": 1}, {""healthy"": false, ""running"": false, ""pending"": false, ""onsite"": false, ""prep"": 0.0, ""min_up"": 0, ""min_down"": 0, ""repair_until"": 19, ""runtime"": 0, ""demands"": 1}, {""healthy"": true, ""running"": true, ""pending"": false, ""onsite"": false, ""prep"": 3, ""min_up"": 3, ""min_down"": 0, ""repair_until"": -1, ""runtime"": 0, ""demands"": 1}]","[[true, true, false, false, 3, 0, 0], [false, false, false, false, 0.0, 0, 0], [true, false, true, true, 3, 0, 0]]","[5.000000000000001, 5.000000000000001, 5.000000000000001]"
18,True,2020-01-01T18:00:00+00:00,120.0,-10.0,True,False,50.0,1.2246467991473532e-14,50.000000000000014,124.49999999999999,50.0,0.0,4.500000000000001,4.500000000000001,0.0,936.977507540567,980.977507540567,150.0,3,0,"{""requested"": [], ""dispatched"": [], ""start_requested"": [], ""stopped"": []}","[5.000000000000001, 5.000000000000001, 5.000000000000001]","[1.5000000000000002, 1.5000000000000002, 1.5000000000000002]","[{""healthy"": true, ""running"": true, ""pending"": false, ""onsite"": false, ""prep"": 3, ""min_up"": 0, ""min_down"": 0, ""repair_until"": -1, ""runtime"": 9, ""demands"": 1}, {""healthy"": false, ""running"": false, ""pending"": false, ""onsite"": false, ""prep"": 0.0, ""min_up"": 0, ""min_down"": 0, ""repair_until"": 19, ""runtime"": 0, ""demands"": 1}, {""healthy"": true, ""running"": true, ""pending"": false, ""onsite"": false, ""prep"": 3, ""min_up"": 2, ""min_down"": 0, ""repair_until"": -1, ""runtime"": 1, ""demands"": 1}]","[[true, true, false, false, 3, 0, 0], [false, false, false, false, 0.0, 0, 0], [true, true, false, false, 3, 2, 0]]","[5.000000000000001, 5.000000000000001, 5.000000000000001]"
19,True,2020-01-01T19:00:00+00:00,120.0,-10.0,True,False,50.0,0.0,50.0,124.5,50.0,0.0,4.500000000000001,4.500000000000001,0.0,980.977507540567,1024.9775075405669,150.0,3,0,"{""requested"": [1], ""dispatched"": [1], ""start_requested"": [1], ""stopped"": []}","[5.000000000000001, 5.000000000000001, 5.000000000000001]","[1.5000000000000002, 1.5000000000000002, 1.5000000000000002]","[{""healthy"": true, ""running"": true, ""pending"": false, ""onsite"": false, ""prep"": 3, ""min_up"": 0, ""min_down"": 0, ""repair_until"": -1, ""runtime"": 10, ""demands"": 1}, {""healthy"": true, ""running"": true, ""pending"": false, ""onsite"": false, ""prep"": 3, ""min_up"": 3, ""min_down"": 0, ""repair_until"": 19, ""runtime"": 0, ""demands"": 2}, {""healthy"": true, ""running"": true, ""pending"": false, ""onsite"": false, ""prep"": 3, ""min_up"": 1, ""min_down"": 0, ""repair_until"": -1, ""runtime"": 2, ""demands"": 1}]","[[true, true, false, false, 3, 0, 0], [true, false, false, false, 3, 0, 0], [true, true, false, false, 3, 1, 0]]","[5.000000000000001, 5.000000000000001, 5.000000000000001]"
20,True,2020-01-01T20:00:00+00:00,120.0,-10.0,True,False,50.0,0.0,50.0,124.5,50.0,0.0,4.500000000000001,4.500000000000001,0.0,1024.9775075405669,1068.9775075405669,150.0,3,0,"{""requested"": [], ""dispatched"": [], ""start_requested"": [], ""stopped"": []}","[5.000000000000001, 5.000000000000001, 5.000000000000001]","[1.5000000000000002, 1.5000000000000002, 1.5000000000000002]","[{""healthy"": true, ""running"": true, ""pending"": false, ""onsite"": false, ""prep"": 3, ""min_up"": 0, ""min_down"": 0, ""repair_until"": -1, ""runtime"": 11, ""demands"": 1}, {""healthy"": true, ""running"": true, ""pending"": false, ""onsite"": false, ""prep"": 3, ""min_up"": 2, ""min_down"": 0, ""repair_until"": 19, ""runtime"": 1, ""demands"": 2}, {""healthy"": true, ""running"": true, ""pending"": false, ""onsite"": false, ""prep"": 3, ""min_up"": 0, ""min_down"": 0, ""repair_until"": -1, ""runtime"": 3, ""demands"": 1}]","[[true, true, false, false, 3, 0, 0], [true, true, false, false, 3, 2, 0], [true, true, false, false, 3, 0, 0]]","[5.000000000000001, 5.000000000000001, 5.000000000000001]"
21,True,2020-01-01T21:00:00+00:00,120.0,-10.0,True,False,50.0,0.0,50.0,124.5,50.0,0.0,4.500000000000001,4.500000000000001,0.0,1068.9775075405669,1112.9775075405669,150.0,3,0,"{""requested"": [], ""dispatched"": [], ""start_requested"": [], ""stopped"": []}","[5.000000000000001, 5.000000000000001, 5.000000000000001]","[1.5000000000000002, 1.5000000000000002, 1.5000000000000002]","[{""healthy"": true, ""running"": true, ""pending"": false, ""onsite"": false, ""prep"": 3, ""min_up"": 0, ""min_down"": 0, ""repair_until"": -1, ""runtime"": 12, ""demands"": 1}, {""healthy"": true, ""running"": true, ""pending"": false, ""onsite"": false, ""prep"": 3, ""min_up"": 1, ""min_down"": 0, ""repair_until"": 19, ""runtime"": 2, ""demands"": 2}, {""healthy"": true, ""running"": true, ""pending"": false, ""onsite"": false, ""prep"": 3, ""min_up"": 0, ""min_down"": 0, ""repair_until"": -1, ""runtime"": 4, ""demands"": 1}]","[[true, true, false, false, 3, 0, 0], [true, true, false, false, 3, 1, 0], [true, true, false, false, 3, 0, 0]]","[5.000000000000001, 5.000000000000001, 5.000000000000001]"
22,True,2020-01-01T22:00:00+00:00,120.0,-10.0,True,False,50.0,0.0,50.0,124.5,50.0,0.0,4.500000000000001,4.500000000000001,0.0,1112.9775075405669,1156.9775075405669,150.0,3,0,"{""requested"": [], ""dispatched"": [], ""start_requested"": [], ""stopped"": []}","[5.000000000000001, 5.000000000000001, 5.000000000000001]","[1.5000000000000002, 1.5000000000000002, 1.5000000000000002]","[{""healthy"": true, ""running"": true, ""pending"": false, ""onsite"": false, ""prep"": 3, ""min_up"": 0, ""min_down"": 0, ""repair_until"": -1, ""runtime"": 13, ""demands"": 1}, {""healthy"": true, ""running"": true, ""pending"": false, ""onsite"": false, ""prep"": 3, ""min_up"": 0, ""min_down"": 0, ""repair_until"": 19, ""runtime"": 3, ""demands"": 2}, {""healthy"": true, ""running"": true, ""pending"": false, ""onsite"": false, ""prep"": 3, ""min_up"": 0, ""min_down"": 0, ""repair_until"": -1, ""runtime"": 5, ""demands"": 1}]","[[true, true, false, false, 3, 0, 0], [true, true, false, false, 3, 0, 0], [true, true, false, false, 3, 0, 0]]","[5.000000000000001, 5.000000000000001, 5.000000000000001]"
23,True,2020-01-01T23:00:00+00:00,120.0,-10.0,False,True,0.0,0.0,0.0,174.5,50.0,0.0,4.500000000000001,4.500000000000001,0.0,1156.9775075405669,1200.9775075405669,150.0,3,0,"{""requested"": [], ""dispatched"": [], ""start_requested"": [], ""stopped"": []}","[5.000000000000001, 5.000000000000001, 5.000000000000001]","[1.5000000000000002, 1.5000000000000002, 1.5000000000000002]","[{""healthy"": true, ""running"": true, ""pending"": false, ""onsite"": false, ""prep"": 3, ""min_up"": 0, ""min_down"": 0, ""repair_until"": -1, ""runtime"": 14, ""demands"": 1}, {""healthy"": true, ""running"": true, ""pending"": false, ""onsite"": false, ""prep"": 3, ""min_up"": 0, ""min_down"": 0, ""repair_until"": 19, ""runtime"": 4, ""demands"": 2}, {""healthy"": true, ""running"": true, ""pending"": false, ""onsite"": false, ""prep"": 3, ""min_up"": 0, ""min_down"": 0, ""repair_until"": -1, ""runtime"": 6, ""demands"": 1}]","[[true, true, false, false, 3, 0, 0], [true, true, false, false, 3, 0, 0], [true, true, false, false, 3, 0, 0]]","[5.000000000000001, 5.000000000000001, 5.000000000000001]"
24,True,2020-01-02T00:00:00+00:00,120.0,-10.0,False,True,0.0,0.0,0.0,174.5,50.0,0.0,4.500000000000001,4.500000000000001,0.0,1200.9775075405669,1244.9775075405669,150.0,3,0,"{""requested"": [], ""dispatched"": [], ""start_requested"": [], ""stopped"": []}","[5.000000000000001, 5.000000000000001, 5.000000000000001]","[1.5000000000000002, 1.5000000000000002, 1.5000000000000002]","[{""healthy"": true, ""running"": true, ""pending"": false, ""onsite"": false, ""prep"": 3, ""min_up"": 0, ""min_down"": 0, ""repair_until"": -1, ""runtime"": 15, ""demands"": 1}, {""healthy"": true, ""running"": true, ""pending"": false, ""onsite"": false, ""prep"": 3, ""min_up"": 0, ""min_down"": 0, ""repair_until"": 19, ""runtime"": 5, ""demands"": 2}, {""healthy"": true, ""running"": true, ""pending"": false, ""onsite"": false, ""prep"": 3, ""min_up"": 0, ""min_down"": 0, ""repair_until"": -1, ""runtime"": 7, ""demands"": 1}]","[[true, true, false, false, 3, 0, 0], [true, true, false, false, 3, 0, 0], [true, true, false, false, 3, 0, 0]]","[5.000000000000001, 5.000000000000001, 5.000000000000001]"
25,True,2020-01-02T01:00:00+00:00,120.0,-10.0,False,True,0.0,0.0,0.0,174.5,50.0,0.0,4.500000000000001,4.500000000000001,0.0,1244.9775075405669,1288.9775075405669,150.0,3,0,"{""requested"": [], ""dispatched"": [], ""start_requested"": [], ""stopped"": []}","[5.000000000000001, 5.000000000000001, 5.000000000000001]","[1.5000000000000002, 1.5000000000000002, 1.5000000000000002]","[{""healthy"": false, ""running"": false, ""pending"": false, ""onsite"": false, ""prep"": 0.0, ""min_up"": 0, ""min_down"": 3, ""repair_until"": 31, ""runtime"": 16, ""demands"": 1}, {""healthy"": true, ""running"": true, ""pending"": false, ""onsite"": false, ""prep"": 3, ""min_up"": 0, ""min_down"": 0, ""repair_until"": 19, ""runtime"": 6, ""demands"": 2}, {""healthy"": true, ""running"": true, ""pending"": false, ""onsite"": false, ""prep"": 3, ""min_up"": 0, ""min_down"": 0, ""repair_until"": -1, ""runtime"": 8, ""demands"": 1}]","[[false, false, false, false, 0.0, 0, 3], [true, true, false, false, 3, 0, 0], [true, true, false, false, 3, 0, 0]]","[5.000000000000001, 5.000000000000001, 5.000000000000001]"
26,True,2020-01-02T02:00:00+00:00,120.0,-10.0,False,True,0.0,0.0,0.0,174.5,50.0,0.0,4.500000000000001,4.500000000000001,0.0,1288.9775075405669,1332.9775075405669,150.0,3,0,"{""requested"": [], ""dispatched"": [], ""start_requested"": [], ""stopped"": []}","[5.000000000000001, 5.000000000000001, 5.000000000000001]","[1.5000000000000002, 1.5000000000000002, 1.5000000000000002]","[{""healthy"": false, ""running"": false, ""pending"": false, ""onsite"": false, ""prep"": 0.0, ""min_up"": 0, ""min_down"": 2, ""repair_until"": 31, ""runtime"": 16, ""demands"": 1}, {""healthy"": true, ""running"": true, ""pending"": false, ""onsite"": false, ""prep"": 3, ""min_up"": 0, ""min_down"": 0, ""repair_until"": 19, ""runtime"": 7, ""demands"": 2}, {""healthy"": true, ""running"": true, ""pending"": false, ""onsite"": false, ""prep"": 3, ""min_up"": 0, ""min_down"": 0, ""repair_until"": -1, ""runtime"": 9, ""demands"": 1}]","[[false, false, false, false, 0.0, 0, 2], [true, true, false, false, 3, 0, 0], [true, true, false, false, 3, 0, 0]]","[5.000000000000001, 5.000000000000001, 5.000000000000001]"
27,True,2020-01-02T03:00:00+00:00,120.0,-10.0,False,True,0.0,0.0,0.0,174.5,50.0,0.0,4.500000000000001,4.500000000000001,0.0,1332.9775075405669,1376.9775075405669,150.0,3,0,"{""requested"": [], ""dispatched"": [], ""start_requested"": [], ""stopped"": []}","[5.000000000000001, 5.000000000000001, 5.000000000000001]","[1.5000000000000002, 1.5000000000000002, 1.5000000000000002]","[{""healthy"": false, ""running"": false, ""pending"": false, ""onsite"": false, ""prep"": 0.0, ""min_up"": 0, ""min_down"": 1, ""repair_until"": 31, ""runtime"": 16, ""demands"": 1}, {""healthy"": true, ""running"": true, ""pending"": false, ""onsite"": false, ""prep"": 3, ""min_up"": 0, ""min_down"": 0, ""repair_until"": 19, ""runtime"": 8, ""demands"": 2}, {""healthy"": true, ""running"": true, ""pending"": false, ""onsite"": false, ""prep"": 3, ""min_up"": 0, ""min_down"": 0, ""repair_until"": -1, ""runtime"": 10, ""demands"": 1}]","[[false, false, false, false, 0.0, 0, 1], [true, true, false, false, 3, 0, 0], [true, true, false, false, 3, 0, 0]]","[5.000000000000001, 5.000000000000001, 5.000000000000001]"
28,True,2020-01-02T04:00:00+00:00,120.0,-10.0,False,True,0.0,0.0,0.0,174.5,50.0,0.0,4.500000000000001,4.500000000000001,0.0,1376.9775075405669,1420.9775075405669,150.0,3,0,"{""requested"": [], ""dispatched"": [], ""start_requested"": [], ""stopped"": []}","[5.000000000000001, 5.000000000000001, 5.000000000000001]","[1.5000000000000002, 1.5000000000000002, 1.5000000000000002]","[{""healthy"": false, ""running"": false, ""pending"": false, ""onsite"": false, ""prep"": 0.0, ""min_up"": 0, ""min_down"": 0, ""repair_until"": 31, ""runtime"": 16, ""demands"": 1}, {""healthy"": true, ""running"": true, ""pending"": false, ""onsite"": false, ""prep"": 3, ""min_up"": 0, ""min_down"": 0, ""repair_until"": 19, ""runtime"": 9, ""demands"": 2}, {""healthy"": true, ""running"": true, ""pending"": false, ""onsite"": false, ""prep"": 3, ""min_up"": 0, ""min_down"": 0, ""repair_until"": -1, ""runtime"": 11, ""demands"": 1}]","[[false, false, false, false, 0.0, 0, 0], [true, true, false, false, 3, 0, 0], [true, true, false, false, 3, 0, 0]]","[5.000000000000001, 5.000000000000001, 5.000000000000001]"
29,True,2020-01-02T05:00:00+00:00,120.0,-10.0,False,True,0.0,0.0,0.0,174.5,50.0,0.0,4.500000000000001,4.500000000000001,0.0,1420.9775075405669,1464.9775075405669,150.0,3,0,"{""requested"": [], ""dispatched"": [], ""start_requested"": [], ""stopped"": []}","[5.000000000000001, 5.000000000000001, 5.000000000000001]","[1.5000000000000002, 1.5000000000000002, 1.5000000000000002]","[{""healthy"": false, ""running"": false, ""pending"": false, ""onsite"": false, ""prep"": 0.0, ""min_up"": 0, ""min_down"": 0, ""repair_until"": 31, ""runtime"": 16, ""demands"": 1}, {""healthy"": true, ""running"": true, ""pending"": false, ""onsite"": false, ""prep"": 3, ""min_up"": 0, ""min_down"": 0, ""repair_until"": 19, ""runtime"": 10, ""demands"": 2}, {""healthy"": true, ""running"": true, ""pending"": false, ""onsite"": false, ""prep"": 3, ""min_up"": 0, ""min_down"": 0, ""repair_until"": -1, ""runtime"": 12, ""demands"": 1}]","[[false, false, false, false, 0.0, 0, 0], [true, true, false, false, 3, 0, 0], [true, true, false, false, 3, 0, 0]]","[5.000000000000001, 5.000000000000001, 5.000000000000001]"
30,True,2020-01-02T06:00:00+00:00,120.0,-10.0,False,True,0.0,0.0,0.0,174.5,50.0,0.0,4.500000000000001,4.500000000000001,0.0,1464.9775075405669,1508.9775075405669,150.0,3,0,"{""requested"": [], ""dispatched"": [], ""start_requested"": [], ""stopped"": []}","[5.000000000000001, 5.000000000000001, 5.000000000000001]","[1.5000000000000002, 1.5000000000000002, 1.5000000000000002]","[{""healthy"": false, ""running"": false, ""pending"": false, ""onsite"": false, ""prep"": 0.0, ""min_up"": 0, ""min_down"": 0, ""repair_until"": 31, ""runtime"": 16, ""demands"": 1}, {""healthy"": true, ""running"": true, ""pending"": false, ""onsite"": false, ""prep"": 3, ""min_up"": 0, ""min_down"": 0, ""repair_until"": 19, ""runtime"": 11, ""demands"": 2}, {""healthy"": true, ""running"": true, ""pending"": false, ""onsite"": false, ""prep"": 3, ""min_up"": 0, ""min_down"": 0, ""repair_until"": -1, ""runtime"": 13, ""demands"": 1}]","[[false, false, false, false, 0.0, 0, 0], [true, true, false, false, 3, 0, 0], [true, true, false, false, 3, 0, 0]]","[5.000000000000001, 5.000000000000001, 5.000000000000001]"
31,True,2020-01-02T07:00:00+00:00,120.0,-10.0,False,True,0.0,25.881904510252074,25.881904510252074,148.61809548974793,50.0,0.0,4.500000000000001,4.500000000000001,0.0,1508.9775075405669,1552.9775075405669,150.0,3,0,"{""requested"": [0], ""dispatched"": [], ""start_requested"": [], ""stopped"": []}","[5.000000000000001, 5.000000000000001, 5.000000000000001]","[1.5000000000000002, 1.5000000000000002, 1.5000000000000002]","[{""healthy"": true, ""running"": false, ""pending"": true, ""onsite"": false, ""prep"": 3, ""min_up"": 0, ""min_down"": 0, ""repair_until"": 31, ""runtime"": 16, ""demands"": 1}, {""healthy"": true, ""running"": true, ""pending"": false, ""onsite"": false, ""prep"": 3, ""min_up"": 0, ""min_down"": 0, ""repair_until"": 19, ""runtime"": 12, ""demands"": 2}, {""healthy"": true, ""running"": true, ""pending"": false, ""onsite"": false, ""prep"": 3, ""min_up"": 0, ""min_down"": 0, ""repair_until"": -1, ""runtime"": 14, ""demands"": 1}]","[[true, false, false, false, 3, 0, 0], [true, true, false, false, 3, 0, 0], [true, true, false, false, 3, 0, 0]]","[5.000000000000001, 5.000000000000001, 5.000000000000001]"
32,True,2020-01-02T08:00:00+00:00,120.0,-10.0,True,True,0.0,49.99999999999999,49.99999999999999,124.5,50.0,0.0,4.500000000000001,4.500000000000001,0.0,1552.9775075405669,1596.9775075405669,150.0,3,0,"{""requested"": [], ""dispatched"": [0], ""start_requested"": [0], ""stopped"": []}","[5.000000000000001, 5.000000000000001, 5.000000000000001]","[1.5000000000000002, 1.5000000000000002, 1.5000000000000002]","[{""healthy"": true, ""running"": true, ""pending"": false, ""onsite"": false, ""prep"": 3, ""min_up"": 3, ""min_down"": 0, ""repair_until"": 31, ""runtime"": 16, ""demands"": 2}, {""healthy"": true, ""running"": true, ""pending"": false, ""onsite"": false, ""prep"": 3, ""min_up"": 0, ""min_down"": 0, ""repair_until"": 19, ""runtime"": 13, ""demands"": 2}, {""healthy"": true, ""running"": true, ""pending"": false, ""onsite"": false, ""prep"": 3, ""min_up"": 0, ""min_down"": 0, ""repair_until"": -1, ""runtime"": 15, ""demands"": 1}]","[[true, false, true, false, 3, 0, 0], [true, true, false, false, 3, 0, 0], [true, true, false, false, 3, 0, 0]]","[5.000000000000001, 5.000000000000001, 5.000000000000001]"
33,True,2020-01-02T09:00:00+00:00,120.0,-10.0,True,True,0.0,70.71067811865474,70.71067811865474,57.22397240342835,3.434650522083089,0.0,4.500000000000001,4.500000000000001,0.0,1596.9775075405669,1600.0,150.0,2,0,"{""requested"": [], ""dispatched"": [], ""start_requested"": [], ""stopped"": [2]}","[5.000000000000001, 5.000000000000001, 5.000000000000001]","[1.5000000000000002, 1.5000000000000002, 1.5000000000000002]","[{""healthy"": true, ""running"": true, ""pending"": false, ""onsite"": false, ""prep"": 3, ""min_up"": 2, ""min_down"": 0, ""repair_until"": 31, ""runtime"": 17, ""demands"": 2}, {""healthy"": true, ""running"": true, ""pending"": false, ""onsite"": false, ""prep"": 3, ""min_up"": 0, ""min_down"": 0, ""repair_until"": 19, ""runtime"": 14, ""demands"": 2}, {""healthy"": true, ""running"": false, ""pending"": false, ""onsite"": false, ""prep"": 0.0, ""min_up"": 0, ""min_down"": 3, ""repair_until"": -1, ""runtime"": 16, ""demands"": 1}]","[[true, true, false, false, 3, 2, 0], [true, true, false, false, 3, 0, 0], [true, true, false, false, 3, 0, 0]]","[5.000000000000001, 5.000000000000001, 5.000000000000001]"
34,True,2020-01-02T10:00:00+00:00,120.0,-10.0,True,True,0.0,86.60254037844386,86.60254037844386,40.0,2.1025403784438623,0.0,4.500000000000001,4.500000000000001,0.0,1600.0,1601.8502355330306,150.0,2,0,"{""requested"": [], ""dispatched"": [], ""start_requested"": [], ""stopped"": []}","[5.000000000000001, 5.000000000000001, 5.000000000000001]","[1.5000000000000002, 1.5000000000000002, 1.5000000000000002]","[{""healthy"": true, ""running"": true, ""pending"": false, ""onsite"": false, ""prep"": 3, ""min_up"": 1, ""min_down"": 0, ""repair_until"": 31, ""runtime"": 18, ""demands"": 2}, {""healthy"": true, ""running"": true, ""pending"": false, ""onsite"": false, ""prep"": 3, ""min_up"": 0, ""min_down"": 0, ""repair_until"": 19, ""runtime"": 15, ""demands"": 2}, {""healthy"": true, ""running"": false, ""pending"": false, ""onsite"": false, ""prep"": 0.0, ""min_up"": 0, ""min_down"": 2, ""repair_until"": -1, ""runtime"": 16, ""demands"": 1}]","[[true, true, false, false, 3, 1, 0], [true, true, false, false, 3, 0, 0], [true, false, false, false, 0.0, 0, 2]]","[5.000000000000001, 5.000000000000001, 5.000000000000001]"
35,True,2020-01-02T11:00:00+00:00,120.0,-10.0,True,True,0.0,96.59258262890683,96.59258262890683,40.0,12.092582628906825,0.0,4.500000000000001,4.500000000000001,0.0,1601.8502355330306,1612.4917082464685,150.0,2,0,"{""requested"": [], ""dispatched"": [], ""start_requested"": [], ""stopped"": []}","[5.000000000000001, 5.000000000000001, 5.000000000000001]","[1.5000000000000002, 1.5000000000000002, 1.5000000000000002]","[{""healthy"": true, ""running"": true, ""pending"": false, ""onsite"": false, ""prep"": 3, ""min_up"": 0, ""min_down"": 0, ""repair_until"": 31, ""runtime"": 19, ""demands"": 2}, {""healthy"": true, ""running"": true, ""pending"": false, ""onsite"": false, ""prep"": 3, ""min_up"": 0, ""min_down"": 0, ""repair_until"": 19, ""runtime"": 16, ""demands"": 2}, {""healthy"": true, ""running"": false, ""pending"": false, ""onsite"": false, ""prep"": 0.0, ""min_up"": 0, ""min_down"": 1, ""repair_until"": -1, ""runtime"": 16, ""demands"": 1}]","[[true, true, false, false, 3, 0, 0], [true, true, false, false, 3, 0, 0], [true, false, false, false, 0.0, 0, 1]]","[5.000000000000001, 5.000000000000001, 5.000000000000001]"
36,True,2020-01-02T12:00:00+00:00,120.0,-10.0,True,False,50.0,100.0,150.0,40.0,65.5,0.0,4.500000000000001,4.500000000000001,0.0,1612.4917082464685,1670.1317082464686,150.0,2,0,"{""requested"": [], ""dispatched"": [], ""start_requested"": [], ""stopped"": []}","[5.000000000000001, 5.000000000000001, 5.000000000000001]","[1.5000000000000002, 1.5000000000000002, 1.5000000000000002]","[{""healthy"": true, ""running"": true, ""pending"": false, ""onsite"": false, ""prep"": 3, ""min_up"": 0, ""min_down"": 0, ""repair_until"": 31, ""runtime"": 20, ""demands"": 2}, {""healthy"": true, ""running"": true, ""pending"": false, ""onsite"": false, ""prep"": 3, ""min_up"": 0, ""min_down"": 0, ""repair_until"": 19, ""runtime"": 17, ""demands"": 2}, {""healthy"": true, ""running"": false, ""pending"": false, ""onsite"": false, ""prep"": 0.0, ""min_up"": 0, ""min_down"": 0, ""repair_until"": -1, ""runtime"": 16, ""demands"": 1}]","[[true, true, false, false, 3, 0, 0], [true, true, false, false, 3, 0, 0], [true, false, false, false, 0.0, 0, 0]]","[5.000000000000001, 5.000000000000001, 5.000000000000001]"
37,True,2020-01-02T13:00:00+00:00,120.0,-10.0,True,False,50.0,96.59258262890683,118.44124062901292,40.0,33.941240629012924,0.0,4.500000000000001,4.500000000000001,0.0,1670.1317082464686,1700.0,150.0,2,0,"{""requested"": [], ""dispatched"": [], ""start_requested"": [], ""stopped"": []}","[5.000000000000001, 5.000000000000001, 5.000000000000001]","[1.5000000000000002, 1.5000000000000002, 1.5000000000000002]","[{""healthy"": true, ""running"": true, ""pending"": false, ""onsite"": false, ""prep"": 3, ""min_up"": 0, ""min_down"": 0, ""repair_until"": 31, ""runtime"": 21, ""demands"": 2}, {""healthy"": true, ""running"": true, ""pending"": false, ""onsite"": false, ""prep"": 3, ""min_up"": 0, ""min_down"": 0, ""repair_until"": 19, ""runtime"": 18, ""demands"": 2}, {""healthy"": true, ""running"": false, ""pending"": false, ""onsite"": false, ""prep"": 0.0, ""min_up"": 0, ""min_down"": 0, ""repair_until"": -1, ""runtime"": 16, ""demands"": 1}]","[[true, true, false, false, 3, 0, 0], [true, true, false, false, 3, 0, 0], [true, false, false, false, 0.0, 0, 0]]","[5.000000000000001, 5.000000000000001, 5.000000000000001]"
38,True,2020-01-02T14:00:00+00:00,120.0,-10.0,True,False,50.0,86.60254037844388,84.5,40.0,0.0,0.0,4.500000000000001,4.500000000000001,0.0,1700.0,1700.0,150.0,2,0,"{""requested"": [], ""dispatched"": [], ""start_requested"": [], ""stopped"": []}","[5.000000000000001, 5.000000000000001, 5.000000000000001]","[1.5000000000000002, 1.5000000000000002, 1.5000000000000002]","[{""healthy"": true, ""running"": true, ""pending"": false, ""onsite"": false, ""prep"": 3, ""min_up"": 0, ""min_down"": 0, ""repair_until"": 31, ""runtime"": 22, ""demands"": 2}, {""healthy"": true, ""running"": true, ""pending"": false, ""onsite"": false, ""prep"": 3, ""min_up"": 0, ""min_down"": 0, ""repair_until"": 19, ""runtime"": 19, ""demands"": 2}, {""healthy"": true, ""running"": false, ""pending"": false, ""onsite"": false, ""prep"": 0.0, ""min_up"": 0, ""min_down"": 0, ""repair_until"": -1, ""runtime"": 16, ""demands"": 1}]","[[true, true, false, false, 3, 0, 0], [true, true, false, false, 3, 0, 0], [true, false, false, false, 0.0, 0, 0]]","[5.000000000000001, 5.000000000000001, 5.000000000000001]"
39,True,2020-01-02T15:00:00+00:00,120.0,-10.0,True,False,50.0,70.71067811865476,84.5,40.0,0.0,0.0,4.500000000000001,4.500000000000001,0.0,1700.0,1700.0,150.0,2,0,"{""requested"": [], ""dispatched"": [], ""start_requested"": [], ""stopped"": []}","[5.000000000000001, 5.000000000000001, 5.000000000000001]","[1.5000000000000002, 1.5000000000000002, 1.5000000000000002]","[{""healthy"": true, ""running"": true, ""pending"": false, ""onsite"": false, ""prep"": 3, ""min_up"": 0, ""min_down"": 0, ""repair_until"": 31, ""runtime"": 23, ""demands"": 2}, {""healthy"": true, ""running"": true, ""pending"": false, ""onsite"": false, ""prep"": 3, ""min_up"": 0, ""min_down"": 0, ""repair_until"": 19, ""runtime"": 20, ""demands"": 2}, {""healthy"": true, ""running"": false, ""pending"": false, ""onsite"": false, ""prep"": 0.0, ""min_up"": 0, ""min_down"": 0, ""repair_until"": -1, ""runtime"": 16, ""demands"": 1}]","[[true, true, false, false, 3, 0, 0], [true, true, false, false, 3, 0, 0], [true, false, false, false, 0.0, 0, 0]]","[5.000000000000001, 5.000000000000001, 5.000000000000001]"
40,True,2020-01-02T16:00:00+00:00,120.0,-10.0,True,False,50.0,49.99999999999999,84.5,40.0,0.0,0.0,4.500000000000001,4.500000000000001,0.0,1700.0,1700.0,150.0,2,0,"{""requested"": [], ""dispatched"": [], ""start_requested"": [], ""stopped"": []}","[5.000000000000001, 5.000000000000001, 5.000000000000001]","[1.5000000000000002, 1.5000000000000002, 1.5000000000000002]","[{""healthy"": true, ""running"": true, ""pending"": false, ""onsite"": false, ""prep"": 3, ""min_up"": 0, ""min_down"": 0, ""repair_until"": 31, ""runtime"": 24, ""demands"": 2}, {""healthy"": true, ""running"": true, ""pending"": false, ""onsite"": false, ""prep"": 3, ""min_up"": 0, ""min_down"": 0, ""repair_until"": 19, ""runtime"": 21, ""demands"": 2}, {""healthy"": true, ""running"": false, ""pending"": false, ""onsite"": false, ""prep"": 0.0, ""min_up"": 0, ""min_down"": 0, ""repair_until"": -1, ""runtime"": 16, ""demands"": 1}]","[[true, true, false, false, 3, 0, 0], [true, true, false, false, 3, 0, 0], [true, false, false, false, 0.0, 0, 0]]","[5.000000000000001, 5.000000000000001, 5.000000000000001]"
41,True,2020-01-02T17:00:00+00:00,120.0,-10.0,True,False,0.0,25.881904510252102,25.8819045102521,98.6180954897479,0.0,0.0,4.500000000000001,4.500000000000001,0.0,1700.0,1700.0,150.0,2,0,"{""requested"": [], ""dispatched"": [], ""start_requested"": [], ""stopped"": []}","[5.000000000000001, 5.000000000000001, 5.000000000000001]","[1.5000000000000002, 1.5000000000000002, 1.5000000000000002]","[{""healthy"": true, ""running"": true, ""pending"": false, ""onsite"": false, ""prep"": 3, ""min_up"": 0, ""min_down"": 0, ""repair_until"": 31, ""runtime"": 25, ""demands"": 2}, {""healthy"": true, ""running"": true, ""pending"": false, ""onsite"": false, ""prep"": 3, ""min_up"": 0, ""min_down"": 0, ""repair_until"": 19, ""runtime"": 22, ""demands"": 2}, {""healthy"": true, ""running"": false, ""pending"": false, ""onsite"": false, ""prep"": 0.0, ""min_up"": 0, ""min_down"": 0, ""repair_until"": -1, ""runtime"": 16, ""demands"": 1}]","[[true, true, false, false, 3, 0, 0], [true, true, false, false, 3, 0, 0], [true, false, false, false, 0.0, 0, 0]]","[5.000000000000001, 5.000000000000001, 5.000000000000001]"
42,True,2020-01-02T18:00:00+00:00,120.0,-10.0,True,False,0.0,1.2246467991473532e-14,1.2246467991473532e-14,124.49999999999999,0.0,0.0,4.500000000000001,4.500000000000001,0.0,1700.0,1700.0,150.0,3,1,"{""requested"": [2], ""dispatched"": [2], ""start_requested"": [], ""stopped"": []}","[5.000000000000001, 5.000000000000001, 5.000000000000001]","[1.5000000000000002, 1.5000000000000002, 1.5000000000000002]","[{""healthy"": true, ""running"": true, ""pending"": false, ""onsite"": false, ""prep"": 3, ""min_up"": 0, ""min_down"": 0, ""repair_until"": 31, ""runtime"": 26, ""demands"": 2}, {""healthy"": true, ""running"": true, ""pending"": false, ""onsite"": false, ""prep"": 3, ""min_up"": 0, ""min_down"": 0, ""repair_until"": 19, ""runtime"": 23, ""demands"": 2}, {""healthy"": true, ""running"": false, ""pending"": true, ""onsite"": true, ""prep"": 0.0, ""min_up"": 0, ""min_down"": 0, ""repair_until"": -1, ""runtime"": 16, ""demands"": 1}]","[[true, true, false, false, 3, 0, 0], [true, true, false, false, 3, 0, 0], [true, false, false, false, 0.0, 0, 0]]","[5.000000000000001, 5.000000000000001, 5.000000000000001]"
43,True,2020-01-02T19:00:00+00:00,120.0,-10.0,True,False,0.0,0.0,0.0,124.5,0.0,0.0,4.500000000000001,4.500000000000001,0.0,1700.0,1700.0,150.0,3,1,"{""requested"": [], ""dispatched"": [], ""start_requested"": [], ""stopped"": []}","[5.000000000000001, 5.000000000000001, 5.000000000000001]","[1.5000000000000002, 1.5000000000000002, 1.5000000000000002]","[{""healthy"": true, ""running"": true, ""pending"": false, ""onsite"": false, ""prep"": 3, ""min_up"": 0, ""min_down"": 0, ""repair_until"": 31, ""runtime"": 27, ""demands"": 2}, {""healthy"": true, ""running"": true, ""pending"": false, ""onsite"": false, ""prep"": 3, ""min_up"": 0, ""min_down"": 0, ""repair_until"": 19, ""runtime"": 24, ""demands"": 2}, {""healthy"": true, ""running"": false, ""pending"": true, ""onsite"": true, ""prep"": 1.0, ""min_up"": 0, ""min_down"": 0, ""repair_until"": -1, ""runtime"": 16, ""demands"": 1}]","[[true, true, false, false, 3, 0, 0], [true, true, false, false, 3, 0, 0], [true, false, true, true, 1.0, 0, 0]]","[5.000000000000001, 5.000000000000001, 5.000000000000001]"
44,True,2020-01-02T20:00:00+00:00,120.0,-10.0,True,False,0.0,0.0,0.0,124.5,0.0,0.0,4.500000000000001,4.500000000000001,0.0,1700.0,1700.0,150.0,3,1,"{""requested"": [], ""dispatched"": [], ""start_requested"": [], ""stopped"": []}","[5.000000000000001, 5.000000000000001, 5.000000000000001]","[1.5000000000000002, 1.5000000000000002, 1.5000000000000002]","[{""healthy"": true, ""running"": true, ""pending"": false, ""onsite"": false, ""prep"": 3, ""min_up"": 0, ""min_down"": 0, ""repair_until"": 31, ""runtime"": 28, ""demands"": 2}, {""healthy"": true, ""running"": true, ""pending"": false, ""onsite"": false, ""prep"": 3, ""min_up"": 0, ""min_down"": 0, ""repair_until"": 19, ""runtime"": 25, ""demands"": 2}, {""healthy"": true, ""running"": false, ""pending"": true, ""onsite"": true, ""prep"": 2.0, ""min_up"": 0, ""min_down"": 0, ""repair_until"": -1, ""runtime"": 16, ""demands"": 1}]","[[true, true, false, false, 3, 0, 0], [true, true, false, false, 3, 0, 0], [true, false, true, true, 2.0, 0, 0]]","[5.000000000000001, 5.000000000000001, 5.000000000000001]"
45,True,2020-01-02T21:00:00+00:00,120.0,-10.0,True,False,0.0,0.0,0.0,124.5,0.0,0.0,4.500000000000001,4.500000000000001,0.0,1700.0,1700.0,150.0,3,0,"{""requested"": [], ""dispatched"": [], ""start_requested"": [2], ""stopped"": []}","[5.000000000000001, 5.000000000000001, 5.000000000000001]","[1.5000000000000002, 1.5000000000000002, 1.5000000000000002]","[{""healthy"": true, ""running"": true, ""pending"": false, ""onsite"": false, ""prep"": 3, ""min_up"": 0, ""min_down"": 0, ""repair_until"": 31, ""runtime"": 29, ""demands"": 2}, {""healthy"": true, ""running"": true, ""pending"": false, ""onsite"": false, ""prep"": 3, ""min_up"": 0, ""min_down"": 0, ""repair_until"": 19, ""runtime"": 26, ""demands"": 2}, {""healthy"": true, ""running"": true, ""pending"": false, ""onsite"": false, ""prep"": 3, ""min_up"": 3, ""min_down"": 0, ""repair_until"": -1, ""runtime"": 16, ""demands"": 2}]","[[true, true, false, false, 3, 0, 0], [true, true, false, false, 3, 0, 0], [true, false, true, true, 3, 0, 0]]","[5.000000000000001, 5.000000000000001, 5.000000000000001]"
46,True,2020-01-02T22:00:00+00:00,120.0,-10.0,True,False,0.0,0.0,0.0,124.5,0.0,0.0,4.500000000000001,4.500000000000001,0.0,1700.0,1700.0,150.0,3,0,"{""requested"": [], ""dispatched"": [], ""start_requested"": [], ""stopped"": []}","[5.000000000000001, 5.000000000000001, 5.000000000000001]","[1.5000000000000002, 1.5000000000000002, 1.5000000000000002]","[{""healthy"": true, ""running"": true, ""pending"": false, ""onsite"": false, ""prep"": 3, ""min_up"": 0, ""min_down"": 0, ""repair_until"": 31, ""runtime"": 30, ""demands"": 2}, {""healthy"": true, ""running"": true, ""pending"": false, ""onsite"": false, ""prep"": 3, ""min_up"": 0, ""min_down"": 0, ""repair_until"": 19, ""runtime"": 27, ""demands"": 2}, {""healthy"": true, ""running"": true, ""pending"": false, ""onsite"": false, ""prep"": 3, ""min_up"": 2, ""min_down"": 0, ""repair_until"": -1, ""runtime"": 17, ""demands"": 2}]","[[true, true, false, false, 3, 0, 0], [true, true, false, false, 3, 0, 0], [true, true, false, false, 3, 2, 0]]","[5.000000000000001, 5.000000000000001, 5.000000000000001]"
47,True,2020-01-02T23:00:00+00:00,120.0,-10.0,False,True,0.0,0.0,0.0,124.5,0.0,0.0,4.500000000000001,4.500000000000001,0.0,1700.0,1700.0,150.0,3,0,"{""requested"": [], ""dispatched"": [], ""start_requested"": [], ""stopped"": []}","[5.000000000000001, 5.000000000000001, 5.000000000000001]","[1.5000000000000002, 1.5000000000000002, 1.5000000000000002]","[{""healthy"": true, ""running"": true, ""pending"": false, ""onsite"": false, ""prep"": 3, ""min_up"": 0, ""min_down"": 0, ""repair_until"": 31, ""runtime"": 31, ""demands"": 2}, {""healthy"": true, ""running"": true, ""pending"": false, ""onsite"": false, ""prep"": 3, ""min_up"": 0, ""min_down"": 0, ""repair_until"": 19, ""runtime"": 28, ""demands"": 2}, {""healthy"": true, ""running"": true, ""pending"": false, ""onsite"": false, ""prep"": 3, ""min_up"": 1, ""min_down"": 0, ""repair_until"": -1, ""runtime"": 18, ""demands"": 2}]","[[true, true, false, false, 3, 0, 0], [true, true, false, false, 3, 0, 0], [true, true, false, false, 3, 1, 0]]","[5.000000000000001, 5.000000000000001, 5.000000000000001]"
48,True,2020-01-03T00:00:00+00:00,120.0,-10.0,False,True,0.0,0.0,0.0,124.5,0.0,0.0,4.500000000000001,4.500000000000001,0.0,1700.0,1700.0,150.0,3,0,"{""requested"": [], ""dispatched"": [], ""start_requested"": [], ""stopped"": []}","[5.000000000000001, 5.000000000000001, 5.000000000000001]","[1.5000000000000002, 1.5000000000000002, 1.5000000000000002]","[{""healthy"": true, ""running"": true, ""pending"": false, ""onsite"": false, ""prep"": 3, ""min_up"": 0, ""min_down"": 0, ""repair_until"": 31, ""runtime"": 32, ""demands"": 2}, {""healthy"": true, ""running"": true, ""pending"": false, ""onsite"": false, ""prep"": 3, ""min_up"": 0, ""min_down"": 0, ""repair_until"": 19, ""runtime"": 29, ""demands"": 2}, {""healthy"": true, ""running"": true, ""pending"": false, ""onsite"": false, ""prep"": 3, ""min_up"": 0, ""min_down"": 0, ""repair_until"": -1, ""runtime"": 19, ""demands"": 2}]","[[true, true, false, false, 3, 0, 0], [true, true, false, false, 3, 0, 0], [true, true, false, false, 3, 0, 0]]","[5.000000000000001, 5.000000000000001, 5.000000000000001]"
49,True,2020-01-03T01:00:00+00:00,120.0,-10.0,False,True,0.0,0.0,0.0,124.5,0.0,0.0,4.500000000000001,4.500000000000001,0.0,1700.0,1700.0,150.0,3,0,"{""requested"": [], ""dispatched"": [], ""start_requested"": [], ""stopped"": []}","[5.000000000000001, 5.000000000000001, 5.000000000000001]","[1.5000000000000002, 1.5000000000000002, 1.5000000000000002]","[{""healthy"": true, ""running"": true, ""pending"": false, ""onsite"": false, ""prep"": 3, ""min_up"": 0, ""min_down"": 0, ""repair_until"": 31, ""runtime"": 33, ""demands"": 2}, {""healthy"": false, ""running"": false, ""pending"": false, ""onsite"": false, ""prep"": 0.0, ""min_up"": 0, ""min_down"": 3, ""repair_until"": 55, ""runtime"": 30, ""demands"": 2}, {""healthy"": true, ""running"": true, ""pending"": false, ""onsite"": false, ""prep"": 3, ""min_up"": 0, ""min_down"": 0, ""repair_until"": -1, ""runtime"": 20, ""demands"": 2}]","[[true, true, false, false, 3, 0, 0], [false, false, false, false, 0.0, 0, 3], [true, true, false, false, 3, 0, 0]]","[5.000000000000001, 5.000000000000001, 5.000000000000001]"
50,True,2020-01-03T02:00:00+00:00,120.0,-10.0,False,True,0.0,0.0,0.0,124.5,0.0,0.0,4.500000000000001,4.500000000000001,0.0,1700.0,1700.0,150.0,3,0,"{""requested"": [], ""dispatched"": [], ""start_requested"": [], ""stopped"": []}","[5.000000000000001, 5.000000000000001, 5.000000000000001]","[1.5000000000000002, 1.5000000000000002, 1.5000000000000002]","[{""healthy"": true, ""running"": true, ""pending"": false, ""onsite"": false, ""prep"": 3, ""min_up"": 0, ""min_down"": 0, ""repair_until"": 31, ""runtime"": 34, ""demands"": 2}, {""healthy"": false, ""running"": false, ""pending"": false, ""onsite"": false, ""prep"": 0.0, ""min_up"": 0, ""min_down"": 2, ""repair_until"": 55, ""runtime"": 30, ""demands"": 2}, {""healthy"": true, ""running"": true, ""pending"": false, ""onsite"": false, ""prep"": 3, ""min_up"": 0, ""min_down"": 0, ""repair_until"": -1, ""runtime"": 21, ""demands"": 2}]","[[true, true, false, false, 3, 0, 0], [false, false, false, false, 0.0, 0, 2], [true, true, false, false, 3, 0, 0]]","[5.000000000000001, 5.000000000000001, 5.000000000000001]"
51,True,2020-01-03T03:00:00+00:00,120.0,-10.0,False,True,0.0,0.0,0.0,124.5,0.0,0.0,4.500000000000001,4.500000000000001,0.0,1700.0,1700.0,150.0,3,0,"{""requested"": [], ""dispatched"": [], ""start_requested"": [], ""stopped"": []}","[5.000000000000001, 5.000000000000001, 5.000000000000001]","[1.5000000000000002, 1.5000000000000002, 1.5000000000000002]","[{""healthy"": true, ""running"": true, ""pending"": false, ""onsite"": false, ""prep"": 3, ""min_up"": 0, ""min_down"": 0, ""repair_until"": 31, ""runtime"": 35, ""demands"": 2}, {""healthy"": false, ""running"": false, ""pending"": false, ""onsite"": false, ""prep"": 0.0, ""min_up"": 0, ""min_down"": 1, ""repair_until"": 55, ""runtime"": 30, ""demands"": 2}, {""healthy"": true, ""running"": true, ""pending"": false, ""onsite"": false, ""prep"": 3, ""min_up"": 0, ""min_down"": 0, ""repair_until"": -1, ""runtime"": 22, ""demands"": 2}]","[[true, true, false, false, 3, 0, 0], [false, false, false, false, 0.0, 0, 1], [true, true, false, false, 3, 0, 0]]","[5.000000000000001, 5.000000000000001, 5.000000000000001]"
52,True,2020-01-03T04:00:00+00:00,120.0,-10.0,False,True,0.0,0.0,0.0,124.5,0.0,0.0,4.500000000000001,4.500000000000001,0.0,1700.0,1700.0,150.0,3,0,"{""requested"": [], ""dispatched"": [], ""start_requested"": [], ""stopped"": []}","[5.000000000000001, 5.000000000000001, 5.000000000000001]","[1.5000000000000002, 1.5000000000000002, 1.5000000000000002]","[{""healthy"": true, ""running"": true, ""pending"": false, ""onsite"": false, ""prep"": 3, ""min_up"": 0, ""min_down"": 0, ""repair_until"": 31, ""runtime"": 36, ""demands"": 2}, {""healthy"": false, ""running"": false, ""pending"": false, ""onsite"": false, ""prep"": 0.0, ""min_up"": 0, ""min_down"": 0, ""repair_until"": 55, ""runtime"": 30, ""demands"": 2}, {""healthy"": true, ""running"": true, ""pending"": false, ""onsite"": false, ""prep"": 3, ""min_up"": 0, ""min_down"": 0, ""repair_until"": -1, ""runtime"": 23, ""demands"": 2}]","[[true, true, false, false, 3, 0, 0], [false, false, false, false, 0.0, 0, 0], [true, true, false, false, 3, 0, 0]]","[5.000000000000001, 5.000000000000001, 5.000000000000001]"
53,True,2020-01-03T05:00:00+00:00,120.0,-10.0,False,True,0.0,0.0,0.0,124.5,0.0,0.0,4.500000000000001,4.500000000000001,0.0,1700.0,1700.0,150.0,3,0,"{""requested"": [], ""dispatched"": [], ""start_requested"": [], ""stopped"": []}","[5.000000000000001, 5.000000000000001, 5.000000000000001]","[1.5000000000000002, 1.5000000000000002, 1.5000000000000002]","[{""healthy"": true, ""running"": true, ""pending"": false, ""onsite"": false, ""prep"": 3, ""min_up"": 0, ""min_down"": 0, ""repair_until"": 31, ""runtime"": 37, ""demands"": 2}, {""healthy"": false, ""running"": false, ""pending"": false, ""onsite"": false, ""prep"": 0.0, ""min_up"": 0, ""min_down"": 0, ""repair_until"": 55, ""runtime"": 30, ""demands"": 2}, {""healthy"": true, ""running"": true, ""pending"": false, ""onsite"": false, ""prep"": 3, ""min_up"": 0, ""min_down"": 0, ""repair_until"": -1, ""runtime"": 24, ""demands"": 2}]","[[true, true, false, false, 3, 0, 0], [false, false, false, false, 0.0, 0, 0], [true, true, false, false, 3, 0, 0]]","[5.000000000000001, 5.000000000000001, 5.000000000000001]"
54,True,2020-01-03T06:00:00+00:00,120.0,-10.0,False,True,0.0,0.0,0.0,124.5,0.0,0.0,4.500000000000001,4.500000000000001,0.0,1700.0,1700.0,150.0,3,0,"{""requested"": [], ""dispatched"": [], ""start_requested"": [], ""stopped"": []}","[5.000000000000001, 5.000000000000001, 5.000000000000001]","[1.5000000000000002, 1.5000000000000002, 1.5000000000000002]","[{""healthy"": true, ""running"": true, ""pending"": false, ""onsite"": false, ""prep"": 3, ""min_up"": 0, ""min_down"": 0, ""repair_until"": 31, ""runtime"": 38, ""demands"": 2}, {""healthy"": false, ""running"": false, ""pending"": false, ""onsite"": false, ""prep"": 0.0, ""min_up"": 0, ""min_down"": 0, ""repair_until"": 55, ""runtime"": 30, ""demands"": 2}, {""healthy"": true, ""running"": true, ""pending"": false, ""onsite"": false, ""prep"": 3, ""min_up"": 0, ""min_down"": 0, ""repair_until"": -1, ""runtime"": 25, ""demands"": 2}]","[[true, true, false, false, 3, 0, 0], [false, false, false, false, 0.0, 0, 0], [true, true, false, false, 3, 0, 0]]","[5.000000000000001, 5.000000000000001, 5.000000000000001]"
55,True,2020-01-03T07:00:00+00:00,120.0,-10.0,True,True,0.0,25.881904510252074,25.88190451025207,98.61809548974793,0.0,0.0,4.500000000000001,4.500000000000001,0.0,1700.0,1700.0,150.0,2,0,"{""requested"": [], ""dispatched"": [], ""start_requested"": [], ""stopped"": []}","[5.000000000000001, 5.000000000000001, 5.000000000000001]","[1.5000000000000002, 1.5000000000000002, 1.5000000000000002]","[{""healthy"": true, ""running"": true, ""pending"": false, ""onsite"": false, ""prep"": 3, ""min_up"": 0, ""min_down"": 0, ""repair_until"": 31, ""runtime"": 39, ""demands"": 2}, {""healthy"": true, ""running"": false, ""pending"": false, ""onsite"": false, ""prep"": 3, ""min_up"": 0, ""min_down"": 0, ""repair_until"": 55, ""runtime"": 30, ""demands"": 2}, {""healthy"": true, ""running"": true, ""pending"": false, ""onsite"": false, ""prep"": 3, ""min_up"": 0, ""min_down"": 0, ""repair_until"": -1, ""runtime"": 26, ""demands"": 2}]","[[true, true, false, false, 3, 0, 0], [true, false, false, false, 3, 0, 0], [true, true, false, false, 3, 0, 0]]","[5.000000000000001, 5.000000000000001, 5.000000000000001]"
56,True,2020-01-03T08:00:00+00:00,120.0,-10.0,True,True,0.0,49.99999999999999,49.99999999999999,74.5,0.0,0.0,4.500000000000001,4.500000000000001,0.0,1700.0,1700.0,150.0,2,0,"{""requested"": [], ""dispatched"": [], ""start_requested"": [], ""stopped"": []}","[5.000000000000001, 5.000000000000001, 5.000000000000001]","[1.5000000000000002, 1.5000000000000002, 1.5000000000000002]","[{""healthy"": true, ""running"": true, ""pending"": false, ""onsite"": false, ""prep"": 3, ""min_up"": 0, ""min_down"": 0, ""repair_until"": 31, ""runtime"": 40, ""demands"": 2}, {""healthy"": true, ""running"": false, ""pending"": false, ""onsite"": false, ""prep"": 3, ""min_up"": 0, ""min_down"": 0, ""repair_until"": 55, ""runtime"": 30, ""demands"": 2}, {""healthy"": true, ""running"": true, ""pending"": false, ""onsite"": false, ""prep"": 3, ""min_up"": 0, ""min_down"": 0, ""repair_until"": -1, ""runtime"": 27, ""demands"": 2}]","[[true, true, false, false, 3, 0, 0], [true, false, false, false, 3, 0, 0], [true, true, false, false, 3, 0, 0]]","[5.000000000000001, 5.000000000000001, 5.000000000000001]"
57,True,2020-01-03T09:00:00+00:00,120.0,-10.0,True,True,0.0,70.71067811865474,70.71067811865474,53.78932188134526,0.0,0.0,4.500000000000001,4.500000000000001,0.0,1700.0,1700.0,150.0,2,0,"{""requested"": [], ""dispatched"": [], ""start_requested"": [], ""stopped"": []}","[5.000000000000001, 5.000000000000001, 5.000000000000001]","[1.5000000000000002, 1.5000000000000002, 1.5000000000000002]","[{""healthy"": true, ""running"": true, ""pending"": false, ""onsite"": false, ""prep"": 3, ""min_up"": 0, ""min_down"": 0, ""repair_until"": 31, ""runtime"": 41, ""demands"": 2}, {""healthy"": true, ""running"": false, ""pending"": false, ""onsite"": false, ""prep"": 3, ""min_up"": 0, ""min_down"": 0, ""repair_until"": 55, ""runtime"": 30, ""demands"": 2}, {""healthy"": true, ""running"": true, ""pending"": false, ""onsite"": false, ""prep"": 3, ""min_up"": 0, ""min_down"": 0, ""repair_until"": -1, ""runtime"": 28, ""demands"": 2}]","[[true, true, false, false, 3, 0, 0], [true, false, false, false, 3, 0, 0], [true, true, false, false, 3, 0, 0]]","[5.000000000000001, 5.000000000000001, 5.000000000000001]"
58,True,2020-01-03T10:00:00+00:00,120.0,-10.0,True,True,0.0,86.60254037844386,84.5,40.0,0.0,0.0,4.500000000000001,4.500000000000001,0.0,1700.0,1700.0,150.0,2,0,"{""requested"": [], ""dispatched"": [], ""start_requested"": [], ""stopped"": []}","[5.000000000000001, 5.000000000000001, 5.000000000000001]","[1.5000000000000002, 1.5000000000000002, 1.5000000000000002]","[{""healthy"": true, ""running"": true, ""pending"": false, ""onsite"": false, ""prep"": 3, ""min_up"": 0, ""min_down"": 0, ""repair_until"": 31, ""runtime"": 42, ""demands"": 2}, {""healthy"": true, ""running"": false, ""pending"": false, ""onsite"": false, ""prep"": 3, ""min_up"": 0, ""min_down"": 0, ""repair_until"": 55, ""runtime"": 30, ""demands"": 2}, {""healthy"": true, ""running"": true, ""pending"": false, ""onsite"": false, ""prep"": 3, ""min_up"": 0, ""min_down"": 0, ""repair_until"": -1, ""runtime"": 29, ""demands"": 2}]","[[true, true, false, false, 3, 0, 0], [true, false, false, false, 3, 0, 0], [true, true, false, false, 3, 0, 0]]","[5.000000000000001, 5.000000000000001, 5.000000000000001]"
59,True,2020-01-03T11:00:00+00:00,120.0,-10.0,True,True,0.0,96.59258262890683,84.5,40.0,0.0,0.0,4.500000000000001,4.500000000000001,0.0,1700.0,1700.0,150.0,2,0,"{""requested"": [], ""dispatched"": [], ""start_requested"": [], ""stopped"": []}","[5.000000000000001, 5.000000000000001, 5.000000000000001]","[1.5000000000000002, 1.5000000000000002, 1.5000000000000002]","[{""healthy"": true, ""running"": true, ""pending"": false, ""onsite"": false, ""prep"": 3, ""min_up"": 0, ""min_down"": 0, ""repair_until"": 31, ""runtime"": 43, ""demands"": 2}, {""healthy"": true, ""running"": false, ""pending"": false, ""onsite"": false, ""prep"": 3, ""min_up"": 0, ""min_down"": 0, ""repair_until"": 55, ""runtime"": 30, ""demands"": 2}, {""healthy"": true, ""running"": true, ""pending"": false, ""onsite"": false, ""prep"": 3, ""min_up"": 0, ""min_down"": 0, ""repair_until"": -1, ""runtime"": 30, ""demands"": 2}]","[[true, true, false, false, 3, 0, 0], [true, false, false, false, 3, 0, 0], [true, true, false, false, 3, 0, 0]]","[5.000000000000001, 5.000000000000001, 5.000000000000001]"
60,True,2020-01-03T12:00:00+00:00,120.0,-10.0,True,False,0.0,100.0,84.5,40.0,0.0,0.0,4.500000000000001,4.500000000000001,0.0,1700.0,1700.0,150.0,2,0,"{""requested"": [], ""dispatched"": [], ""start_requested"": [], ""stopped"": []}","[5.000000000000001, 5.000000000000001, 5.000000000000001]","[1.5000000000000002, 1.5000000000000002, 1.5000000000000002]","[{""healthy"": true, ""running"": true, ""pending"": false, ""onsite"": false, ""prep"": 3, ""min_up"": 0, ""min_down"": 0, ""repair_until"": 31, ""runtime"": 44, ""demands"": 2}, {""healthy"": true, ""running"": false, ""pending"": false, ""onsite"": false, ""prep"": 3, ""min_up"": 0, ""min_down"": 0, ""repair_until"": 55, ""runtime"": 30, ""demands"": 2}, {""healthy"": true, ""running"": true, ""pending"": false, ""onsite"": false, ""prep"": 3, ""min_up"": 0, ""min_down"": 0, ""repair_until"": -1, ""runtime"": 31, ""demands"": 2}]","[[true, true, false, false, 3, 0, 0], [true, false, false, false, 3, 0, 0], [true, true, false, false, 3, 0, 0]]","[5.000000000000001, 5.000000000000001, 5.000000000000001]"
61,True,2020-01-03T13:00:00+00:00,120.0,-10.0,True,False,0.0,96.59258262890683,84.5,40.0,0.0,0.0,4.500000000000001,4.500000000000001,0.0,1700.0,1700.0,150.0,2,0,"{""requested"": [], ""dispatched"": [], ""start_requested"": [], ""stopped"": []}","[5.000000000000001, 5.000000000000001, 5.000000000000001]","[1.5000000000000002, 1.5000000000000002, 1.5000000000000002]","[{""healthy"": true, ""running"": true, ""pending"": false, ""onsite"": false, ""prep"": 3, ""min_up"": 0, ""min_down"": 0, ""repair_until"": 31, ""runtime"": 45, ""demands"": 2}, {""healthy"": true, ""running"": false, ""pending"": false, ""onsite"": false, ""prep"": 3, ""min_up"": 0, ""min_down"": 0, ""repair_until"": 55, ""runtime"": 30, ""demands"": 2}, {""healthy"": true, ""running"": true, ""pending"": false, ""onsite"": false, ""prep"": 3, ""min_up"": 0, ""min_down"": 0, ""repair_until"": -1, ""runtime"": 32, ""demands"": 2}]","[[true, true, false, false, 3, 0, 0], [true, false, false, false, 3, 0, 0], [true, true, false, false, 3, 0, 0]]","[5.000000000000001, 5.000000000000001, 5.000000000000001]"
62,True,2020-01-03T14:00:00+00:00,120.0,-10.0,True,False,0.0,86.60254037844388,84.5,40.0,0.0,0.0,4.500000000000001,4.500000000000001,0.0,1700.0,1700.0,150.0,2,0,"{""requested"": [], ""dispatched"": [], ""start_requested"": [], ""stopped"": []}","[5.000000000000001, 5.000000000000001, 5.000000000000001]","[1.5000000000000002, 1.5000000000000002, 1.5000000000000002]","[{""healthy"": true, ""running"": true, ""pending"": false, ""onsite"": false, ""prep"": 3, ""min_up"": 0, ""min_down"": 0, ""repair_until"": 31, ""runtime"": 46, ""demands"": 2}, {""healthy"": true, ""running"": false, ""pending"": false, ""onsite"": false, ""prep"": 3, ""min_up"": 0, ""min_down"": 0, ""repair_until"": 55, ""runtime"": 30, ""demands"": 2}, {""healthy"": true, ""running"": true, ""pending"": false, ""onsite"": false, ""prep"": 3, ""min_up"": 0, ""min_down"": 0, ""repair_until"": -1, ""runtime"": 33, ""demands"": 2}]","[[true, true, false, false, 3, 0, 0], [true, false, false, false, 3, 0, 0], [true, true, false, false, 3, 0, 0]]","[5.000000000000001, 5.000000000000001, 5.000000000000001]"
63,True,2020-01-03T15:00:00+00:00,120.0,-10.0,True,False,0.0,70.71067811865476,70.71067811865476,53.789321881345245,0.0,0.0,4.500000000000001,4.500000000000001,0.0,1700.0,1700.0,150.0,2,0,"{""requested"": [], ""dispatched"": [], ""start_requested"": [], ""stopped"": []}","[5.000000000000001, 5.000000000000001, 5.000000000000001]","[1.5000000000000002, 1.5000000000000002, 1.5000000000000002]","[{""healthy"": true, ""running"": true, ""pending"": false, ""onsite"": false, ""prep"": 3, ""min_up"": 0, ""min_down"": 0, ""repair_until"": 31, ""runtime"": 47, ""demands"": 2}, {""healthy"": true, ""running"": false, ""pending"": false, ""onsite"": false, ""prep"": 3, ""min_up"": 0, ""min_down"": 0, ""repair_until"": 55, ""runtime"": 30, ""demands"": 2}, {""healthy"": true, ""running"": true, ""pending"": false, ""onsite"": false, ""prep"": 3, ""min_up"": 0, ""min_down"": 0, ""repair_until"": -1, ""runtime"": 34, ""demands"": 2}]","[[true, true, false, false, 3, 0, 0], [true, false, false, false, 3, 0, 0], [true, true, false, false, 3, 0, 0]]","[5.000000000000001, 5.000000000000001, 5.000000000000001]"
64,True,2020-01-03T16:00:00+00:00,120.0,-10.0,True,False,0.0,49.99999999999999,49.99999999999999,74.5,0.0,0.0,4.500000000000001,4.500000000000001,0.0,1700.0,1700.0,150.0,2,0,"{""requested"": [], ""dispatched"": [], ""start_requested"": [], ""stopped"": []}","[5.000000000000001, 5.000000000000001, 5.000000000000001]","[1.5000000000000002, 1.5000000000000002, 1.5000000000000002]","[{""healthy"": true, ""running"": true, ""pending"": false, ""onsite"": false, ""prep"": 3, ""min_up"": 0, ""min_down"": 0, ""repair_until"": 31, ""runtime"": 48, ""demands"": 2}, {""healthy"": true, ""running"": false, ""pending"": false, ""onsite"": false, ""prep"": 3, ""min_up"": 0, ""min_down"": 0, ""repair_until"": 55, ""runtime"": 30, ""demands"": 2}, {""healthy"": true, ""running"": true, ""pending"": false, ""onsite"": false, ""prep"": 3, ""min_up"": 0, ""min_down"": 0, ""repair_until"": -1, ""runtime"": 35, ""demands"": 2}]","[[true, true, false, false, 3, 0, 0], [true, false, false, false, 3, 0, 0], [true, true, false, false, 3, 0, 0]]","[5.000000000000001, 5.000000000000001, 5.000000000000001]"
65,True,2020-01-03T17:00:00+00:00,120.0,-10.0,True,False,0.0,25.881904510252102,25.8819045102521,98.6180954897479,0.0,0.0,4.500000000000001,4.500000000000001,0.0,1700.0,1700.0,150.0,2,0,"{""requested"": [], ""dispatched"": [], ""start_requested"": [], ""stopped"": []}","[5.000000000000001, 5.000000000000001, 5.000000000000001]","[1.5000000000000002, 1.5000000000000002, 1.5000000000000002]","[{""healthy"": true, ""running"": true, ""pending"": false, ""onsite"": false, ""prep"": 3, ""min_up"": 0, ""min_down"": 0, ""repair_until"": 31, ""runtime"": 49, ""demands"": 2}, {""healthy"": true, ""running"": false, ""pending"": false, ""onsite"": false, ""prep"": 3, ""min_up"": 0, ""min_down"": 0, ""repair_until"": 55, ""runtime"": 30, ""demands"": 2}, {""healthy"": true, ""running"": true, ""pending"": false, ""onsite"": false, ""prep"": 3, ""min_up"": 0, ""min_down"": 0, ""repair_until"": -1, ""runtime"": 36, ""demands"": 2}]","[[true, true, false, false, 3, 0, 0], [true, false, false, false, 3, 0, 0], [true, true, false, false, 3, 0, 0]]","[5.000000000000001, 5.000000000000001, 5.000000000000001]"
66,True,2020-01-03T18:00:00+00:00,120.0,-10.0,True,False,0.0,1.2246467991473532e-14,1.2246467991473532e-14,124.49999999999999,0.0,0.0,4.500000000000001,4.500000000000001,0.0,1700.0,1700.0,150.0,3,0,"{""requested"": [1], ""dispatched"": [1], ""start_requested"": [1], ""stopped"": []}","[5.000000000000001, 5.000000000000001, 5.000000000000001]","[1.5000000000000002, 1.5000000000000002, 1.5000000000000002]","[{""healthy"": true, ""running"": true, ""pending"": false, ""onsite"": false, ""prep"": 3, ""min_up"": 0, ""min_down"": 0, ""repair_until"": 31, ""runtime"": 50, ""demands"": 2}, {""healthy"": true, ""running"": true, ""pending"": false, ""onsite"": false, ""prep"": 3, ""min_up"": 3, ""min_down"": 0, ""repair_until"": 55, ""runtime"": 30, ""demands"": 3}, {""healthy"": true, ""running"": true, ""pending"": false, ""onsite"": false, ""prep"": 3, ""min_up"": 0, ""min_down"": 0, ""repair_until"": -1, ""runtime"": 37, ""demands"": 2}]","[[true, true, false, false, 3, 0, 0], [true, false, false, false, 3, 0, 0], [true, true, false, false, 3, 0, 0]]","[5.000000000000001, 5.000000000000001, 5.000000000000001]"
67,True,2020-01-03T19:00:00+00:00,120.0,-10.0,True,False,0.0,0.0,0.0,124.5,0.0,0.0,4.500000000000001,4.500000000000001,0.0,1700.0,1700.0,150.0,3,0,"{""requested"": [], ""dispatched"": [], ""start_requested"": [], ""stopped"": []}","[5.000000000000001, 5.000000000000001, 5.000000000000001]","[1.5000000000000002, 1.5000000000000002, 1.5000000000000002]","[{""healthy"": true, ""running"": true, ""pending"": false, ""onsite"": false, ""prep"": 3, ""min_up"": 0, ""min_down"": 0, ""repair_until"": 31, ""runtime"": 51, ""demands"": 2}, {""healthy"": true, ""running"": true, ""pending"": false, ""onsite"": false, ""prep"": 3, ""min_up"": 2, ""min_down"": 0, ""repair_until"": 55, ""runtime"": 31, ""demands"": 3}, {""healthy"": true, ""running"": true, ""pending"": false, ""onsite"": false, ""prep"": 3, ""min_up"": 0, ""min_down"": 0, ""repair_until"": -1, ""runtime"": 38, ""demands"": 2}]","[[true, true, false, false, 3, 0, 0], [true, true, false, false, 3, 2, 0], [true, true, false, false, 3, 0, 0]]","[5.000000000000001, 5.000000000000001, 5.000000000000001]"
68,True,2020-01-03T20:00:00+00:00,120.0,-10.0,True,False,0.0,0.0,0.0,124.5,0.0,0.0,4.500000000000001,4.500000000000001,0.0,1700.0,1700.0,150.0,3,0,"{""requested"": [], ""dispatched"": [], ""start_requested"": [], ""stopped"": []}","[5.000000000000001, 5.000000000000001, 5.000000000000001]","[1.5000000000000002, 1.5000000000000002, 1.5000000000000002]","[{""healthy"": true, ""running"": true, ""pending"": false, ""onsite"": false, ""prep"": 3, ""min_up"": 0, ""min_down"": 0, ""repair_until"": 31, ""runtime"": 52, ""demands"": 2}, {""healthy"": true, ""running"": true, ""pending"": false, ""onsite"": false, ""prep"": 3, ""min_up"": 1, ""min_down"": 0, ""repair_until"": 55, ""runtime"": 32, ""demands"": 3}, {""healthy"": true, ""running"": true, ""pending"": false, ""onsite"": false, ""prep"": 3, ""min_up"": 0, ""min_down"": 0, ""repair_until"": -1, ""runtime"": 39, ""demands"": 2}]","[[true, true, false, false, 3, 0, 0], [true, true, false, false, 3, 1, 0], [true, true, false, false, 3, 0, 0]]","[5.000000000000001, 5.000000000000001, 5.000000000000001]"
69,True,2020-01-03T21:00:00+00:00,120.0,-10.0,True,False,0.0,0.0,0.0,124.5,0.0,0.0,4.500000000000001,4.500000000000001,0.0,1700.0,1700.0,150.0,3,0,"{""requested"": [], ""dispatched"": [], ""start_requested"": [], ""stopped"": []}","[5.000000000000001, 5.000000000000001, 5.000000000000001]","[1.5000000000000002, 1.5000000000000002, 1.5000000000000002]","[{""healthy"": true, ""running"": true, ""pending"": false, ""onsite"": false, ""prep"": 3, ""min_up"": 0, ""min_down"": 0, ""repair_until"": 31, ""runtime"": 53, ""demands"": 2}, {""healthy"": true, ""running"": true, ""pending"": false, ""onsite"": false, ""prep"": 3, ""min_up"": 0, ""min_down"": 0, ""repair_until"": 55, ""runtime"": 33, ""demands"": 3}, {""healthy"": true, ""running"": true, ""pending"": false, ""onsite"": false, ""prep"": 3, ""min_up"": 0, ""min_down"": 0, ""repair_until"": -1, ""runtime"": 40, ""demands"": 2}]","[[true, true, false, false, 3, 0, 0], [true, true, false, false, 3, 0, 0], [true, true, false, false, 3, 0, 0]]","[5.000000000000001, 5.000000000000001, 5.000000000000001]"
70,True,2020-01-03T22:00:00+00:00,120.0,-10.0,True,False,0.0,0.0,0.0,124.5,0.0,0.0,4.500000000000001,4.500000000000001,0.0,1700.0,1700.0,150.0,3,0,"{""requested"": [], ""dispatched"": [], ""start_requested"": [], ""stopped"": []}","[5.000000000000001, 5.000000000000001, 5.000000000000001]","[1.5000000000000002, 1.5000000000000002, 1.5000000000000002]","[{""healthy"": true, ""running"": true, ""pending"": false, ""onsite"": false, ""prep"": 3, ""min_up"": 0, ""min_down"": 0, ""repair_until"": 31, ""runtime"": 54, ""demands"": 2}, {""healthy"": true, ""running"": true, ""pending"": false, ""onsite"": false, ""prep"": 3, ""min_up"": 0, ""min_down"": 0, ""repair_until"": 55, ""runtime"": 34, ""demands"": 3}, {""healthy"": true, ""running"": true, ""pending"": false, ""onsite"": false, ""prep"": 3, ""min_up"": 0, ""min_down"": 0, ""repair_until"": -1, ""runtime"": 41, ""demands"": 2}]","[[true, true, false, false, 3, 0, 0], [true, true, false, false, 3, 0, 0], [true, true, false, false, 3, 0, 0]]","[5.000000000000001, 5.000000000000001, 5.000000000000001]"
71,True,2020-01-03T23:00:00+00:00,120.0,-10.0,True,False,0.0,0.0,0.0,124.5,0.0,0.0,4.500000000000001,4.500000000000001,0.0,1700.0,1700.0,150.0,3,0,"{""requested"": [], ""dispatched"": [], ""start_requested"": [], ""stopped"": []}","[5.000000000000001, 5.000000000000001, 5.000000000000001]","[1.5000000000000002, 1.5000000000000002, 1.5000000000000002]","[{""healthy"": true, ""running"": true, ""pending"": false, ""onsite"": false, ""prep"": 3, ""min_up"": 0, ""min_down"": 0, ""repair_until"": 31, ""runtime"": 55, ""demands"": 2}, {""healthy"": true, ""running"": true, ""pending"": false, ""onsite"": false, ""prep"": 3, ""min_up"": 0, ""min_down"": 0, ""repair_until"": 55, ""runtime"": 35, ""demands"": 3}, {""healthy"": true, ""running"": true, ""pending"": false, ""onsite"": false, ""prep"": 3, ""min_up"": 0, ""min_down"": 0, ""repair_until"": -1, ""runtime"": 42, ""demands"": 2}]","[[true, true, false, false, 3, 0, 0], [true, true, false, false, 3, 0, 0], [true, true, false, false, 3, 0, 0]]","[5.000000000000001, 5.000000000000001, 5.000000000000001]"
