hour,measured,kind,device,repair_complete_hour,temperature_c
-336,False,standby_request,0,,
-336,False,standby_request,1,,
-336,False,standby_request,2,,
-336,False,crew_arrival,0,,
-334,False,temperature_ready,0,,
-333,False,preparation_complete,0,,
-333,False,diesel_start,0,,
-332,False,crew_arrival,1,,
-330,False,temperature_ready,1,,
-329,False,preparation_complete,1,,
-329,False,diesel_start,1,,
-328,False,crew_arrival,2,,
-326,False,temperature_ready,2,,
-325,False,preparation_complete,2,,
-325,False,diesel_start,2,,
594,True,diesel_run_failure,1,652,
594,True,standby_request,3,,
594,True,crew_arrival,3,,
595,True,temperature_ready,3,,
597,True,preparation_complete,3,,
597,True,diesel_start,3,,
652,True,diesel_repair_complete,1,,5.0
669,True,diesel_run_failure,0,691,
669,True,standby_request,1,,
669,True,crew_arrival,1,,
669,True,diesel_start,1,,
691,True,diesel_repair_complete,0,,5.0
757,True,wind_protection_enter,-1,,
773,True,wind_protection_exit,-1,,
986,True,diesel_run_failure,2,987,
986,True,standby_request,0,,
986,True,crew_arrival,0,,
986,True,diesel_start,0,,
987,True,diesel_repair_complete,2,,5.0
1087,True,wind_failure,3,1239,
1239,True,wind_repair_complete,3,,
1413,True,wind_protection_enter,-1,,
1428,True,wind_protection_exit,-1,,
1463,True,wind_protection_enter,-1,,
1484,True,wind_protection_exit,-1,,
1485,True,wind_protection_enter,-1,,
1499,True,wind_protection_exit,-1,,
1503,True,wind_protection_enter,-1,,
1515,True,wind_protection_exit,-1,,
2558,True,wind_protection_enter,-1,,
2574,True,wind_protection_exit,-1,,
2617,True,diesel_run_failure,3,2633,
2617,True,standby_request,2,,
2617,True,crew_arrival,2,,
2617,True,diesel_start,2,,
2633,True,diesel_repair_complete,3,,5.0
2725,True,wind_protection_enter,-1,,
2740,True,wind_protection_exit,-1,,
2799,True,diesel_run_failure,0,2902,
2799,True,standby_request,3,,
2799,True,crew_arrival,3,,
2799,True,diesel_start,3,,
2902,True,diesel_repair_complete,0,,5.0
2976,True,wind_protection_enter,-1,,
2988,True,wind_protection_exit,-1,,
3107,True,standby_request,0,,
3107,True,crew_arrival,0,,
3107,True,diesel_start,0,,
3108,True,diesel_stop,3,,
3136,True,standby_request,3,,
3136,True,crew_arrival,3,,
3151,True,wind_protection_enter,-1,,
3203,True,wind_protection_exit,-1,,
3350,True,wind_protection_enter,-1,,
3368,True,wind_protection_exit,-1,,
3561,True,wind_protection_enter,-1,,
3573,True,wind_protection_exit,-1,,
3620,True,wind_protection_enter,-1,,
3629,True,pv_failure,0,3932,
3651,True,wind_protection_exit,-1,,
3704,True,wind_protection_enter,-1,,
3722,True,wind_protection_exit,-1,,
3772,True,wind_protection_enter,-1,,
3784,True,wind_protection_exit,-1,,
3818,True,diesel_run_failure,2,3830,
3818,True,standby_request,3,,
3818,True,crew_arrival,3,,
3819,True,preparation_complete,3,,
3819,True,diesel_start,3,,
3830,True,diesel_repair_complete,2,,5.0
3932,True,pv_repair_complete,0,,
4002,True,standby_request,2,,
4002,True,crew_arrival,2,,
4002,True,diesel_start,2,,
4003,True,diesel_stop,3,,
4017,True,diesel_run_failure,0,4157,
4017,True,standby_request,3,,
4017,True,crew_arrival,3,,
4020,True,preparation_complete,3,,
4020,True,diesel_start,3,,
4046,True,diesel_run_failure,1,4060,
4060,True,diesel_repair_complete,1,,4.999999999999999
4060,True,standby_request,1,,
4060,True,crew_arrival,1,,
4060,True,diesel_start,1,,
4112,True,diesel_run_failure,3,4115,
4115,True,diesel_repair_complete,3,,4.999999999999999
4115,True,standby_request,3,,
4115,True,crew_arrival,3,,
4115,True,diesel_start,3,,
4127,True,wind_protection_enter,-1,,
4139,True,wind_protection_exit,-1,,
4157,True,diesel_repair_complete,0,,5.0
4218,True,standby_request,0,,
4218,True,crew_arrival,0,,
4218,True,diesel_start,0,,
4219,True,diesel_stop,3,,
4277,True,wind_protection_enter,-1,,
4299,True,wind_protection_exit,-1,,
4363,True,wind_protection_enter,-1,,
4377,True,wind_protection_exit,-1,,
4569,True,wind_protection_enter,-1,,
4601,True,wind_protection_exit,-1,,
4608,True,wind_protection_enter,-1,,
4620,True,wind_protection_exit,-1,,
4623,True,wind_protection_enter,-1,,
4643,True,wind_protection_exit,-1,,
4646,True,wind_protection_enter,-1,,
4665,True,pv_failure,1,5653,
4679,True,diesel_run_failure,1,4692,
4679,True,standby_request,3,,
4679,True,crew_arrival,3,,
4682,True,preparation_complete,3,,
4682,True,diesel_start,3,,
4692,True,diesel_repair_complete,1,,4.999999999999999
4693,True,standby_request,1,,
4693,True,crew_arrival,1,,
4693,True,diesel_start,1,,
4694,True,diesel_stop,3,,
4701,True,wind_protection_exit,-1,,
4721,True,wind_protection_enter,-1,,
4740,True,standby_request,3,,
4746,True,standby_request,3,,
4746,True,crew_arrival,3,,
4769,True,wind_protection_exit,-1,,
4859,True,wind_protection_enter,-1,,
4880,True,wind_protection_exit,-1,,
4898,True,wind_protection_enter,-1,,
4911,True,wind_protection_exit,-1,,
4921,True,diesel_run_failure,2,4940,
4921,True,standby_request,3,,
4921,True,crew_arrival,3,,
4923,True,preparation_complete,3,,
4923,True,diesel_start,3,,
4940,True,diesel_repair_complete,2,,4.999999999999999
4976,True,standby_request,2,,
4976,True,crew_arrival,2,,
4976,True,diesel_start,2,,
4977,True,diesel_stop,3,,
4980,True,standby_request,3,,
4980,True,crew_arrival,3,,
4986,True,diesel_run_failure,2,4998,
4986,True,standby_request,3,,
4986,True,crew_arrival,3,,
4988,True,preparation_complete,3,,
4988,True,diesel_start,3,,
4998,True,diesel_repair_complete,2,,4.999999999999999
5001,True,standby_request,2,,
5001,True,crew_arrival,2,,
5001,True,diesel_start,2,,
5002,True,diesel_stop,3,,
5011,True,standby_request,3,,
5011,True,crew_arrival,3,,
5053,True,standby_request,3,,
5053,True,crew_arrival,3,,
5058,True,standby_request,3,,
5058,True,crew_arrival,3,,
5059,True,preparation_complete,3,,
5059,True,diesel_start,3,,
5060,True,diesel_stop,2,,
5072,True,standby_request,2,,
5072,True,crew_arrival,2,,
5108,True,wind_protection_enter,-1,,
5147,True,wind_protection_exit,-1,,
5275,True,wind_protection_enter,-1,,
5292,True,wind_protection_exit,-1,,
5305,True,wind_protection_enter,-1,,
5320,True,wind_protection_exit,-1,,
5322,True,wind_failure,4,5514,
5341,True,wind_protection_enter,-1,,
5357,True,wind_protection_exit,-1,,
5367,True,diesel_run_failure,1,5376,
5367,True,standby_request,2,,
5367,True,crew_arrival,2,,
5368,True,preparation_complete,2,,
5368,True,diesel_start,2,,
5374,True,wind_protection_enter,-1,,
5376,True,diesel_repair_complete,1,,5.0
5416,True,wind_protection_exit,-1,,
5475,True,wind_protection_enter,-1,,
5514,True,wind_repair_complete,4,,
5516,True,wind_protection_exit,-1,,
5517,True,wind_protection_enter,-1,,
5532,True,wind_protection_exit,-1,,
5555,True,wind_failure,3,5660,
5653,True,pv_repair_complete,1,,
5659,True,diesel_run_failure,2,5661,
5659,True,standby_request,1,,
5659,True,crew_arrival,1,,
5659,True,diesel_start,1,,
5660,True,wind_repair_complete,3,,
5661,True,diesel_repair_complete,2,,4.999999999999999
5675,True,wind_protection_enter,-1,,
5687,True,wind_protection_exit,-1,,
5821,True,wind_protection_enter,-1,,
5834,True,wind_protection_exit,-1,,
5959,True,pv_failure,1,6599,
5994,True,wind_protection_enter,-1,,
6006,True,wind_protection_exit,-1,,
6069,True,diesel_run_failure,3,6159,
6069,True,standby_request,2,,
6069,True,crew_arrival,2,,
6069,True,diesel_start,2,,
6153,True,diesel_run_failure,2,6192,
6159,True,diesel_repair_complete,3,,5.0
6159,True,standby_request,3,,
6159,True,crew_arrival,3,,
6159,True,diesel_start,3,,
6183,True,wind_protection_enter,-1,,
6192,True,diesel_repair_complete,2,,4.999999999999999
6196,True,wind_protection_exit,-1,,
6201,True,wind_protection_enter,-1,,
6223,True,wind_protection_exit,-1,,
6309,True,wind_protection_enter,-1,,
6357,True,wind_protection_exit,-1,,
6386,True,wind_protection_enter,-1,,
6398,True,diesel_run_failure,0,6471,
6398,True,standby_request,2,,
6407,True,crew_arrival,2,,
6407,True,diesel_start,2,,
6432,True,wind_protection_exit,-1,,
6471,True,diesel_repair_complete,0,,4.999999999999999
6593,True,wind_failure,3,6684,
6599,True,pv_repair_complete,1,,
6684,True,wind_repair_complete,3,,
6976,True,wind_protection_enter,-1,,
6991,True,wind_protection_exit,-1,,
7071,True,diesel_run_failure,1,7132,
7071,True,standby_request,0,,
7071,True,crew_arrival,0,,
7071,True,diesel_start,0,,
7102,True,wind_protection_enter,-1,,
7117,True,wind_protection_exit,-1,,
7132,True,diesel_repair_complete,1,,5.0
7177,True,wind_protection_enter,-1,,
7189,True,wind_protection_exit,-1,,
7191,True,wind_protection_enter,-1,,
7234,True,wind_protection_exit,-1,,
7465,True,wind_failure,3,7749,
7533,True,wind_protection_enter,-1,,
7542,True,diesel_run_failure,3,7610,
7542,True,standby_request,1,,
7542,True,crew_arrival,1,,
7542,True,diesel_start,1,,
7563,True,wind_protection_exit,-1,,
7610,True,diesel_repair_complete,3,,5.0
7654,True,wind_protection_enter,-1,,
7666,True,wind_protection_exit,-1,,
7680,True,wind_protection_enter,-1,,
7717,True,wind_protection_exit,-1,,
7749,True,wind_repair_complete,3,,
