sample_role,scenario,probability,loss_kwh
training,0,0.0078125,0.0
training,1,0.0078125,0.0
training,2,0.0078125,0.0
training,3,0.0078125,0.0
training,4,0.0078125,0.0
training,5,0.0078125,0.0
training,6,0.0078125,0.0
training,7,0.0078125,0.0
training,8,0.0078125,0.0
training,9,0.0078125,0.0
training,10,0.0078125,0.0
training,11,0.0078125,0.0
training,12,0.0078125,0.0
training,13,0.0078125,0.0
training,14,0.0078125,0.0
training,15,0.0078125,0.0
training,16,0.0078125,0.0
training,17,0.0078125,0.0
training,18,0.0078125,0.0
training,19,0.0078125,0.0
training,20,0.0078125,0.0
training,21,0.0078125,0.0
training,22,0.0078125,0.0
training,23,0.0078125,0.0
training,24,0.0078125,0.0
training,25,0.0078125,0.0
training,26,0.0078125,0.0
training,27,0.0078125,0.0
training,28,0.0078125,0.0
training,29,0.0078125,0.0
training,30,0.0078125,0.0
training,31,0.0078125,0.0
training,32,0.0078125,0.0
training,33,0.0078125,0.0
training,34,0.0078125,0.0
training,35,0.0078125,0.0
training,36,0.0078125,0.0
training,37,0.0078125,0.0
training,38,0.0078125,0.0
training,39,0.0078125,0.0
training,40,0.0078125,0.0
training,41,0.0078125,0.0
training,42,0.0078125,0.0
training,43,0.0078125,0.0
training,44,0.0078125,0.0
training,45,0.0078125,0.0
training,46,0.0078125,0.0
training,47,0.0078125,0.0
training,48,0.0078125,0.0
training,49,0.0078125,0.0
training,50,0.0078125,0.0
training,51,0.0078125,0.0
training,52,0.0078125,0.0
training,53,0.0078125,0.0
training,54,0.0078125,0.0
training,55,0.0078125,0.0
training,56,0.0078125,0.0
training,57,0.0078125,0.0
training,58,0.0078125,0.0
training,59,0.0078125,0.0
training,60,0.0078125,0.0
training,61,0.0078125,0.0
training,62,0.0078125,0.0
training,63,0.0078125,0.0
training,64,0.0078125,0.0
training,65,0.0078125,0.0
training,66,0.0078125,0.0
training,67,0.0078125,0.0
training,68,0.0078125,0.0
training,69,0.0078125,0.0
training,70,0.0078125,0.0
training,71,0.0078125,0.0
training,72,0.0078125,0.0
training,73,0.0078125,0.0
training,74,0.0078125,0.0
training,75,0.0078125,0.0
training,76,0.0078125,0.0
training,77,0.0078125,0.0
training,78,0.0078125,0.0
training,79,0.0078125,0.0
training,80,0.0078125,0.0
training,81,0.0078125,0.0
training,82,0.0078125,0.0
training,83,0.0078125,0.0
training,84,0.0078125,0.0
training,85,0.0078125,0.0
training,86,0.0078125,0.0
training,87,0.0078125,0.0
training,88,0.0078125,0.0
training,89,0.0078125,0.0
training,90,0.0078125,0.0
training,91,0.0078125,0.0
training,92,0.0078125,0.0
training,93,0.0078125,0.0
training,94,0.0078125,0.0
training,95,0.0078125,0.0
training,96,0.0078125,0.0
training,97,0.0078125,0.0
training,98,0.0078125,0.0
training,99,0.0078125,0.0
training,100,0.0078125,0.0
training,101,0.0078125,0.0
training,102,0.0078125,0.0
training,103,0.0078125,0.0
training,104,0.0078125,0.0
training,105,0.0078125,0.0
training,106,0.0078125,0.0
training,107,0.0078125,0.0
training,108,0.0078125,0.0
training,109,0.0078125,0.0
training,110,0.0078125,0.0
training,111,0.0078125,0.0
training,112,0.0078125,0.0
training,113,0.0078125,0.0
training,114,0.0078125,0.0
training,115,0.0078125,0.0
training,116,0.0078125,0.0
training,117,0.0078125,0.0
training,118,0.0078125,0.0
training,119,0.0078125,0.0
training,120,0.0078125,0.0
training,121,0.0078125,0.0
training,122,0.0078125,0.0
training,123,0.0078125,0.0
training,124,0.0078125,0.0
training,125,0.0078125,0.0
training,126,0.0078125,0.0
training,127,0.0078125,0.0
independent_holdout,0,0.00390625,0.0
independent_holdout,1,0.00390625,0.0
independent_holdout,2,0.00390625,0.0
independent_holdout,3,0.00390625,0.0
independent_holdout,4,0.00390625,0.0
independent_holdout,5,0.00390625,0.0
independent_holdout,6,0.00390625,0.0
independent_holdout,7,0.00390625,0.0
independent_holdout,8,0.00390625,0.0
independent_holdout,9,0.00390625,0.0
independent_holdout,10,0.00390625,0.0
independent_holdout,11,0.00390625,0.0
independent_holdout,12,0.00390625,0.0
independent_holdout,13,0.00390625,0.0
independent_holdout,14,0.00390625,0.0
independent_holdout,15,0.00390625,0.0
independent_holdout,16,0.00390625,0.0
independent_holdout,17,0.00390625,0.0
independent_holdout,18,0.00390625,0.0
independent_holdout,19,0.00390625,0.0
independent_holdout,20,0.00390625,0.0
independent_holdout,21,0.00390625,0.0
independent_holdout,22,0.00390625,0.0
independent_holdout,23,0.00390625,0.0
independent_holdout,24,0.00390625,0.0
independent_holdout,25,0.00390625,0.0
independent_holdout,26,0.00390625,0.0
independent_holdout,27,0.00390625,0.0
independent_holdout,28,0.00390625,0.0
independent_holdout,29,0.00390625,0.0
independent_holdout,30,0.00390625,0.0
independent_holdout,31,0.00390625,0.0
independent_holdout,32,0.00390625,0.0
independent_holdout,33,0.00390625,0.0
independent_holdout,34,0.00390625,0.0
independent_holdout,35,0.00390625,0.0
independent_holdout,36,0.00390625,0.0
independent_holdout,37,0.00390625,0.0
independent_holdout,38,0.00390625,0.0
independent_holdout,39,0.00390625,0.0
independent_holdout,40,0.00390625,0.0
independent_holdout,41,0.00390625,0.0
independent_holdout,42,0.00390625,0.0
independent_holdout,43,0.00390625,0.0
independent_holdout,44,0.00390625,0.0
independent_holdout,45,0.00390625,0.0
independent_holdout,46,0.00390625,0.0
independent_holdout,47,0.00390625,0.0
independent_holdout,48,0.00390625,0.0
independent_holdout,49,0.00390625,0.0
independent_holdout,50,0.00390625,0.0
independent_holdout,51,0.00390625,0.0
independent_holdout,52,0.00390625,0.0
independent_holdout,53,0.00390625,0.0
independent_holdout,54,0.00390625,0.0
independent_holdout,55,0.00390625,0.0
independent_holdout,56,0.00390625,0.0
independent_holdout,57,0.00390625,0.0
independent_holdout,58,0.00390625,0.0
independent_holdout,59,0.00390625,0.0
independent_holdout,60,0.00390625,0.0
independent_holdout,61,0.00390625,0.0
independent_holdout,62,0.00390625,4652.229424488889
independent_holdout,63,0.00390625,0.0
independent_holdout,64,0.00390625,0.0
independent_holdout,65,0.00390625,0.0
independent_holdout,66,0.00390625,0.0
independent_holdout,67,0.00390625,0.0
independent_holdout,68,0.00390625,0.0
independent_holdout,69,0.00390625,0.0
independent_holdout,70,0.00390625,0.0
independent_holdout,71,0.00390625,0.0
independent_holdout,72,0.00390625,0.0
independent_holdout,73,0.00390625,0.0
independent_holdout,74,0.00390625,0.0
independent_holdout,75,0.00390625,0.0
independent_holdout,76,0.00390625,0.0
independent_holdout,77,0.00390625,0.0
independent_holdout,78,0.00390625,0.0
independent_holdout,79,0.00390625,0.0
independent_holdout,80,0.00390625,0.0
independent_holdout,81,0.00390625,0.0
independent_holdout,82,0.00390625,0.0
independent_holdout,83,0.00390625,0.0
independent_holdout,84,0.00390625,0.0
independent_holdout,85,0.00390625,0.0
independent_holdout,86,0.00390625,0.0
independent_holdout,87,0.00390625,0.0
independent_holdout,88,0.00390625,0.0
independent_holdout,89,0.00390625,0.0
independent_holdout,90,0.00390625,0.0
independent_holdout,91,0.00390625,0.0
independent_holdout,92,0.00390625,0.0
independent_holdout,93,0.00390625,0.0
independent_holdout,94,0.00390625,0.0
independent_holdout,95,0.00390625,0.0
independent_holdout,96,0.00390625,0.0
independent_holdout,97,0.00390625,0.0
independent_holdout,98,0.00390625,0.0
independent_holdout,99,0.00390625,0.0
independent_holdout,100,0.00390625,0.0
independent_holdout,101,0.00390625,0.0
independent_holdout,102,0.00390625,0.0
independent_holdout,103,0.00390625,0.0
independent_holdout,104,0.00390625,0.0
independent_holdout,105,0.00390625,0.0
independent_holdout,106,0.00390625,0.0
independent_holdout,107,0.00390625,0.0
independent_holdout,108,0.00390625,0.0
independent_holdout,109,0.00390625,0.0
independent_holdout,110,0.00390625,0.0
independent_holdout,111,0.00390625,0.0
independent_holdout,112,0.00390625,0.0
independent_holdout,113,0.00390625,0.0
independent_holdout,114,0.00390625,0.0
independent_holdout,115,0.00390625,0.0
independent_holdout,116,0.00390625,0.0
independent_holdout,117,0.00390625,0.0
independent_holdout,118,0.00390625,0.0
independent_holdout,119,0.00390625,0.0
independent_holdout,120,0.00390625,0.0
independent_holdout,121,0.00390625,0.0
independent_holdout,122,0.00390625,0.0
independent_holdout,123,0.00390625,0.0
independent_holdout,124,0.00390625,0.0
independent_holdout,125,0.00390625,0.0
independent_holdout,126,0.00390625,0.0
independent_holdout,127,0.00390625,0.0
independent_holdout,128,0.00390625,0.0
independent_holdout,129,0.00390625,0.0
independent_holdout,130,0.00390625,0.0
independent_holdout,131,0.00390625,0.0
independent_holdout,132,0.00390625,0.0
independent_holdout,133,0.00390625,0.0
independent_holdout,134,0.00390625,0.0
independent_holdout,135,0.00390625,0.0
independent_holdout,136,0.00390625,0.0
independent_holdout,137,0.00390625,0.0
independent_holdout,138,0.00390625,0.0
independent_holdout,139,0.00390625,0.0
independent_holdout,140,0.00390625,0.0
independent_holdout,141,0.00390625,0.0
independent_holdout,142,0.00390625,0.0
independent_holdout,143,0.00390625,0.0
independent_holdout,144,0.00390625,0.0
independent_holdout,145,0.00390625,0.0
independent_holdout,146,0.00390625,0.0
independent_holdout,147,0.00390625,0.0
independent_holdout,148,0.00390625,0.0
independent_holdout,149,0.00390625,0.0
independent_holdout,150,0.00390625,0.0
independent_holdout,151,0.00390625,0.0
independent_holdout,152,0.00390625,0.0
independent_holdout,153,0.00390625,0.0
independent_holdout,154,0.00390625,0.0
independent_holdout,155,0.00390625,0.0
independent_holdout,156,0.00390625,0.0
independent_holdout,157,0.00390625,0.0
independent_holdout,158,0.00390625,0.0
independent_holdout,159,0.00390625,0.0
independent_holdout,160,0.00390625,0.0
independent_holdout,161,0.00390625,0.0
independent_holdout,162,0.00390625,0.0
independent_holdout,163,0.00390625,0.0
independent_holdout,164,0.00390625,0.0
independent_holdout,165,0.00390625,0.0
independent_holdout,166,0.00390625,0.0
independent_holdout,167,0.00390625,0.0
independent_holdout,168,0.00390625,0.0
independent_holdout,169,0.00390625,0.0
independent_holdout,170,0.00390625,0.0
independent_holdout,171,0.00390625,0.0
independent_holdout,172,0.00390625,0.0
independent_holdout,173,0.00390625,0.0
independent_holdout,174,0.00390625,0.0
independent_holdout,175,0.00390625,0.0
independent_holdout,176,0.00390625,0.0
independent_holdout,177,0.00390625,0.0
independent_holdout,178,0.00390625,0.0
independent_holdout,179,0.00390625,0.0
independent_holdout,180,0.00390625,0.0
independent_holdout,181,0.00390625,0.0
independent_holdout,182,0.00390625,0.0
independent_holdout,183,0.00390625,0.0
independent_holdout,184,0.00390625,2009.6375004888887
independent_holdout,185,0.00390625,0.0
independent_holdout,186,0.00390625,0.0
independent_holdout,187,0.00390625,0.0
independent_holdout,188,0.00390625,0.0
independent_holdout,189,0.00390625,0.0
independent_holdout,190,0.00390625,0.0
independent_holdout,191,0.00390625,0.0
independent_holdout,192,0.00390625,0.0
independent_holdout,193,0.00390625,0.0
independent_holdout,194,0.00390625,0.0
independent_holdout,195,0.00390625,0.0
independent_holdout,196,0.00390625,0.0
independent_holdout,197,0.00390625,0.0
independent_holdout,198,0.00390625,0.0
independent_holdout,199,0.00390625,0.0
independent_holdout,200,0.00390625,0.0
independent_holdout,201,0.00390625,0.0
independent_holdout,202,0.00390625,0.0
independent_holdout,203,0.00390625,0.0
independent_holdout,204,0.00390625,0.0
independent_holdout,205,0.00390625,0.0
independent_holdout,206,0.00390625,0.0
independent_holdout,207,0.00390625,0.0
independent_holdout,208,0.00390625,0.0
independent_holdout,209,0.00390625,0.0
independent_holdout,210,0.00390625,0.0
independent_holdout,211,0.00390625,0.0
independent_holdout,212,0.00390625,0.0
independent_holdout,213,0.00390625,0.0
independent_holdout,214,0.00390625,0.0
independent_holdout,215,0.00390625,0.0
independent_holdout,216,0.00390625,0.0
independent_holdout,217,0.00390625,0.0
independent_holdout,218,0.00390625,0.0
independent_holdout,219,0.00390625,0.0
independent_holdout,220,0.00390625,0.0
independent_holdout,221,0.00390625,0.0
independent_holdout,222,0.00390625,0.0
independent_holdout,223,0.00390625,0.0
independent_holdout,224,0.00390625,0.0
independent_holdout,225,0.00390625,0.0
independent_holdout,226,0.00390625,0.0
independent_holdout,227,0.00390625,0.0
independent_holdout,228,0.00390625,0.0
independent_holdout,229,0.00390625,0.0
independent_holdout,230,0.00390625,0.0
independent_holdout,231,0.00390625,0.0
independent_holdout,232,0.00390625,0.0
independent_holdout,233,0.00390625,0.0
independent_holdout,234,0.00390625,0.0
independent_holdout,235,0.00390625,0.0
independent_holdout,236,0.00390625,0.0
independent_holdout,237,0.00390625,0.0
independent_holdout,238,0.00390625,0.0
independent_holdout,239,0.00390625,0.0
independent_holdout,240,0.00390625,0.0
independent_holdout,241,0.00390625,0.0
independent_holdout,242,0.00390625,0.0
independent_holdout,243,0.00390625,0.0
independent_holdout,244,0.00390625,0.0
independent_holdout,245,0.00390625,0.0
independent_holdout,246,0.00390625,0.0
independent_holdout,247,0.00390625,0.0
independent_holdout,248,0.00390625,0.0
independent_holdout,249,0.00390625,0.0
independent_holdout,250,0.00390625,0.0
independent_holdout,251,0.00390625,0.0
independent_holdout,252,0.00390625,0.0
independent_holdout,253,0.00390625,0.0
independent_holdout,254,0.00390625,0.0
independent_holdout,255,0.00390625,0.0
