device,request_hour,arrival_hour,prep_complete_hour,temperature_ready_hour,wait_access_hours,wait_crew_hours,wait_prep_hours,wait_heat_hours,wait_min_down_hours,end_hour,outcome,elapsed_hours,battery_bridge_kwh,user_shed_kwh,heater_supply_kwh,quantity_scope
0,-336,-336.0,-333.0,-334,0,0,3,0,0,-333,started,3,0.0,0.0,23.18631246750489,whole-system flow during this request window; overlapping windows are not additive
1,-336,-332.0,-329.0,-330,0,4,3,0,0,-329,started,7,0.0,0.0,44.86374875582962,whole-system flow during this request window; overlapping windows are not additive
2,-336,-328.0,-325.0,-326,0,8,3,0,0,-325,started,11,0.0,0.0,60.81887752489913,whole-system flow during this request window; overlapping windows are not additive
3,322,322.0,325.0,323,0,0,3,0,0,325,started,3,0.0,0.0,13.403124500488184,whole-system flow during this request window; overlapping windows are not additive
1,435,435.0,435.0,435,0,0,0,0,0,435,started,0,0.0,0.0,0.0,whole-system flow during this request window; overlapping windows are not additive
0,466,466.0,466.0,466,0,0,0,0,0,466,started,0,0.0,0.0,0.0,whole-system flow during this request window; overlapping windows are not additive
2,512,512.0,512.0,512,0,0,0,0,0,512,started,0,0.0,0.0,0.0,whole-system flow during this request window; overlapping windows are not additive
0,1135,1135.0,1135.0,1135,0,0,0,0,0,1135,started,0,0.0,0.0,0.0,whole-system flow during this request window; overlapping windows are not additive
1,1538,1538.0,1538.0,1538,0,0,0,0,0,1538,started,0,0.0,0.0,0.0,whole-system flow during this request window; overlapping windows are not additive
2,2489,2489.0,2489.0,2489,0,0,0,0,0,2489,started,0,0.0,0.0,0.0,whole-system flow during this request window; overlapping windows are not additive
3,2800,2800.0,2800.0,2800,0,0,0,0,0,2800,started,0,0.0,0.0,0.0,whole-system flow during this request window; overlapping windows are not additive
2,2819,2819.0,,2819,0,0,1,0,0,2820,cancelled_by_policy,1,24.19,0.0,15.779999999999998,whole-system flow during this request window; overlapping windows are not additive
2,2835,2835.0,2837.0,2835,0,0,2,0,0,2837,started,2,133.80999999999997,0.0,29.82,whole-system flow during this request window; overlapping windows are not additive
1,3048,3048.0,3048.0,3048,0,0,0,0,0,3048,started,0,0.0,0.0,0.0,whole-system flow during this request window; overlapping windows are not additive
2,3107,3107.0,3107.0,3107,0,0,0,0,0,3107,started,0,0.0,0.0,0.0,whole-system flow during this request window; overlapping windows are not additive
3,3136,3136.0,,3136,0,0,2,0,0,3138,cancelled_by_policy,2,30.849999999999966,0.0,18.89999999999999,whole-system flow during this request window; overlapping windows are not additive
3,3600,3600.0,3601.0,3600,0,0,1,0,0,3601,started,1,0.0,0.0,10.919999999999993,whole-system flow during this request window; overlapping windows are not additive
2,3763,3763.0,3763.0,3763,0,0,0,0,0,3763,started,0,0.0,0.0,0.0,whole-system flow during this request window; overlapping windows are not additive
3,3879,3879.0,3879.0,3879,0,0,0,0,0,3879,started,0,0.0,0.0,0.0,whole-system flow during this request window; overlapping windows are not additive
1,4002,4002.0,4002.0,4002,0,0,0,0,0,4002,started,0,0.0,0.0,0.0,whole-system flow during this request window; overlapping windows are not additive
3,4218,4218.0,,4218,0,0,1,0,0,4219,cancelled_by_policy,1,14.220000000000027,0.0,9.539999999999994,whole-system flow during this request window; overlapping windows are not additive
3,4594,4594.0,4596.0,4594,0,0,2,0,0,4596,started,2,129.07000000000005,0.0,10.079999999999995,whole-system flow during this request window; overlapping windows are not additive
0,4740,,4740.0,4740,1,0,0,0,0,4741,cancelled_by_policy,1,8.460000000000036,0.0,4.859999999999999,whole-system flow during this request window; overlapping windows are not additive
0,4746,4746.0,4746.0,4746,0,0,0,0,0,4746,started,0,0.0,0.0,0.0,whole-system flow during this request window; overlapping windows are not additive
3,4948,4948.0,4951.0,4948,0,0,3,0,0,4951,started,3,0.0,0.0,31.139999999999997,whole-system flow during this request window; overlapping windows are not additive
3,5010,5010.0,5010.0,5097,0,0,0,87,0,5097,started,87,8.665535999999975,4624.565019522222,256.4843371790532,whole-system flow during this request window; overlapping windows are not additive
2,5141,5141.0,5141.0,5150,0,0,0,9,0,5150,started,9,0.0,382.32000009999996,84.63822943616213,whole-system flow during this request window; overlapping windows are not additive
1,7976,7976.0,7976.0,7976,0,0,0,0,0,7976,started,0,0.0,0.0,0.0,whole-system flow during this request window; overlapping windows are not additive
0,8588,8588.0,8588.0,8588,0,0,0,0,0,8588,started,0,0.0,0.0,0.0,whole-system flow during this request window; overlapping windows are not additive
1,8681,8681.0,8681.0,8681,0,0,0,0,0,8681,started,0,0.0,0.0,0.0,whole-system flow during this request window; overlapping windows are not additive
