window,name,weight,regular_loss_kwh,ups_kwh,diesel_event_kwh,battery_event_kwh,interrupt_event_kwh,actual_run_failures,actual_start_failures
0,w0_normal_renewable_bus,0.14400000000000002,0.0,0.0,2822.486323846242,0.0,141.95594482030728,0.0,0.0
0,w0_normal_main_bus,0.08000000000000002,223.515699158036,37.418626095065356,469.42224167479884,0.0,141.95594482030728,0.0,0.0
0,w0_normal_pcs,0.024,0.0,0.0,549.7603082880967,0.0,141.95594482030728,0.0,0.0
0,w0_normal_ups,0.024,0.0,0.0,549.7603082880967,0.0,141.95594482030728,0.0,0.0
0,w0_normal_diesel_run,0.032,0.0,0.0,549.7603082880967,0.0,141.95594482030728,1.0,0.0
0,w0_normal_diesel_start,0.016,0.0,0.0,549.7603082880967,0.0,141.95594482030728,0.0,0.0
0,w0_storm_none,0.12,0.0,0.0,2028.4848282821677,0.0,140.50333493903065,0.0,0.0
0,w0_storm_renewable_bus,0.036000000000000004,0.0,0.0,2823.9389337275184,0.0,140.50333493903062,0.0,0.0
0,w0_storm_main_bus,0.020000000000000004,223.515699158036,37.418626095065356,1830.7591935529977,0.0,140.50333493903065,0.0,0.0
0,w0_storm_pcs,0.006,0.0,0.0,2028.4848282821679,0.0,140.50333493903065,0.0,0.0
0,w0_storm_ups,0.006,0.0,0.0,2028.4848282821677,0.0,140.50333493903065,0.0,0.0
0,w0_storm_diesel_run,0.008,0.0,0.0,2028.4848282821677,0.0,140.50333493903065,1.0,0.0
0,w0_storm_diesel_start,0.004,0.0,0.0,2028.4848282821677,0.0,140.50333493903065,0.0,0.0
1,w1_normal_renewable_bus,0.14400000000000002,0.0,0.0,2694.0547277818187,0.0,135.53188398586755,0.0,0.0
1,w1_normal_main_bus,0.08000000000000002,209.00849367968544,36.03409277250711,566.548044992721,0.0,135.53188398586758,0.0,0.0
1,w1_normal_pcs,0.024,0.0,0.0,624.2578744877967,0.0,135.53188398586752,0.0,0.0
1,w1_normal_ups,0.024,0.0,0.0,624.2578744877966,0.0,135.53188398586758,0.0,0.0
1,w1_normal_diesel_run,0.032,0.0,0.0,624.2578744877966,0.0,135.53188398586758,1.0,0.0
1,w1_normal_diesel_start,0.016,0.0,0.0,624.2578744877967,0.0,135.53188398586758,0.0,0.0
1,w1_storm_none,0.12,0.0,0.0,1966.4453317848925,0.0,138.71238132988574,0.0,0.0
1,w1_storm_renewable_bus,0.036000000000000004,0.0,0.0,2690.8742304378006,0.0,138.71238132988574,0.0,0.0
1,w1_storm_main_bus,0.020000000000000004,209.00849367968544,36.03409277250711,1786.9692102676909,0.0,138.71238132988574,0.0,0.0
1,w1_storm_pcs,0.006,0.0,0.0,1966.4453317848925,0.0,138.71238132988577,0.0,0.0
1,w1_storm_ups,0.006,0.0,0.0,1966.4453317848925,0.0,138.71238132988574,0.0,0.0
1,w1_storm_diesel_run,0.008,0.0,0.0,1966.4453317848925,0.0,138.71238132988577,1.0,0.0
1,w1_storm_diesel_start,0.004,0.0,0.0,1966.4453317848925,0.0,138.71238132988574,0.0,0.0
2,w2_normal_renewable_bus,0.14400000000000002,0.0,0.0,2566.484986028173,0.0,160.04607991255048,0.0,0.0
2,w2_normal_main_bus,0.08000000000000002,207.99892624449888,33.69370162128733,210.77722809277026,0.0,160.04607991255045,0.0,0.0
2,w2_normal_pcs,0.024,0.0,0.0,261.74097715981424,0.0,160.04607991255045,0.0,0.0
2,w2_normal_ups,0.024,0.0,0.0,261.7409771598142,0.0,160.04607991255045,0.0,0.0
2,w2_normal_diesel_run,0.032,0.0,0.0,261.7409771598142,0.0,160.04607991255045,1.0,0.0
2,w2_normal_diesel_start,0.016,0.0,0.0,261.7409771598142,0.0,160.04607991255048,0.0,0.0
2,w2_storm_none,0.12,0.0,0.0,1768.6330346439502,0.0,151.2376281928472,0.0,0.0
2,w2_storm_renewable_bus,0.036000000000000004,0.0,0.0,2575.2934377478755,0.0,151.23762819284724,0.0,0.0
2,w2_storm_main_bus,0.020000000000000004,207.99892624449888,33.69370162128733,1593.6955143577236,0.0,151.23762819284724,0.0,0.0
2,w2_storm_pcs,0.006,0.0,0.0,1768.6330346439504,0.0,151.23762819284724,0.0,0.0
2,w2_storm_ups,0.006,0.0,0.0,1768.6330346439502,0.0,151.23762819284724,0.0,0.0
2,w2_storm_diesel_run,0.008,0.0,0.0,1768.6330346439502,0.0,151.23762819284724,1.0,0.0
2,w2_storm_diesel_start,0.004,0.0,0.0,1768.6330346439502,0.0,151.2376281928472,0.0,0.0
3,w3_normal_renewable_bus,0.14400000000000002,0.0,0.0,2771.8047054051085,0.0,143.42288754962226,0.0,0.0
3,w3_normal_main_bus,0.08000000000000002,220.48702552715415,37.047146582099906,450.96933188805144,0.0,143.42288754962223,0.0,0.0
3,w3_normal_pcs,0.024,0.0,0.0,517.6445987412637,0.0,143.42288754962226,0.0,0.0
3,w3_normal_ups,0.024,0.0,0.0,517.6445987412637,0.0,143.42288754962223,0.0,0.0
3,w3_normal_diesel_run,0.032,0.0,0.0,517.6445987412637,0.0,143.42288754962226,1.0,0.0
3,w3_normal_diesel_start,0.016,0.0,0.0,517.6445987412637,0.0,143.42288754962226,0.0,0.0
3,w3_storm_none,0.12,0.0,0.0,1987.2677818156267,0.0,139.00377380675837,0.0,0.0
3,w3_storm_renewable_bus,0.036000000000000004,0.0,0.0,2776.223819147973,0.0,139.00377380675837,0.0,0.0
3,w3_storm_main_bus,0.020000000000000004,220.48702552715415,37.047146582099906,1796.5342265459874,0.0,139.00377380675837,0.0,0.0
3,w3_storm_pcs,0.006,0.0,0.0,1987.267781815627,0.0,139.00377380675837,0.0,0.0
3,w3_storm_ups,0.006,0.0,0.0,1987.2677818156267,0.0,139.00377380675837,0.0,0.0
3,w3_storm_diesel_run,0.008,0.0,0.0,1987.2677818156267,0.0,139.00377380675837,1.0,0.0
3,w3_storm_diesel_start,0.004,0.0,0.0,1987.2677818156267,0.0,139.00377380675837,0.0,0.0
