window_hour,wind_baseline_pu,wind_storm_pu,wind_compound_pu,pv_baseline_pu,pv_storm_pu,pv_compound_pu,ambient_baseline_c,ambient_storm_c
0,0.240139816768898,0.240139816768898,0.240139816768898,0.0,0.0,0.0,14.878392586124972,14.878392586124972
1,0.41917023429928923,0.41917023429928923,0.41917023429928923,0.0,0.0,0.0,14.41952581074858,14.41952581074858
2,0.10779848059693001,0.10779848059693001,0.10779848059693001,0.0,0.0,0.0,13.8385250246431,13.8385250246431
3,0.21425336148636984,0.21425336148636984,0.21425336148636984,0.0,0.0,0.0,10.350331746279789,10.350331746279789
4,0.31444633863304955,0.31444633863304955,0.31444633863304955,0.0,0.0,0.0,13.6618581938242,13.6618581938242
5,0.5396984192183497,0.5396984192183497,0.5396984192183497,0.0,0.0,0.0,13.280555028408402,13.280555028408402
6,0.21277523682667124,0.21277523682667124,0.21277523682667124,0.0,0.0,0.0,14.229452674324158,14.229452674324158
7,0.4982509226986132,0.4982509226986132,0.4982509226986132,0.23265393591403694,0.23265393591403694,0.23265393591403694,10.501565119934911,10.501565119934911
8,0.34611525390026987,0.34611525390026987,0.34611525390026987,0.39966971731589784,0.39966971731589784,0.39966971731589784,11.831572989233788,11.831572989233788
9,0.6894830195791364,0.6894830195791364,0.6894830195791364,0.6370614012840535,0.6370614012840535,0.6370614012840535,13.026082185776708,13.026082185776708
10,0.3721299997154582,0.3721299997154582,0.3721299997154582,0.6788236371028364,0.6788236371028364,0.6788236371028364,12.462069444158276,12.462069444158276
11,0.2855203334853611,0.2855203334853611,0.2855203334853611,0.8823694254535596,0.8823694254535596,0.8823694254535596,9.828590269645023,9.828590269645023
12,0.48716536998125215,0.48716536998125215,0.48716536998125215,0.8107205798175029,0.8107205798175029,0.8107205798175029,12.02998691292674,12.02998691292674
13,0.3697439109224534,0.3697439109224534,0.3697439109224534,0.8540677349594676,0.8540677349594676,0.8540677349594676,12.148065871301592,12.148065871301592
14,0.4802333963866037,0.4802333963866037,0.4802333963866037,0.7890338699344799,0.7890338699344799,0.7890338699344799,12.135607783618246,12.135607783618246
15,0.42233690838387117,0.42233690838387117,0.42233690838387117,0.6371006935928566,0.6371006935928566,0.6371006935928566,15.354141205239639,15.354141205239639
16,0.4031605764098521,0.4031605764098521,0.4031605764098521,0.45663604202033736,0.45663604202033736,0.45663604202033736,16.385085540953018,16.385085540953018
17,0.5383019708058677,0.5383019708058677,0.5383019708058677,0.21087639505851882,0.21087639505851882,0.21087639505851882,13.275935573794072,13.275935573794072
18,0.23945889292872552,0.23945889292872552,0.23945889292872552,1.1183252371132708e-16,1.1183252371132708e-16,1.1183252371132708e-16,18.057237510925617,18.057237510925617
19,0.46203136376798676,0.46203136376798676,0.46203136376798676,0.0,0.0,0.0,16.429985362946155,16.429985362946155
20,0.47245669192402656,0.47245669192402656,0.47245669192402656,0.0,0.0,0.0,16.615210119632195,16.615210119632195
21,0.30120992525131185,0.30120992525131185,0.30120992525131185,0.0,0.0,0.0,14.332591709222429,14.332591709222429
22,0.33258191108301355,0.33258191108301355,0.33258191108301355,0.0,0.0,0.0,14.874810577164823,14.874810577164823
23,0.3614821321943375,0.3614821321943375,0.3614821321943375,0.0,0.0,0.0,17.229716678934306,17.229716678934306
24,0.9023366592055951,0.3158178307219583,0.3158178307219583,0.0,0.0,0.0,-1.0,-12.0
25,0.9578013377907227,0.33523046822675295,0.33523046822675295,0.0,0.0,0.0,-1.0,-12.0
26,0.9111237603030837,0.3188933161060793,0.3188933161060793,0.0,0.0,0.0,-1.0,-12.0
27,1.0,0.35,0.35,0.0,0.0,0.0,-1.0,-12.0
28,0.945372894669865,0.3308805131344527,0.3308805131344527,0.0,0.0,0.0,-1.0,-12.0
29,0.8956020791624482,0.31346072770685685,0.31346072770685685,0.0,0.0,0.0,-1.0,-12.0
30,1.0,0.35,0.35,0.0,0.0,0.0,-1.0,-12.0
31,0.9559992304627053,0.3345997306619468,0.3345997306619468,0.23619475234311946,0.15352658902302765,0.15352658902302765,-1.0,-12.0
32,1.0,0.35,0.35,0.4242917224655003,0.2757896196025752,0.2757896196025752,-1.0,-12.0
33,0.9281293576301666,0.3248452751705583,0.3248452751705583,0.6432450884743364,0.41810930750831865,0.41810930750831865,-1.0,-12.0
34,0.935980293114928,0.3275931025902248,0.3275931025902248,0.790202150170807,0.5136313976110245,0.5136313976110245,-1.0,-12.0
35,0.9229529153771291,0.3230335203819952,0.3230335203819952,0.8455874408951144,0.5496318365818244,0.5496318365818244,-1.0,-12.0
36,0.9029812931990178,0.3160434526196562,0.0,0.8968501363365247,0.582952588618741,0.0,-1.0,-12.0
37,0.8983633702293421,0.3144271795802697,0.0,0.7556482963253595,0.4911713926114837,0.0,-1.0,-12.0
38,0.9797764458024216,0.34292175603084757,0.0,0.7289089623549612,0.47379082553072477,0.0,-1.0,-12.0
39,0.9570865719192051,0.33498030017172176,0.0,0.613715556726955,0.39891511187252077,0.0,-1.0,-12.0
40,1.0,0.35,0.0,0.4560825949775135,0.2964536867353838,0.0,-1.0,-12.0
41,0.9174136939055975,0.3210947928669591,0.0,0.23607349108437145,0.15344776920484146,0.0,-1.0,-12.0
42,0.927849928181794,0.32474747486362787,0.0,1.1043753451879645e-16,7.178439743721769e-17,0.0,-1.0,-12.0
43,0.9740825916552178,0.3409289070793262,0.0,0.0,0.0,0.0,-1.0,-12.0
44,1.0,0.35,0.0,0.0,0.0,0.0,-1.0,-12.0
45,0.949954993504601,0.33248424772661034,0.0,0.0,0.0,0.0,-1.0,-12.0
46,0.9006910843205028,0.31524187951217597,0.0,0.0,0.0,0.0,-1.0,-12.0
47,0.955430105073026,0.3344005367755591,0.0,0.0,0.0,0.0,-1.0,-12.0
48,0.8575993147368375,0.3001597601578931,0.3001597601578931,0.0,0.0,0.0,-1.0,-12.0
49,0.9046826433527847,0.31663892517347464,0.31663892517347464,0.0,0.0,0.0,-1.0,-12.0
50,0.9696271481388975,0.3393695018486141,0.3393695018486141,0.0,0.0,0.0,-1.0,-12.0
51,1.0,0.35,0.35,0.0,0.0,0.0,-1.0,-12.0
52,0.9634246683148384,0.33719863391019345,0.33719863391019345,0.0,0.0,0.0,-1.0,-12.0
53,0.9601380836454082,0.33604832927589284,0.33604832927589284,0.0,0.0,0.0,-1.0,-12.0
54,0.6266175520870495,0.6266175520870495,0.6266175520870495,0.0,0.0,0.0,11.70312339266456,11.70312339266456
55,0.6422653179920599,0.6422653179920599,0.6422653179920599,0.23589976471319818,0.23589976471319818,0.23589976471319818,13.60955979977738,13.60955979977738
56,0.37079239216044435,0.37079239216044435,0.37079239216044435,0.45569903709683107,0.45569903709683107,0.45569903709683107,12.97323319012157,12.97323319012157
57,0.4720173006234407,0.4720173006234407,0.4720173006234407,0.6253199207771182,0.6253199207771182,0.6253199207771182,13.797300527200388,13.797300527200388
58,0.1773741695396633,0.1773741695396633,0.1773741695396633,0.7892094260387419,0.7892094260387419,0.7892094260387419,11.570842560320202,11.570842560320202
59,0.6280620294353874,0.6280620294353874,0.6280620294353874,0.847242010936865,0.847242010936865,0.847242010936865,10.42127256055579,10.42127256055579
60,0.40895331015413516,0.40895331015413516,0.40895331015413516,0.8914993940146834,0.8914993940146834,0.8914993940146834,11.013469735041493,11.013469735041493
61,0.7407721382755513,0.7407721382755513,0.7407721382755513,0.7904760430671097,0.7904760430671097,0.7904760430671097,11.011149652967774,11.011149652967774
62,0.5256444167707455,0.5256444167707455,0.5256444167707455,0.6944774681102102,0.6944774681102102,0.6944774681102102,13.991340531602365,13.991340531602365
63,0.4173620656748734,0.4173620656748734,0.4173620656748734,0.6244888860731443,0.6244888860731443,0.6244888860731443,13.34355205630872,13.34355205630872
64,0.4566481843471082,0.4566481843471082,0.4566481843471082,0.4555028990000289,0.4555028990000289,0.4555028990000289,15.02130279546671,15.02130279546671
65,0.4759459752986288,0.4759459752986288,0.4759459752986288,0.20142380611411898,0.20142380611411898,0.20142380611411898,13.85989790784726,13.85989790784726
66,0.35927656048882456,0.35927656048882456,0.35927656048882456,1.0672425203175627e-16,1.0672425203175627e-16,1.0672425203175627e-16,13.708575237313212,13.708575237313212
67,0.2813883579628246,0.2813883579628246,0.2813883579628246,0.0,0.0,0.0,16.567247085349933,16.567247085349933
68,0.37161456985054203,0.37161456985054203,0.37161456985054203,0.0,0.0,0.0,15.949209076873103,15.949209076873103
69,0.3293508017240091,0.3293508017240091,0.3293508017240091,0.0,0.0,0.0,15.056560325138392,15.056560325138392
70,0.5209808623922108,0.5209808623922108,0.5209808623922108,0.0,0.0,0.0,14.35144943888188,14.35144943888188
71,0.4402091221474907,0.4402091221474907,0.4402091221474907,0.0,0.0,0.0,14.792260296484711,14.792260296484711
