day_from_1,core_kw,rigid_kw,flex_interruptible_kw,flex_shiftable_kw
1,35.32925209383986,146.95745896179287,33.37592972749773,26.0
2,35.29294215527323,146.9254990538641,32.46615921741461,26.0
3,35.317630581651095,146.88510237907977,32.59071700000111,26.0
4,35.355057994338885,146.97113747042945,33.40510165669383,26.0
5,35.550609598906455,147.3934686887132,33.05154599965325,26.0
6,35.57178649570172,147.83150754879466,32.7129657240692,26.0
7,35.4370131479805,147.33417940818615,32.883203463661275,26.0
8,35.315665387324536,147.70667499996182,32.687019959574904,26.0
9,35.241720097929,148.37230273805918,33.09854572564736,26.0
10,35.35607728222304,147.56051657980063,33.34523161311018,26.0
11,35.558908085542456,147.5970100606916,33.15535731675674,26.0
12,35.66461070550052,147.91335383868747,33.19692800866589,26.0
13,35.364967640813894,147.8463271645869,33.01360958694749,26.0
14,35.54725280961069,147.824846017302,32.831776255381776,26.0
15,35.43754733753813,147.05154944248048,33.259080082337995,26.0
16,35.351556318495206,148.24372905083914,32.786511608262536,26.0
17,35.36458259294033,148.45039107547188,33.08936942131262,26.0
18,35.566988030068124,148.31265961695206,32.942557581411485,26.0
19,35.11924550779768,147.77258005071943,32.52480657811482,26.0
20,35.235787152076135,148.09483849134367,33.12060589822484,26.0
21,35.675806568669856,147.97230277737182,33.443526557968745,26.0
22,35.63970212486053,148.51090040321282,32.908437768794776,26.0
23,35.43120603952056,148.17419772891722,33.166045166136676,26.0
24,35.3855992343637,149.23190904666663,32.27480156998865,26.0
25,35.51793585508571,148.44022718395394,32.77462259915263,26.0
26,35.53058429512672,147.6512048691172,33.12879739154763,26.0
27,35.84547060679255,148.93138191547828,32.891904502719065,26.0
28,35.39659601026466,148.76871801700682,32.68299825505188,26.0
29,35.54557688027169,147.58535138362922,32.85486039759192,26.0
30,35.644087662918444,148.15438291427185,33.1830797545659,26.0
31,35.27752461673072,147.28084318879624,32.855120766521196,26.0
32,35.27526559683953,148.32782592202443,33.22909991826166,26.0
33,35.461534020355884,147.17407392982278,32.65963239217235,26.0
34,35.56164001528318,148.02701742896465,33.04667433289806,26.0
35,35.39849892861824,148.61993195596065,32.86576159237009,26.0
36,35.47277532063753,146.98220654424085,33.10051330217753,26.0
37,35.41015445497157,147.12455013457262,33.29217383867801,26.0
38,35.49176565147774,147.8003795307338,33.36392120690752,26.0
39,35.528285158383916,147.25242461754326,32.34146482915685,26.0
40,35.54644397184449,146.83943817028896,33.222119882983456,26.0
41,35.1040371039307,146.21017959546725,33.16985720825006,26.0
42,35.35079355166524,146.5704142619225,33.363792847275626,26.0
43,35.33285646207956,146.00843274936884,32.946949939932246,26.0
44,35.38448323208488,147.46168129781532,32.30694835378932,26.0
45,35.1958639654844,147.1307326221605,32.50566944505519,26.0
46,35.332838069298866,146.3035523529326,32.64666985279109,26.0
47,35.10632649694555,146.59899370828717,32.87510222111977,26.0
48,35.11170035336454,146.20727363782376,33.14013312419306,26.0
49,35.261299180798,146.34305539017,32.902099559864574,26.0
50,35.19328340197827,146.2729256114483,33.304359389338,26.0
51,35.513674600863986,146.53092300458647,33.391718558386806,26.0
52,35.41218067511946,146.8980266560849,32.35669915444299,26.0
53,35.209245673356726,146.2749693043604,33.337742837061946,26.0
54,35.27620028248024,145.70814642776065,32.68540400527048,26.0
55,35.109495687825884,144.52847202705252,32.31960312428377,26.0
56,35.10719018921088,145.20687300836428,33.73317461429797,26.0
57,35.241044475692064,146.12659672852715,33.332805605370616,26.0
58,34.952875120765796,145.08794177442797,33.148150834660626,26.0
59,35.236024756701354,145.1858621169422,33.05718079101451,26.0
60,35.16118705765182,145.56664097369045,32.96097770094701,26.0
61,35.05464768935397,144.1392209351642,33.55600352786255,26.0
62,34.934290789174895,145.46038915184016,33.406393465153535,26.0
63,34.94873553162736,145.16922543513354,32.85409790328926,26.0
64,34.90397409128651,144.8073692064277,33.25651933993317,26.0
65,35.144316843563765,144.9609009146809,32.85029443035181,26.0
66,35.273238273182606,145.97471953059505,32.868022635358486,26.0
67,35.062491664636774,143.4837897281296,33.304630724478244,26.0
68,34.69417160713241,144.84954157905608,33.002520840847616,26.0
69,34.88671711376959,143.92747104186154,33.05303615918921,26.0
70,34.733094008463176,144.0036037079039,32.8228295240074,26.0
71,34.8011116991857,143.01202391372564,32.97875366972131,26.0
72,34.8859082779963,145.02875812978914,32.88790894714694,26.0
73,34.584114352785456,143.58757377538998,32.83277110696446,26.0
74,34.68269017968511,142.96578898035185,32.992553693775335,26.0
75,34.69091794488505,142.7129017701494,33.52235572886135,26.0
76,35.04987053091846,143.42168723331878,33.10580728652531,26.0
77,34.744025952319966,142.77189649161858,32.88262373165387,26.0
78,34.8808690971951,142.79616874467376,33.00715101146188,26.0
79,34.823222206217814,141.9883722538616,32.97683635395681,26.0
80,34.76526050729664,142.901805774982,33.7713920804149,26.0
81,34.505894514734045,142.77221859128298,33.46432212133075,26.0
82,34.61274106986286,142.4881695972039,32.60335168869345,26.0
83,34.54333317473812,141.1587505120393,32.99992738245748,26.0
84,34.71865796815133,141.01834188866027,32.92431379920528,26.0
85,34.48335373770397,142.03895764784104,33.59251252623594,26.0
86,34.40278860780389,140.93552986301538,33.1785772044555,26.0
87,34.45018758732822,142.368796285966,32.87109365593514,26.0
88,34.542612321032884,140.90848579928635,32.9861997937864,26.0
89,34.37869424083734,141.8699639839096,32.756691196830246,26.0
90,34.64335162133994,140.86430294212377,32.695014946618876,26.0
91,34.17640152029927,140.31905119500612,33.01816014330149,26.0
92,34.48260323114219,141.12265222423062,33.25143164137902,26.0
93,34.41052454006936,141.21584249642248,33.322080823656336,26.0
94,34.07647053868349,140.88256094371056,33.06619529354288,26.0
95,34.27263184249926,140.00660702350035,33.38133736109423,26.0
96,34.34712411811143,139.39353936252925,32.93568739094534,26.0
97,34.31896815200248,138.64736389791406,33.32218099053673,26.0
98,34.10431627348168,139.8421209422838,32.65174973330503,26.0
99,34.207004936811934,139.95641738242972,33.28268659875578,26.0
100,34.013953452723044,138.99285938161074,33.18076305178936,26.0
101,34.03056627725873,139.03816063930245,33.303774159253,26.0
102,33.96784711628575,138.55299934454203,32.79588573024798,26.0
103,33.8082779271058,138.34898790564978,32.91635068928287,26.0
104,34.01133005783327,139.73837375013045,32.922581516374414,26.0
105,34.02505045059225,138.35213609559574,33.135608945509425,26.0
106,34.15488570001701,137.67608749961448,32.700554683015916,26.0
107,33.79282565158403,138.11385665942248,33.0430475067341,26.0
108,33.86600902122043,139.38825297411063,32.98205061432905,26.0
109,34.1462776876636,137.58153641395953,33.05810798565633,26.0
110,33.951215178735374,137.83397550425101,32.98112551945106,26.0
111,33.91319479446263,137.45094890928235,32.77510356779103,26.0
112,34.03772868797144,136.9770770705883,32.626452188750676,26.0
113,33.78553543860206,136.23219342854517,32.98639632240158,26.0
114,33.64607195897381,137.11164039527327,33.414248969127804,26.0
115,33.969926567147645,136.73197061759967,33.214924685160845,26.0
116,33.90150836136342,135.61842721887052,32.824004998342865,26.0
117,33.71754361912574,135.82667905050945,33.16126914156782,26.0
118,33.67492326389843,135.01262499497975,32.92733889354019,26.0
119,33.73556880758306,135.34460126439663,32.97593516497613,26.0
120,33.85221005252228,135.6810011617966,33.216820777524326,26.0
121,33.590173321961494,136.19328108522137,33.10860818188034,26.0
122,33.439649509279306,135.46925735411168,33.10942906029223,26.0
123,33.59156720471545,135.46344702064343,33.21178609926388,26.0
124,33.884099289999945,134.27261283812615,33.21574860258705,26.0
125,33.61053627129454,135.95266206966986,33.077741970689225,26.0
126,33.4434331632844,134.4083054329747,32.78393144982049,26.0
127,33.2003978629004,135.56108909827773,33.249072934392636,26.0
128,33.4021452981398,134.59061680627545,32.97284060198958,26.0
129,33.4683902075354,134.39357370887856,33.078935758141895,26.0
130,33.308337985119906,133.87564753827021,32.4648150620695,26.0
131,33.382275793887686,134.37110222265048,32.963846263734204,26.0
132,33.540945794075355,134.69478614151447,33.21214041626067,26.0
133,33.5551480997828,132.4256104115589,33.142354257649814,26.0
134,33.350557017711246,132.7621342256465,33.23685877949489,26.0
135,33.181536257895004,134.01423014628728,33.07483461132087,26.0
136,33.158610609634536,134.2267226447639,32.94677370227863,26.0
137,33.13560521079858,133.04611051746292,33.118589201385156,26.0
138,33.341097654488856,133.2034321241979,33.23642483687694,26.0
139,33.22469059976267,133.29038428974295,33.02218375599208,26.0
140,33.313254548361975,131.59397153727983,32.98141189341525,26.0
141,33.18892079546431,132.2716208923599,33.07404003467859,26.0
142,33.13416051419582,132.90158356768362,32.363938955888,26.0
143,33.203182773970894,132.6658460950798,33.00423118445388,26.0
144,33.151600649034854,131.76697420977948,33.46715030393782,26.0
145,33.09226385000483,132.81594164154407,33.28579467100663,26.0
146,32.993295105496564,131.0960333468158,32.74113024734724,26.0
147,33.10919472345195,132.3379377947729,32.660230090936686,26.0
148,33.074576593958604,131.75877571042878,32.909136175161656,26.0
149,33.24679259265661,131.71433217601725,33.19564680319565,26.0
150,32.865315686234545,130.34142778322132,32.9681808813297,26.0
151,33.07352267696894,130.88325988594775,32.85400210814873,26.0
152,33.03249977190263,131.26075533669544,32.96586312915519,26.0
153,32.89234655063656,130.2657559063264,32.54851160838926,26.0
154,32.802156842004194,130.92809877013187,32.98163331755687,26.0
155,32.92283513643145,130.10000604706045,33.20861532104944,26.0
156,32.9292437977517,130.6732497776601,32.95683464816267,26.0
157,32.76594705993873,131.07697121705988,33.607326865887465,26.0
158,32.698979602785094,130.43066093344115,32.65568918466101,26.0
159,33.1088339800781,130.09475367318058,32.582023284228235,26.0
160,33.13659802600993,130.5453947982209,33.49815630611567,26.0
161,32.82655011733721,129.94949166601268,33.475272089411625,26.0
162,32.69430084259587,128.42662764443347,32.904791561247904,26.0
163,32.73842246549967,129.37221145077055,32.79872444402688,26.0
164,32.71184633596785,129.27903774284601,32.92581810388801,26.0
165,32.6218480431601,129.94342489470299,32.765750525669006,26.0
166,32.81271065830581,128.63866702813763,33.265154848319064,26.0
167,32.543307038573715,129.86344702501637,33.23716589846657,26.0
168,32.83047768220938,129.2255747803359,33.024983338509394,26.0
169,32.869644481599316,128.7907584021596,32.957761319360785,26.0
170,32.615576661207236,129.70670537617565,33.12537062987757,26.0
171,32.953176618821274,128.3300097317323,32.89404411663583,26.0
172,32.62730464503465,128.7559192380762,32.40674710190509,26.0
173,32.82626258875893,128.14967268521335,32.75983178963185,26.0
174,32.64470276781641,128.8254141785522,32.74400666428573,26.0
175,32.581971889968024,127.39291576293465,32.78379372781361,26.0
176,32.37678985380642,128.31861208134254,32.3959656789447,26.0
177,32.577624866069804,128.0692982578033,33.11311613390375,26.0
178,32.72220803122676,128.85977466517676,32.737660876871644,26.0
179,32.781613854253266,128.39216022555897,33.2905280555756,26.0
180,32.29338965285406,127.8922940832076,32.72722883704771,26.0
181,32.42452555609332,129.10803203893923,32.880449890521525,26.0
182,32.66078243587203,129.4720814191784,33.33672600108138,26.0
183,32.659565301291316,128.54540801118736,32.632912421359016,26.0
184,32.59796817975255,128.21365965793098,32.98467121261141,26.0
185,32.659513609495626,128.21692168630986,32.697634619168376,26.0
186,32.548467385861336,128.4422974498705,33.12350725492945,26.0
187,32.53470059979563,127.33344268962752,33.072530029740385,26.0
188,32.61002031695445,129.33178740555505,32.68318628272856,26.0
189,32.595552755199336,128.2201520443767,32.783650783098786,26.0
190,32.63918072261058,127.66890168627225,33.117238891382506,26.0
191,32.615502893162194,127.75785049715618,32.76273520253307,26.0
192,32.53155825934382,128.49185722769582,33.21792818368596,26.0
193,32.45430665191704,127.07305759457746,32.57813255130359,26.0
194,32.65071327734582,128.82363199740658,33.588061691355264,26.0
195,32.751748606977536,128.98439524865998,33.014913079463334,26.0
196,32.66875694888119,129.02552989858665,33.18074297893782,26.0
197,32.57779200642005,127.76693784307646,32.89083366378805,26.0
198,32.59239055163474,127.53444483663775,32.938954066324136,26.0
199,32.43780434484629,128.1095868818395,32.99070850884126,26.0
200,32.28943301489404,127.45991044361152,32.55499036298921,26.0
201,32.29173954993445,127.4559061144895,33.70382653524215,26.0
202,32.677464057303375,127.41467384113027,33.21169106824588,26.0
203,32.500905225712785,128.65577040077787,33.18433712988265,26.0
204,32.824308605271575,127.99357417539665,33.45859020174783,26.0
205,32.47190282196099,127.81006976417545,33.340293971030356,26.0
206,32.67681383733505,128.61382796604167,33.08515934564031,26.0
207,32.35048276404952,128.97192765069306,32.38247047095645,26.0
208,32.89448574871794,127.78679446024667,33.16553638306316,26.0
209,32.58479224341327,127.43659857814437,33.43104296215992,26.0
210,32.40231782659378,129.02993593013989,32.666221788037,26.0
211,32.49075070835211,128.16699967994865,32.739831626209025,26.0
212,32.64764860575919,127.43958339736896,33.153319897332075,26.0
213,32.578946925841336,129.09014866054562,32.81219027000795,26.0
214,32.58031630399682,128.43194492755848,32.957429805656105,26.0
215,32.260140827384376,128.41840781942554,33.1987738188599,26.0
216,32.53010088670216,128.4899165217915,33.01572555847745,26.0
217,32.677276703030294,128.97877616096346,32.831035631391345,26.0
218,32.46049862236962,127.99107645244779,32.837084516488254,26.0
219,32.54644106514914,129.20466789374987,33.069675448857076,26.0
220,32.7982015094697,129.0180858182259,32.6663824006731,26.0
221,32.93809566720034,128.55477361527142,33.183443515035016,26.0
222,32.62880055691647,128.90347771271988,33.24249899176075,26.0
223,32.647956130603205,128.0165698094435,33.053458762441295,26.0
224,32.621910730493966,128.329157672129,33.080835326313355,26.0
225,32.83987832016567,129.09894918895415,32.91258484546267,26.0
226,32.72812254837667,130.0891949623047,33.05763980130025,26.0
227,32.68275613047262,129.14755071542913,33.6204687720253,26.0
228,32.79490740652979,129.62140725051103,33.13091737103419,26.0
229,32.837628352379774,130.15863157397368,32.921925642680705,26.0
230,32.63272898859923,130.0597635352928,32.50028977142069,26.0
231,32.759722198662274,129.60326977799545,33.16445471076816,26.0
232,32.6515922187551,130.28954083455486,33.17297035613793,26.0
233,32.479363485229975,129.56473313472705,32.91009221979392,26.0
234,32.67829132871771,129.6356190726765,33.11049204041486,26.0
235,32.5823262495722,129.71696497588613,33.28494291878828,26.0
236,32.82647677614257,129.87057987451436,33.34293331511468,26.0
237,33.00266392009454,128.97219261755808,33.10847000467076,26.0
238,32.80842279286211,130.97080905349983,32.95515315525527,26.0
239,32.74662015188363,130.82398725624785,32.988067810225,26.0
240,32.81129085765739,131.434443794148,33.24927015765581,26.0
241,32.83538245403022,130.07342832119215,32.72353390189675,26.0
242,32.81314685692107,130.84323553695654,33.40398527648646,26.0
243,32.94339785228188,130.6154407728561,33.119066021912055,26.0
244,32.864856011233364,129.8274448105188,32.82545881555751,26.0
245,33.12770156031994,130.85431127485194,32.87790092931002,26.0
246,33.08347758203765,130.24955533078568,33.09879438852226,26.0
247,32.898333937511815,131.54306520783794,32.58697937650046,26.0
248,32.95300493567704,131.0274151697109,33.27994380920997,26.0
249,33.13021827510175,130.89942273342598,33.29366482268602,26.0
250,33.06494731975823,133.6117575877423,33.023321074541784,26.0
251,33.25120801343178,132.38892319295812,33.076507728156905,26.0
252,33.08613563975883,131.58498988245267,32.8268940196321,26.0
253,33.011010066070305,131.74096985196155,32.45244010539939,26.0
254,33.17466523886386,132.13889812599703,32.774104392447065,26.0
255,32.885124541489326,133.29509447623224,32.86479171550001,26.0
256,33.03538727324035,131.20885244707284,33.09924207394064,26.0
257,33.336483666310315,133.35212116506264,32.52198340191315,26.0
258,33.38473696847992,132.1883948482533,32.84340042102955,26.0
259,33.17219553917018,132.56415922412305,32.872313956536864,26.0
260,33.25491258549847,133.8479506843851,32.66548578672343,26.0
261,33.29636116315185,133.7812642922287,32.9926318849955,26.0
262,33.35201301149866,133.58868725892938,33.08007806908335,26.0
263,33.31903876154957,134.3608730584067,33.43739204743593,26.0
264,33.13268545513882,134.1302112215961,33.38403562565134,26.0
265,33.413461353359786,134.75653727835376,33.10743147515671,26.0
266,33.71659773127946,134.5144275434471,32.986370884812445,26.0
267,33.561384097695075,134.01054459496856,32.90621705358932,26.0
268,33.729421720896006,135.20342009857816,32.89981586531355,26.0
269,33.59250155295067,134.2367897409745,33.38429887086094,26.0
270,33.4002638212473,134.22130394769667,32.64957121388972,26.0
271,33.629540567644185,134.5791056481796,33.06562318218952,26.0
272,33.51586560680931,134.78328162323564,32.91291926656712,26.0
273,33.46082329866381,135.68656989103897,32.99484213221853,26.0
274,33.281177191289835,135.15738486162243,32.5941665710042,26.0
275,33.59942274902735,136.19733721812307,33.19888121013582,26.0
276,33.611187076943416,136.13294688848154,32.96760482559688,26.0
277,33.5808759390598,136.30295240214926,33.03276346582958,26.0
278,33.62395172957407,135.9404026422401,33.09722104035283,26.0
279,33.78431836599047,135.3207292082441,33.05477068007107,26.0
280,33.813252787225245,136.11596571332174,32.76997934840724,26.0
281,33.79653953001708,137.35569497499338,32.89276163555039,26.0
282,33.62816238142844,136.07676266233292,32.95524112126208,26.0
283,33.80237903948376,136.1418996985204,32.606799376118765,26.0
284,33.82297248826299,137.48584919030307,33.21897774336998,26.0
285,34.09094077223273,137.4525888984115,32.895815722276275,26.0
286,33.846002459509194,139.09385987020164,32.53401350393971,26.0
287,34.139394086779,137.29284077845756,33.1522955111142,26.0
288,34.0545546405169,137.86447501565857,32.78908569526168,26.0
289,34.04644771514331,137.9098408571082,33.024287702900246,26.0
290,33.76413084499452,137.74780378013568,33.009147394587934,26.0
291,34.083606232032885,136.8517325474794,32.79199465711161,26.0
292,34.19996810201932,137.79714320606803,32.79666923194566,26.0
293,34.127807532030985,137.99986968421902,32.88741325241016,26.0
294,34.075669251347335,139.4787550737399,32.94329663458308,26.0
295,34.28074356664164,138.43131378575245,33.57520017701202,26.0
296,34.22636362200906,140.39043915215817,32.77360045476804,26.0
297,34.10109260035898,139.48240431985207,32.970807545974324,26.0
298,34.22454625113177,138.93786858927666,33.396988147629195,26.0
299,34.23241414580069,139.49876062704905,32.821805768894286,26.0
300,34.16032312403288,140.75181718373412,33.44249242526406,26.0
301,34.330436800321564,139.8155281680834,33.135576603626994,26.0
302,34.22801266298848,140.42176311745064,32.902868008936835,26.0
303,33.93110486541002,140.4647672453304,32.39681336487012,26.0
304,34.16972690023959,139.07210349155642,32.616707214088706,26.0
305,34.42791313023982,140.72717906817286,32.96066133180287,26.0
306,34.430763127614114,141.43611255562413,33.15126619697667,26.0
307,34.564231146668,141.35675062062236,32.78958686309364,26.0
308,34.221990085889516,140.8330073487122,32.23053283811027,26.0
309,34.312086224064466,141.73425436637845,33.15058983681113,26.0
310,34.66305014916909,141.7075665284386,33.10710004925687,26.0
311,34.72304199784515,140.66351281191882,32.66657365184388,26.0
312,34.40648373704453,141.95303247130582,33.12204740345301,26.0
313,34.66042937142117,142.9183229746986,32.62875685202065,26.0
314,34.600749939952564,141.9667377110249,32.884526179428676,26.0
315,34.747585061097325,142.8723809650776,33.25321514909547,26.0
316,34.67201853792658,143.336709595606,33.307678650374335,26.0
317,34.82008692017748,142.19555048876308,33.136616930705905,26.0
318,34.46656346583665,143.09446558415496,32.75474720895112,26.0
319,34.51540255985119,142.96386251892974,32.67002631918758,26.0
320,34.65914445201943,143.23547161803052,33.01181437298485,26.0
321,34.86547351381137,143.23865023074637,33.237444083101494,26.0
322,34.58000675717146,142.63269956673614,33.06020208640314,26.0
323,34.85984160020149,143.33103190249906,33.09716468490728,26.0
324,34.62455279429811,143.7100234361425,32.901904940144995,26.0
325,34.74273896567053,144.86384393422586,32.644412352739614,26.0
326,34.71204371120062,143.42871578318602,33.124697552463196,26.0
327,34.845887667934086,142.90264841420347,33.01021331364255,26.0
328,34.729045732236195,144.5255518200184,32.361277643927366,26.0
329,34.89697690523027,143.63234573102304,32.65044304126133,26.0
330,35.041281905531186,144.00204585194345,33.091368423105536,26.0
331,35.057173883365465,144.88588148746024,32.95510915461179,26.0
332,35.11233327801127,144.4863262975397,32.6439405189064,26.0
333,34.9110705579359,145.17322314616263,33.01513292636725,26.0
334,34.914761193526935,145.59607896942927,33.156774734356176,26.0
335,35.03173998996018,146.0623051240754,32.949614747302,26.0
336,35.002222022722876,145.67500958240313,33.30234507886862,26.0
337,35.19634568396737,145.17622985168973,33.6501296046382,26.0
338,35.35895156144004,146.47488311345097,32.99117828030568,26.0
339,35.05615785284305,146.73224899925876,33.42199951829795,26.0
340,35.112447742647426,144.9122596916963,32.88353167716162,26.0
341,35.30962783702471,145.47146984086697,32.911947620682746,26.0
342,35.387475143696605,146.04652876844662,32.588486929692394,26.0
343,35.14231093957054,146.4628189284555,33.10902422390261,26.0
344,35.24691299061028,145.63340543534432,33.006809735347275,26.0
345,35.14874458855831,146.11650999107306,32.5698612913458,26.0
346,35.31392154638603,146.09577024553622,32.390202379473635,26.0
347,35.11697473827315,145.56582465552208,32.45859962807768,26.0
348,35.5141968545868,145.69756807459,32.673786752006265,26.0
349,35.353683851888334,147.25975400358217,32.567948704074766,26.0
350,35.40111962885262,147.59225808411358,33.04014942056596,26.0
351,35.51910817004749,147.3451756862087,33.5479854848052,26.0
352,35.43999419081938,147.23374648087704,33.000906001053075,26.0
353,35.14434783121434,147.3376329382336,32.71828194629549,26.0
354,35.539902818539474,147.27220557813436,32.84809726042074,26.0
355,35.34766240382991,147.31005008047165,32.36267071405611,26.0
356,35.260519180745,146.6471121888554,32.909090448769824,26.0
357,35.485208520210165,146.59531342352696,32.71109592813172,26.0
358,35.258678598777735,147.89678402651302,32.951091850434544,26.0
359,35.058737943770225,146.4866319045101,32.76325190661885,26.0
360,35.42369874714651,146.73952480437467,33.18359014342861,26.0
361,35.57116776528617,147.21417310299879,32.952230410278446,26.0
362,35.20657980821614,148.02331309906546,32.9051665800813,26.0
363,35.48311038461988,147.55504528200314,33.06712653050977,26.0
364,35.70324566687603,148.1724399775571,33.18220194260778,26.0
365,35.54637783800896,149.00007616439282,33.38557322866398,26.0
