timestamp,core_kw,rigid_kw,flex_interruptible_kw,flex_shiftable_kw,load_total_kw
2026-02-04 00:00:00+08:00,34.68843374320883,139.2249146113811,28.346134412636445,24.0,226.2594827672264
2026-02-04 01:00:00+08:00,34.91560103527593,134.33395750879063,26.584871918373253,23.17157287525381,219.0060033376936
2026-02-04 02:00:00+08:00,35.01630202299253,136.35969924801503,27.735107176862293,22.535898384862247,221.6470068327321
2026-02-04 03:00:00+08:00,34.684492458268295,138.77234279501312,28.53283848165789,22.136296694843725,224.12597042978302
2026-02-04 04:00:00+08:00,34.72185360833212,142.04615199558634,30.453031293539595,22.0,229.22103689745805
2026-02-04 05:00:00+08:00,36.19632409290835,146.97244529803984,30.601993240082955,22.136296694843725,235.90705932587488
2026-02-04 06:00:00+08:00,36.632657084949926,150.30696688485136,31.89634595374715,22.535898384862247,241.37186830841068
2026-02-04 07:00:00+08:00,36.868777429653285,149.2221456575114,33.9071465437274,23.17157287525381,243.1696425061459
2026-02-04 08:00:00+08:00,36.49128447861586,156.07046262926295,34.82170752145549,24.0,251.3834546293343
2026-02-04 09:00:00+08:00,37.099637509706646,155.18912442656472,35.891209656732556,24.964723819589917,253.14469541259385
2026-02-04 10:00:00+08:00,37.90792519052057,155.84527936317372,39.16594906316174,26.0,258.919153616856
2026-02-04 11:00:00+08:00,36.91815880473454,153.39163676185098,39.995433186099135,27.035276180410083,257.34050493309473
2026-02-04 12:00:00+08:00,36.24505743567419,160.04917503825985,36.80317349018973,28.0,261.09740596412377
2026-02-04 13:00:00+08:00,37.35462409559097,155.752354029591,36.950794662078486,28.82842712474619,258.88619991200665
2026-02-04 14:00:00+08:00,36.27669630055959,155.79254554219693,34.52601685875115,29.464101615137753,256.05936031664544
2026-02-04 15:00:00+08:00,35.75297225202479,157.9860491863597,35.74682926755174,29.86370330515627,259.3495540110925
2026-02-04 16:00:00+08:00,34.02464410588767,155.8601657658545,33.985910268585954,30.0,253.8707201403281
2026-02-04 17:00:00+08:00,33.984091870280785,153.8196588551513,35.554136909223004,29.86370330515627,253.22159093981134
2026-02-04 18:00:00+08:00,33.76466304286411,149.89628192884155,36.49228205332877,29.464101615137757,249.6173286401722
2026-02-04 19:00:00+08:00,34.735004235592555,153.34727089218032,30.07675363070119,28.82842712474619,246.98745588322024
2026-02-04 20:00:00+08:00,32.45110954148701,138.55553377600643,32.64312246935545,28.0,231.6497657868489
2026-02-04 21:00:00+08:00,33.75676043072038,145.303632596282,29.559212317418684,27.035276180410083,235.65488152483113
2026-02-04 22:00:00+08:00,34.41959567486781,144.01517221072893,30.410971626669618,26.0,234.84573951226633
2026-02-04 23:00:00+08:00,34.65730784212104,138.7653999415616,28.09730621495256,24.964723819589917,226.48473781822514
2026-02-05 00:00:00+08:00,35.1100488963602,140.81768767600408,28.848623914009945,24.0,228.77636048637422
2026-02-05 01:00:00+08:00,33.38215622484842,130.05511076242874,28.536566529035905,23.17157287525381,215.14540639156687
2026-02-05 02:00:00+08:00,35.77247842718687,135.2895372174657,28.586871358708606,22.535898384862247,222.1847853882234
2026-02-05 03:00:00+08:00,36.28076794610962,135.45841667312718,28.213092275106057,22.136296694843725,222.08857358918658
2026-02-05 04:00:00+08:00,35.45369296349774,141.61865366634422,29.947515197486712,22.0,229.01986182732867
2026-02-05 05:00:00+08:00,37.42252213948602,140.0997311453489,29.116267084395307,22.136296694843725,228.77481706407394
2026-02-05 06:00:00+08:00,36.930027841145986,147.6402384064917,33.77984151328191,22.535898384862247,240.8860061457818
2026-02-05 07:00:00+08:00,37.93715091183955,147.3371789819893,32.710539461066965,23.17157287525381,241.15644223014962
2026-02-05 08:00:00+08:00,38.460679103982564,147.81718835699328,33.85303806028974,24.0,244.1309055212656
2026-02-05 09:00:00+08:00,38.38205518538873,152.31858224265997,33.68137259158585,24.964723819589917,249.34673383922447
2026-02-05 10:00:00+08:00,37.56011437204766,151.58617249019974,36.75825782284302,26.0,251.9045446850904
2026-02-05 11:00:00+08:00,36.85251261535652,158.9526274715792,36.63476190718146,27.035276180410083,259.4751781745273
2026-02-05 12:00:00+08:00,37.418626095065356,158.5852788042937,36.9304203537423,28.0,260.93432525310135
2026-02-05 13:00:00+08:00,36.43633984515527,164.98127789513143,36.82136930271598,28.82842712474619,267.0674141677489
2026-02-05 14:00:00+08:00,35.69261326080196,158.99445903263862,37.523970913492576,29.464101615137753,261.6751448220709
2026-02-05 15:00:00+08:00,36.02961191418321,152.00878498131496,38.505863261481295,29.86370330515627,256.40796346213574
2026-02-05 16:00:00+08:00,34.51720185627605,153.3149938761534,37.97710587007087,30.0,255.80930160250034
2026-02-05 17:00:00+08:00,33.372558631361784,149.76800843089234,38.44430127244095,29.86370330515627,251.44857163985134
2026-02-05 18:00:00+08:00,34.29995200360956,152.79437053607248,36.264847615827485,29.464101615137757,252.82327177064727
2026-02-05 19:00:00+08:00,32.847272221003365,145.49888616130318,34.43620694408845,28.82842712474619,241.61079245114118
2026-02-05 20:00:00+08:00,32.37127122507556,143.08826772312088,30.620124953282755,28.0,234.0796639014792
2026-02-05 21:00:00+08:00,33.04146854371466,140.10151560382243,27.545791083183644,27.035276180410083,227.72405141113083
2026-02-05 22:00:00+08:00,32.41286286695189,142.6980429114029,31.304812507416294,26.0,232.41571828577108
2026-02-05 23:00:00+08:00,33.36262260485225,136.74794601500213,27.370757459526665,24.964723819589917,222.44604989897095
2026-02-06 00:00:00+08:00,32.3906475148368,142.9937314860056,29.21972332640431,24.0,228.6041023272467
2026-02-06 01:00:00+08:00,35.20391380940819,136.260754783189,27.540446961379892,23.17157287525381,222.1766884292309
2026-02-06 02:00:00+08:00,35.40192498691937,139.3664439902463,29.934207313230058,22.535898384862247,227.23847467525795
2026-02-06 03:00:00+08:00,36.113218488293626,133.95548378573,26.514757543063546,22.136296694843725,218.7197565119309
2026-02-06 04:00:00+08:00,35.160222114932886,138.38304937342292,28.375001195806085,22.0,223.91827268416188
2026-02-06 05:00:00+08:00,35.18845284123669,141.828787004306,32.75444269587516,22.136296694843725,231.90797923626158
2026-02-06 06:00:00+08:00,36.83187918698677,143.7353605847093,32.52031928123981,22.535898384862247,235.6234574377981
2026-02-06 07:00:00+08:00,37.41590744914075,149.39052773653677,30.573714641522972,23.17157287525381,240.5517227024543
2026-02-06 08:00:00+08:00,37.09092074390488,152.93526235560537,36.92976440690467,24.0,250.95594750641493
2026-02-06 09:00:00+08:00,37.24650239532772,153.8714618839059,33.59625183779824,24.964723819589917,249.6789399366218
2026-02-06 10:00:00+08:00,37.923167947448135,154.81115709141594,38.39689648680011,26.0,257.13122152566416
2026-02-06 11:00:00+08:00,37.22848025960789,150.89907103567734,37.18011120411587,27.035276180410083,252.34293867981117
2026-02-06 12:00:00+08:00,36.88832826023798,159.71371453834644,37.217247587067305,28.0,261.8192903856517
2026-02-06 13:00:00+08:00,36.92364416398846,155.54202594472562,39.16699375198087,28.82842712474619,260.46109098544116
2026-02-06 14:00:00+08:00,35.385625879467604,161.53675321990312,38.59013687776783,29.464101615137753,264.9766175922763
2026-02-06 15:00:00+08:00,35.900391657119926,157.04751986044045,37.646791077457394,29.86370330515627,260.45840590017406
2026-02-06 16:00:00+08:00,35.94250599796858,157.17505321225508,35.46686447272251,30.0,258.5844236829462
2026-02-06 17:00:00+08:00,33.39593366359448,152.1723581840631,35.49999908511949,29.86370330515627,250.93199423793334
2026-02-06 18:00:00+08:00,33.4846750067749,142.35148985491878,36.996852053321454,29.464101615137757,242.2971185301529
2026-02-06 19:00:00+08:00,34.644972410150345,151.79448793931113,32.030393046610556,28.82842712474619,247.2982805208182
2026-02-06 20:00:00+08:00,34.392915142481286,141.3669144399052,33.10609606360409,28.0,236.8659256459906
2026-02-06 21:00:00+08:00,31.597375263559435,141.31863892589055,33.163667361392285,27.035276180410083,233.11495773125236
2026-02-06 22:00:00+08:00,33.415106712196106,138.945168439022,28.62482126778367,26.0,226.98509641900176
2026-02-06 23:00:00+08:00,34.67699502373474,133.59398756021056,27.9666725893041,24.964723819589917,221.20237899283933
2026-02-07 00:00:00+08:00,35.0382748808001,131.10531706946918,29.897073778189245,24.0,220.04066572845855
2026-02-07 01:00:00+08:00,33.883431732819574,139.84284708037057,27.67938674713501,23.17157287525381,224.57723843557898
2026-02-07 02:00:00+08:00,35.70854927997441,136.2050735581827,28.076855728294824,22.535898384862247,222.52637695131418
2026-02-07 03:00:00+08:00,34.993689268579786,137.7069372735591,25.63783204671442,22.136296694843725,220.47475528369702
2026-02-07 04:00:00+08:00,35.26275352718602,141.405337903235,31.23228930419989,22.0,229.9003807346209
2026-02-07 05:00:00+08:00,36.96507527553688,145.8298558017866,29.9266543253859,22.136296694843725,234.85788209755313
2026-02-07 06:00:00+08:00,37.2202945045383,147.4300950077862,32.73799352890846,22.535898384862247,239.92428142609523
2026-02-07 07:00:00+08:00,36.96277699751943,149.77133233210427,35.922777269785605,23.17157287525381,245.8284594746631
2026-02-07 08:00:00+08:00,39.315921666083675,151.96499660558143,34.684108932025545,24.0,249.96502720369065
2026-02-07 09:00:00+08:00,37.233114869986196,150.12389724407228,36.18922132317928,24.964723819589917,248.51095725682768
2026-02-07 10:00:00+08:00,36.51561216449796,153.31303457154235,35.184671486375585,26.0,251.01331822241588
2026-02-07 11:00:00+08:00,37.78757939030395,157.29271036448193,39.511641370306236,27.035276180410083,261.6272073055022
2026-02-07 12:00:00+08:00,36.62832973131165,157.5927169098151,42.15276832177201,28.0,264.3738149628988
2026-02-07 13:00:00+08:00,37.278989074615886,157.89433675558993,38.78954947740942,28.82842712474619,262.7913024323614
2026-02-07 14:00:00+08:00,35.008125739975696,158.93259624209986,36.44791498250989,29.464101615137753,259.8527385797232
2026-02-07 15:00:00+08:00,36.374949092179044,160.14027402794702,37.14939277396791,29.86370330515627,263.52831919925023
2026-02-07 16:00:00+08:00,34.679556519602514,153.5963278880639,34.693049728222746,30.0,252.96893413588916
2026-02-07 17:00:00+08:00,34.26769947169956,154.7626293310585,35.49125878297914,29.86370330515627,254.38529089089346
2026-02-07 18:00:00+08:00,32.85277057311469,150.02465866354353,33.30126196562709,29.464101615137757,245.6427928174231
2026-02-07 19:00:00+08:00,34.01504725790055,149.59647379522937,34.49958745352325,28.82842712474619,246.93953563139937
2026-02-07 20:00:00+08:00,33.245851100693955,146.51709349477017,31.005987219195823,28.0,238.76893181465994
2026-02-07 21:00:00+08:00,33.30002428067267,137.7753667117908,31.68713266005683,27.035276180410083,229.7977998329304
2026-02-07 22:00:00+08:00,33.36146116748344,138.69995378070288,30.908245417974413,26.0,228.96966036616072
2026-02-07 23:00:00+08:00,33.90249806838979,139.68524632482823,27.927454342041912,24.964723819589917,226.47992255484988
2026-02-08 00:00:00+08:00,34.82421230206056,135.78139337710613,28.88237521066807,24.0,223.48798088983474
2026-02-08 01:00:00+08:00,34.33284912919009,140.90628239862448,28.50115280295738,23.17157287525381,226.9118572060258
2026-02-08 02:00:00+08:00,34.25982548483167,139.28828107323207,27.08540498637496,22.535898384862247,223.16940992930094
2026-02-08 03:00:00+08:00,34.39766027054324,139.3029872426977,26.953457956565142,22.136296694843725,222.7904021646498
2026-02-08 04:00:00+08:00,37.12268736786332,142.5604943104383,29.200437176174027,22.0,230.88361885447563
2026-02-08 05:00:00+08:00,35.55040217322248,141.98576394286843,31.247890842111634,22.136296694843725,230.92035365304628
2026-02-08 06:00:00+08:00,37.041497363365885,143.667434364427,31.473016155727503,22.535898384862247,234.71784626838263
2026-02-08 07:00:00+08:00,37.058549126513704,147.28096467775035,35.54263624809267,23.17157287525381,243.05372292761052
2026-02-08 08:00:00+08:00,36.85722637612397,151.1260008164308,34.068225480898626,24.0,246.0514526734534
2026-02-08 09:00:00+08:00,37.60154725345499,151.3216042037107,31.23021163407419,24.964723819589917,245.1180869108298
2026-02-08 10:00:00+08:00,37.508860198525184,154.11424993752777,37.523830546216224,26.0,255.1469406822692
2026-02-08 11:00:00+08:00,38.06666466918886,155.98094953296788,36.44255264613811,27.035276180410083,257.52544302870496
2026-02-08 12:00:00+08:00,37.344547510075095,153.27779844514987,36.46281700419246,28.0,255.08516295941743
2026-02-08 13:00:00+08:00,35.82356292211115,154.5151753801209,36.783130283083686,28.82842712474619,255.95029571006194
2026-02-08 14:00:00+08:00,35.88168301087208,152.93640074721327,39.28850518903073,29.464101615137753,257.57069056225384
2026-02-08 15:00:00+08:00,35.3095777279575,159.08778963245226,37.220000662382425,29.86370330515627,261.4810713279485
2026-02-08 16:00:00+08:00,35.67248055606414,154.0921464019219,34.428219478164586,30.0,254.1928464361506
2026-02-08 17:00:00+08:00,33.61168885516073,153.2492408286015,35.60904142053913,29.86370330515627,252.33367440945761
2026-02-08 18:00:00+08:00,35.31713868872752,146.80027807273183,34.032752642012284,29.464101615137757,245.6142710186094
2026-02-08 19:00:00+08:00,34.339634059263396,145.3757222361911,31.401348568396294,28.82842712474619,239.94513198859698
2026-02-08 20:00:00+08:00,34.48904794050208,147.8093900786786,30.639891489490125,28.0,240.9383295086708
2026-02-08 21:00:00+08:00,33.723614244076714,143.24140497992246,27.391161487596573,27.035276180410083,231.39145689200583
2026-02-08 22:00:00+08:00,33.8903873954088,143.68055213627306,27.026206978222103,26.0,230.59714650990395
2026-02-08 23:00:00+08:00,32.653499176110884,136.67588600399955,27.760889010655426,24.964723819589917,222.05499801035577
2026-02-09 00:00:00+08:00,33.756692886482995,135.08872182679082,26.97239182677675,24.0,219.81780654005055
2026-02-09 01:00:00+08:00,33.94246572806494,142.87881811623313,27.416685017972778,23.17157287525381,227.40954173752468
2026-02-09 02:00:00+08:00,35.03369382275385,134.73019411139518,27.44721859272145,22.535898384862247,219.7470049117327
2026-02-09 03:00:00+08:00,34.29469321854786,143.2214745282404,27.405861053880997,22.136296694843725,227.05832549551297
2026-02-09 04:00:00+08:00,37.046468082320075,137.75679279603457,30.681449739700778,22.0,227.48471061805543
2026-02-09 05:00:00+08:00,37.50188156232887,146.44876379613544,32.35846366623472,22.136296694843725,238.44540571954275
2026-02-09 06:00:00+08:00,37.07613989917645,144.3099686047333,31.22208027538362,22.535898384862247,235.14408716415562
2026-02-09 07:00:00+08:00,37.62568356782953,148.37718476539263,32.15402770974876,23.17157287525381,241.32846891822473
2026-02-09 08:00:00+08:00,38.21958424943803,148.46616690366955,34.86186926064443,24.0,245.54762041375199
2026-02-09 09:00:00+08:00,36.11474319094151,153.2429836611727,35.18653148048355,24.964723819589917,249.50898215218768
2026-02-09 10:00:00+08:00,36.27902600396447,149.84658910633698,36.49027425135544,26.0,248.61588936165688
2026-02-09 11:00:00+08:00,37.289224091985936,158.2948666878608,39.314218247446696,27.035276180410083,261.9335852077035
2026-02-09 12:00:00+08:00,37.12603540195876,157.95028125363865,39.90523494761257,28.0,262.98155160320994
2026-02-09 13:00:00+08:00,36.883801038933264,158.07657409491895,37.267197401851384,28.82842712474619,261.0559996604498
2026-02-09 14:00:00+08:00,37.17300179537109,157.46076430003305,38.023136943337796,29.464101615137753,262.1210046538797
2026-02-09 15:00:00+08:00,35.293437233652995,150.97409922810138,36.943836027517314,29.86370330515627,253.07507579442796
2026-02-09 16:00:00+08:00,34.82280542860662,154.10539251385612,39.7276852341333,30.0,258.65588317659603
2026-02-09 17:00:00+08:00,34.952495604062,151.09957197876355,35.473858315846186,29.86370330515627,251.389629203828
2026-02-09 18:00:00+08:00,34.6834570712489,142.74621611749382,32.746683941870145,29.464101615137757,239.64045874575064
2026-02-09 19:00:00+08:00,33.611417126239544,146.3811435495009,30.24480851220924,28.82842712474619,239.06579631269585
2026-02-09 20:00:00+08:00,33.77150210841065,142.43015328663625,31.83105923395901,28.0,236.0327146290059
2026-02-09 21:00:00+08:00,31.441780485442003,139.84934161452898,34.122665780884205,27.035276180410083,232.44906406126526
2026-02-09 22:00:00+08:00,34.85969489217184,142.78216809344343,28.593016460322872,26.0,232.23487944593813
2026-02-09 23:00:00+08:00,34.314930834335485,137.6282851520247,30.94062326970902,24.964723819589917,227.84856307565911
2026-02-10 00:00:00+08:00,33.97676126448968,132.22834551441957,26.557233339949416,24.0,216.76234011885867
2026-02-10 01:00:00+08:00,33.95807192424169,135.28881322490705,30.2710034606758,23.17157287525381,222.68946148507834
2026-02-10 02:00:00+08:00,34.891111961122064,145.00757297288774,29.022717849973056,22.535898384862247,231.45730116884508
2026-02-10 03:00:00+08:00,35.60367256022911,134.0221104669438,27.300954860188465,22.136296694843725,219.0630345822051
2026-02-10 04:00:00+08:00,35.399753225211406,137.02961628508731,31.1466759868436,22.0,225.57604549714233
2026-02-10 05:00:00+08:00,36.51097263795375,144.47341372217062,30.641362520858802,22.136296694843725,233.7620455758269
2026-02-10 06:00:00+08:00,34.790800521012876,144.29390616308692,30.971172318039457,22.535898384862247,232.59177738700149
2026-02-10 07:00:00+08:00,38.101319983722995,140.22981715253957,33.360426959402055,23.17157287525381,234.86313697091842
2026-02-10 08:00:00+08:00,37.05708177338775,145.2144398239823,36.6752966790795,24.0,242.94681827644956
2026-02-10 09:00:00+08:00,36.518918394058055,147.26960960722647,35.87587162193953,24.964723819589917,244.62912344281398
2026-02-10 10:00:00+08:00,37.102894143757354,151.99414943655728,37.67189427222686,26.0,252.76893785254148
2026-02-10 11:00:00+08:00,38.455596334137105,153.48563961709704,38.03325391243601,27.035276180410083,257.00976604408027
2026-02-10 12:00:00+08:00,36.58924752758499,158.4405218951294,38.502216955610564,28.0,261.5319863783249
2026-02-10 13:00:00+08:00,35.13009446556259,156.4154928366514,39.5828880521902,28.82842712474619,259.9569024791504
2026-02-10 14:00:00+08:00,35.80927759010735,154.80612100556283,39.68256544239357,29.464101615137753,259.7620656532015
2026-02-10 15:00:00+08:00,35.08816082300527,158.85400416263568,37.868166698712656,29.86370330515627,261.6740349895099
2026-02-10 16:00:00+08:00,34.439348800090855,156.51500980599192,34.649138193509614,30.0,255.6034967995924
2026-02-10 17:00:00+08:00,34.47175783049047,150.3817085429367,36.23818738097101,29.86370330515627,250.95535705955444
2026-02-10 18:00:00+08:00,32.511885347008985,150.87252692744323,34.12894487799349,29.464101615137757,246.97745876758347
2026-02-10 19:00:00+08:00,32.84712132227049,150.25031930642112,34.51473474542823,28.82842712474619,246.440602498866
2026-02-10 20:00:00+08:00,33.07191683266144,140.73118709963612,30.03602569244654,28.0,231.8391296247441
2026-02-10 21:00:00+08:00,33.12287767065181,142.56128198756363,30.13213137518144,27.035276180410083,232.85156721380696
2026-02-10 22:00:00+08:00,33.38091945690282,142.3451856990554,27.695953796226608,26.0,229.42205895218484
2026-02-10 23:00:00+08:00,33.66732810467586,136.33351703528078,25.517756005724973,24.964723819589917,220.48332496527155
