role,risk_class,scenario_id,seed,event,start_hour,end_hour
training,joint,0,20260921,grid_bus_fault,1656,1658
training,joint,0,20260921,grid_bus_fault,1934,1952
training,joint,0,20260921,grid_bus_fault,3691,3720
training,joint,0,20260921,grid_bus_fault,4148,4150
training,joint,0,20260921,grid_bus_fault,7582,7586
training,joint,0,20260921,renewable_bus_fault,1824,1831
training,joint,0,20260921,renewable_bus_fault,6146,6149
training,joint,0,20260921,renewable_bus_fault,7679,7682
training,joint,1,20261930,grid_bus_fault,3035,3046
training,joint,1,20261930,grid_bus_fault,5392,5416
training,joint,1,20261930,grid_bus_fault,5498,5539
training,joint,1,20261930,renewable_bus_fault,864,878
training,joint,1,20261930,renewable_bus_fault,1369,1372
training,joint,1,20261930,renewable_bus_fault,1721,1750
training,joint,1,20261930,renewable_bus_fault,2173,2216
training,joint,1,20261930,renewable_bus_fault,4101,4102
training,joint,1,20261930,renewable_bus_fault,6276,6292
training,joint,1,20261930,renewable_bus_fault,6813,6815
training,joint,2,20262939,grid_bus_fault,260,271
training,joint,2,20262939,grid_bus_fault,571,572
training,joint,2,20262939,grid_bus_fault,1387,1392
training,joint,2,20262939,grid_bus_fault,2035,2038
training,joint,2,20262939,grid_bus_fault,2200,2207
training,joint,2,20262939,grid_bus_fault,5394,5398
training,joint,2,20262939,grid_bus_fault,6827,6837
training,joint,2,20262939,grid_bus_fault,8529,8534
training,joint,2,20262939,renewable_bus_fault,3588,3590
training,joint,2,20262939,renewable_bus_fault,5650,5659
training,joint,2,20262939,renewable_bus_fault,6362,6365
training,joint,2,20262939,renewable_bus_fault,8541,8544
training,joint,3,20263948,grid_bus_fault,303,319
training,joint,3,20263948,grid_bus_fault,579,592
training,joint,3,20263948,grid_bus_fault,868,897
training,joint,3,20263948,grid_bus_fault,3596,3596
training,joint,3,20263948,grid_bus_fault,4561,4561
training,joint,3,20263948,grid_bus_fault,5531,5536
training,joint,3,20263948,renewable_bus_fault,3454,3461
training,joint,3,20263948,renewable_bus_fault,4725,4742
training,joint,3,20263948,renewable_bus_fault,5161,5163
training,joint,3,20263948,renewable_bus_fault,5273,5277
training,joint,3,20263948,renewable_bus_fault,5848,5863
training,joint,3,20263948,renewable_bus_fault,6574,6580
training,joint,3,20263948,renewable_bus_fault,6858,6861
training,joint,4,20264957,grid_bus_fault,1292,1303
training,joint,4,20264957,grid_bus_fault,3843,3849
training,joint,4,20264957,grid_bus_fault,4951,4957
training,joint,4,20264957,grid_bus_fault,5865,5868
training,joint,4,20264957,grid_bus_fault,6449,6453
training,joint,4,20264957,renewable_bus_fault,170,177
training,joint,4,20264957,renewable_bus_fault,329,330
training,joint,4,20264957,renewable_bus_fault,1269,1269
training,joint,4,20264957,renewable_bus_fault,1318,1350
training,joint,4,20264957,renewable_bus_fault,1729,1735
training,joint,4,20264957,renewable_bus_fault,3317,3317
training,joint,4,20264957,renewable_bus_fault,3522,3532
training,joint,4,20264957,renewable_bus_fault,5603,5609
training,joint,4,20264957,renewable_bus_fault,6716,6724
training,joint,4,20264957,renewable_bus_fault,7829,7833
training,joint,4,20264957,renewable_bus_fault,8256,8263
training,joint,5,20265966,grid_bus_fault,1264,1264
training,joint,5,20265966,grid_bus_fault,2219,2227
training,joint,5,20265966,grid_bus_fault,4650,4666
training,joint,5,20265966,grid_bus_fault,6028,6031
training,joint,5,20265966,grid_bus_fault,6479,6488
training,joint,5,20265966,grid_bus_fault,6540,6540
training,joint,5,20265966,renewable_bus_fault,42,48
training,joint,5,20265966,renewable_bus_fault,460,466
training,joint,5,20265966,renewable_bus_fault,720,732
training,joint,5,20265966,renewable_bus_fault,949,965
training,joint,5,20265966,renewable_bus_fault,1082,1082
training,joint,5,20265966,renewable_bus_fault,1633,1635
training,joint,5,20265966,renewable_bus_fault,3189,3193
training,joint,5,20265966,renewable_bus_fault,5465,5466
training,joint,5,20265966,renewable_bus_fault,6540,6542
training,joint,5,20265966,renewable_bus_fault,8714,8715
training,joint,6,20266975,grid_bus_fault,2084,2090
training,joint,6,20266975,grid_bus_fault,2290,2293
training,joint,6,20266975,grid_bus_fault,3972,3973
training,joint,6,20266975,grid_bus_fault,4094,4095
training,joint,6,20266975,grid_bus_fault,4860,4872
training,joint,6,20266975,grid_bus_fault,5575,5575
training,joint,6,20266975,grid_bus_fault,6760,6792
training,joint,6,20266975,grid_bus_fault,7365,7369
training,joint,6,20266975,grid_bus_fault,8025,8025
training,joint,6,20266975,renewable_bus_fault,93,94
training,joint,6,20266975,renewable_bus_fault,1276,1283
training,joint,6,20266975,renewable_bus_fault,1484,1485
training,joint,6,20266975,renewable_bus_fault,3038,3052
training,joint,6,20266975,renewable_bus_fault,3173,3191
training,joint,6,20266975,renewable_bus_fault,4593,4595
training,joint,6,20266975,renewable_bus_fault,6224,6239
training,joint,6,20266975,renewable_bus_fault,7149,7177
training,joint,7,20267984,grid_bus_fault,423,426
training,joint,7,20267984,grid_bus_fault,2481,2481
training,joint,7,20267984,grid_bus_fault,6127,6133
training,joint,7,20267984,grid_bus_fault,7287,7304
training,joint,7,20267984,renewable_bus_fault,846,854
training,joint,7,20267984,renewable_bus_fault,1175,1175
training,joint,7,20267984,renewable_bus_fault,3225,3231
training,joint,7,20267984,renewable_bus_fault,7721,7734
training,joint,7,20267984,renewable_bus_fault,8270,8290
training,joint,8,20268993,grid_bus_fault,1179,1180
training,joint,8,20268993,grid_bus_fault,1694,1695
training,joint,8,20268993,grid_bus_fault,1877,1881
training,joint,8,20268993,grid_bus_fault,4462,4464
training,joint,8,20268993,grid_bus_fault,5771,5778
training,joint,8,20268993,renewable_bus_fault,1748,1763
training,joint,8,20268993,renewable_bus_fault,1857,1860
training,joint,8,20268993,renewable_bus_fault,3127,3132
training,joint,8,20268993,renewable_bus_fault,5772,5772
training,joint,8,20268993,renewable_bus_fault,6096,6097
training,joint,8,20268993,renewable_bus_fault,6548,6567
training,joint,8,20268993,renewable_bus_fault,7139,7149
training,joint,8,20268993,renewable_bus_fault,7373,7382
training,joint,8,20268993,renewable_bus_fault,7470,7470
training,joint,8,20268993,renewable_bus_fault,8194,8207
training,joint,9,20270002,grid_bus_fault,475,502
training,joint,9,20270002,grid_bus_fault,1203,1204
training,joint,9,20270002,grid_bus_fault,1520,1521
training,joint,9,20270002,grid_bus_fault,1630,1638
training,joint,9,20270002,grid_bus_fault,2877,2879
training,joint,9,20270002,grid_bus_fault,6036,6041
training,joint,9,20270002,grid_bus_fault,7350,7350
training,joint,9,20270002,grid_bus_fault,7847,7851
training,joint,9,20270002,renewable_bus_fault,864,868
training,joint,9,20270002,renewable_bus_fault,3600,3600
training,joint,9,20270002,renewable_bus_fault,6871,6879
training,joint,9,20270002,renewable_bus_fault,7257,7270
training,joint,9,20270002,renewable_bus_fault,7385,7402
training,joint,10,20271011,grid_bus_fault,2908,2919
training,joint,10,20271011,grid_bus_fault,4762,4762
training,joint,10,20271011,grid_bus_fault,7889,7899
training,joint,10,20271011,grid_bus_fault,8277,8287
training,joint,10,20271011,renewable_bus_fault,5744,5745
training,joint,10,20271011,renewable_bus_fault,6020,6022
training,joint,10,20271011,renewable_bus_fault,6659,6666
training,joint,10,20271011,renewable_bus_fault,6795,6806
training,joint,10,20271011,renewable_bus_fault,8041,8046
training,joint,11,20272020,grid_bus_fault,4044,4051
training,joint,11,20272020,grid_bus_fault,4529,4533
training,joint,11,20272020,grid_bus_fault,4540,4543
training,joint,11,20272020,renewable_bus_fault,21,29
training,joint,11,20272020,renewable_bus_fault,396,399
training,joint,11,20272020,renewable_bus_fault,1639,1639
training,joint,11,20272020,renewable_bus_fault,5877,5884
training,joint,11,20272020,renewable_bus_fault,6646,6701
training,joint,12,20273029,grid_bus_fault,384,392
training,joint,12,20273029,grid_bus_fault,3811,3818
training,joint,12,20273029,grid_bus_fault,5551,5554
training,joint,12,20273029,grid_bus_fault,5981,5992
training,joint,12,20273029,grid_bus_fault,6150,6152
training,joint,12,20273029,grid_bus_fault,6557,6567
training,joint,12,20273029,renewable_bus_fault,433,441
training,joint,12,20273029,renewable_bus_fault,637,640
training,joint,12,20273029,renewable_bus_fault,967,974
training,joint,12,20273029,renewable_bus_fault,2847,2847
training,joint,12,20273029,renewable_bus_fault,4330,4335
training,joint,12,20273029,renewable_bus_fault,4483,4487
training,joint,12,20273029,renewable_bus_fault,4518,4524
training,joint,12,20273029,renewable_bus_fault,5174,5177
training,joint,12,20273029,renewable_bus_fault,5696,5697
training,joint,12,20273029,renewable_bus_fault,6163,6169
training,joint,12,20273029,renewable_bus_fault,6191,6198
training,joint,12,20273029,renewable_bus_fault,6848,6849
training,joint,12,20273029,renewable_bus_fault,7062,7066
training,joint,13,20274038,grid_bus_fault,2184,2190
training,joint,13,20274038,renewable_bus_fault,192,202
training,joint,13,20274038,renewable_bus_fault,1929,1932
training,joint,13,20274038,renewable_bus_fault,3633,3636
training,joint,13,20274038,renewable_bus_fault,3647,3653
training,joint,13,20274038,renewable_bus_fault,4499,4500
training,joint,13,20274038,renewable_bus_fault,4789,4797
training,joint,13,20274038,renewable_bus_fault,5925,5941
training,joint,13,20274038,renewable_bus_fault,7359,7367
training,joint,13,20274038,renewable_bus_fault,8274,8274
training,joint,14,20275047,grid_bus_fault,3803,3812
training,joint,14,20275047,grid_bus_fault,6971,6993
training,joint,14,20275047,grid_bus_fault,7652,7652
training,joint,14,20275047,renewable_bus_fault,2739,2741
training,joint,14,20275047,renewable_bus_fault,3081,3085
training,joint,14,20275047,renewable_bus_fault,3158,3158
training,joint,14,20275047,renewable_bus_fault,3791,3812
training,joint,14,20275047,renewable_bus_fault,5128,5130
training,joint,14,20275047,renewable_bus_fault,6253,6266
training,joint,14,20275047,renewable_bus_fault,8352,8352
training,joint,15,20276056,grid_bus_fault,837,848
training,joint,15,20276056,grid_bus_fault,1087,1091
training,joint,15,20276056,grid_bus_fault,2027,2033
training,joint,15,20276056,grid_bus_fault,2041,2045
training,joint,15,20276056,grid_bus_fault,2293,2304
training,joint,15,20276056,grid_bus_fault,4578,4589
training,joint,15,20276056,grid_bus_fault,4751,4763
training,joint,15,20276056,grid_bus_fault,5024,5033
training,joint,15,20276056,renewable_bus_fault,923,926
training,joint,15,20276056,renewable_bus_fault,4280,4286
training,joint,15,20276056,renewable_bus_fault,4498,4498
training,joint,15,20276056,renewable_bus_fault,5839,5848
training,joint,15,20276056,renewable_bus_fault,5911,5925
validation,joint,0,20270921,grid_bus_fault,833,849
validation,joint,0,20270921,grid_bus_fault,5187,5196
validation,joint,0,20270921,grid_bus_fault,5216,5222
validation,joint,0,20270921,renewable_bus_fault,816,816
validation,joint,0,20270921,renewable_bus_fault,2814,2821
validation,joint,0,20270921,renewable_bus_fault,2918,2934
validation,joint,0,20270921,renewable_bus_fault,4487,4516
validation,joint,0,20270921,renewable_bus_fault,5256,5274
validation,joint,0,20270921,renewable_bus_fault,7748,7748
validation,joint,1,20271930,grid_bus_fault,949,961
validation,joint,1,20271930,grid_bus_fault,1164,1167
validation,joint,1,20271930,grid_bus_fault,1748,1753
validation,joint,1,20271930,grid_bus_fault,2971,2972
validation,joint,1,20271930,grid_bus_fault,3461,3470
validation,joint,1,20271930,grid_bus_fault,4206,4210
validation,joint,1,20271930,grid_bus_fault,8096,8107
validation,joint,1,20271930,renewable_bus_fault,1337,1351
validation,joint,1,20271930,renewable_bus_fault,2072,2104
validation,joint,1,20271930,renewable_bus_fault,2396,2402
validation,joint,1,20271930,renewable_bus_fault,3586,3590
validation,joint,1,20271930,renewable_bus_fault,3989,3994
validation,joint,1,20271930,renewable_bus_fault,8711,8727
validation,joint,2,20272939,grid_bus_fault,145,157
validation,joint,2,20272939,grid_bus_fault,3663,3663
validation,joint,2,20272939,grid_bus_fault,5986,5997
validation,joint,2,20272939,grid_bus_fault,6069,6070
validation,joint,2,20272939,renewable_bus_fault,819,819
validation,joint,2,20272939,renewable_bus_fault,1117,1136
validation,joint,2,20272939,renewable_bus_fault,2995,2995
validation,joint,2,20272939,renewable_bus_fault,5956,5960
validation,joint,2,20272939,renewable_bus_fault,6878,6878
validation,joint,2,20272939,renewable_bus_fault,7175,7175
validation,joint,2,20272939,renewable_bus_fault,8059,8068
validation,joint,3,20273948,grid_bus_fault,545,565
validation,joint,3,20273948,grid_bus_fault,1267,1269
validation,joint,3,20273948,grid_bus_fault,2949,2970
validation,joint,3,20273948,grid_bus_fault,3555,3574
validation,joint,3,20273948,grid_bus_fault,4132,4134
validation,joint,3,20273948,grid_bus_fault,6756,6780
validation,joint,3,20273948,renewable_bus_fault,1606,1624
validation,joint,3,20273948,renewable_bus_fault,7841,7844
validation,joint,4,20274957,grid_bus_fault,1312,1314
validation,joint,4,20274957,grid_bus_fault,4098,4098
validation,joint,4,20274957,renewable_bus_fault,448,452
validation,joint,4,20274957,renewable_bus_fault,3270,3275
validation,joint,4,20274957,renewable_bus_fault,5654,5671
validation,joint,4,20274957,renewable_bus_fault,6033,6039
validation,joint,4,20274957,renewable_bus_fault,6578,6588
validation,joint,4,20274957,renewable_bus_fault,7089,7089
validation,joint,4,20274957,renewable_bus_fault,7321,7327
validation,joint,4,20274957,renewable_bus_fault,7893,7899
validation,joint,5,20275966,grid_bus_fault,923,923
validation,joint,5,20275966,grid_bus_fault,1457,1457
validation,joint,5,20275966,grid_bus_fault,2518,2528
validation,joint,5,20275966,grid_bus_fault,3270,3271
validation,joint,5,20275966,grid_bus_fault,3459,3461
validation,joint,5,20275966,grid_bus_fault,4342,4348
validation,joint,5,20275966,grid_bus_fault,5419,5421
validation,joint,5,20275966,grid_bus_fault,6545,6552
validation,joint,5,20275966,grid_bus_fault,6631,6631
validation,joint,5,20275966,grid_bus_fault,8050,8057
validation,joint,5,20275966,renewable_bus_fault,371,374
validation,joint,5,20275966,renewable_bus_fault,2429,2432
validation,joint,5,20275966,renewable_bus_fault,2905,2919
validation,joint,5,20275966,renewable_bus_fault,3121,3125
validation,joint,5,20275966,renewable_bus_fault,4150,4158
validation,joint,5,20275966,renewable_bus_fault,4646,4652
validation,joint,5,20275966,renewable_bus_fault,4724,4734
validation,joint,5,20275966,renewable_bus_fault,5892,5912
validation,joint,5,20275966,renewable_bus_fault,7963,7968
validation,joint,5,20275966,renewable_bus_fault,8055,8055
validation,joint,6,20276975,grid_bus_fault,1187,1204
validation,joint,6,20276975,grid_bus_fault,1475,1493
validation,joint,6,20276975,grid_bus_fault,4525,4541
validation,joint,6,20276975,grid_bus_fault,5095,5123
validation,joint,6,20276975,grid_bus_fault,5733,5768
validation,joint,6,20276975,grid_bus_fault,6587,6587
validation,joint,6,20276975,grid_bus_fault,6779,6791
validation,joint,6,20276975,grid_bus_fault,7006,7022
validation,joint,6,20276975,grid_bus_fault,7743,7746
validation,joint,6,20276975,grid_bus_fault,8113,8116
validation,joint,6,20276975,renewable_bus_fault,636,637
validation,joint,6,20276975,renewable_bus_fault,1347,1347
validation,joint,6,20276975,renewable_bus_fault,2006,2029
validation,joint,6,20276975,renewable_bus_fault,2104,2108
validation,joint,6,20276975,renewable_bus_fault,3233,3238
validation,joint,6,20276975,renewable_bus_fault,3277,3279
validation,joint,6,20276975,renewable_bus_fault,3436,3438
validation,joint,6,20276975,renewable_bus_fault,5361,5361
validation,joint,6,20276975,renewable_bus_fault,5542,5556
validation,joint,6,20276975,renewable_bus_fault,5732,5733
validation,joint,6,20276975,renewable_bus_fault,7539,7553
validation,joint,6,20276975,renewable_bus_fault,7972,7972
validation,joint,6,20276975,renewable_bus_fault,7986,7986
validation,joint,7,20277984,grid_bus_fault,369,375
validation,joint,7,20277984,grid_bus_fault,2304,2313
validation,joint,7,20277984,grid_bus_fault,2329,2344
validation,joint,7,20277984,grid_bus_fault,2882,2891
validation,joint,7,20277984,grid_bus_fault,4052,4054
validation,joint,7,20277984,grid_bus_fault,4573,4602
validation,joint,7,20277984,grid_bus_fault,6935,6951
validation,joint,7,20277984,grid_bus_fault,7798,7800
validation,joint,7,20277984,grid_bus_fault,8417,8439
validation,joint,7,20277984,renewable_bus_fault,126,138
validation,joint,7,20277984,renewable_bus_fault,1105,1106
validation,joint,7,20277984,renewable_bus_fault,1540,1540
validation,joint,7,20277984,renewable_bus_fault,2436,2436
validation,joint,7,20277984,renewable_bus_fault,2508,2508
validation,joint,7,20277984,renewable_bus_fault,2815,2819
validation,joint,7,20277984,renewable_bus_fault,3045,3053
validation,joint,7,20277984,renewable_bus_fault,4018,4029
validation,joint,7,20277984,renewable_bus_fault,4499,4503
validation,joint,7,20277984,renewable_bus_fault,4588,4598
validation,joint,7,20277984,renewable_bus_fault,5007,5015
validation,joint,7,20277984,renewable_bus_fault,5498,5516
validation,joint,7,20277984,renewable_bus_fault,7082,7087
validation,joint,8,20278993,grid_bus_fault,1963,1966
validation,joint,8,20278993,grid_bus_fault,4744,4766
validation,joint,8,20278993,grid_bus_fault,6038,6047
validation,joint,8,20278993,grid_bus_fault,7749,7762
validation,joint,8,20278993,grid_bus_fault,7856,7864
validation,joint,8,20278993,grid_bus_fault,8356,8380
validation,joint,8,20278993,grid_bus_fault,8524,8540
validation,joint,8,20278993,renewable_bus_fault,125,127
validation,joint,8,20278993,renewable_bus_fault,1402,1407
validation,joint,8,20278993,renewable_bus_fault,3436,3448
validation,joint,8,20278993,renewable_bus_fault,3848,3851
validation,joint,8,20278993,renewable_bus_fault,4852,4854
validation,joint,8,20278993,renewable_bus_fault,6616,6616
validation,joint,8,20278993,renewable_bus_fault,7054,7068
validation,joint,8,20278993,renewable_bus_fault,7271,7274
validation,joint,8,20278993,renewable_bus_fault,8041,8041
validation,joint,8,20278993,renewable_bus_fault,8277,8284
validation,joint,9,20280002,grid_bus_fault,1613,1619
validation,joint,9,20280002,grid_bus_fault,2633,2636
validation,joint,9,20280002,grid_bus_fault,3672,3683
validation,joint,9,20280002,grid_bus_fault,4012,4025
validation,joint,9,20280002,grid_bus_fault,5184,5194
validation,joint,9,20280002,grid_bus_fault,5752,5754
validation,joint,9,20280002,grid_bus_fault,6972,6972
validation,joint,9,20280002,grid_bus_fault,8079,8082
validation,joint,9,20280002,grid_bus_fault,8177,8185
validation,joint,9,20280002,renewable_bus_fault,38,53
validation,joint,9,20280002,renewable_bus_fault,482,487
validation,joint,9,20280002,renewable_bus_fault,852,865
validation,joint,9,20280002,renewable_bus_fault,1586,1590
validation,joint,9,20280002,renewable_bus_fault,6158,6159
validation,joint,10,20281011,grid_bus_fault,3244,3246
validation,joint,10,20281011,grid_bus_fault,3536,3540
validation,joint,10,20281011,grid_bus_fault,3727,3727
validation,joint,10,20281011,grid_bus_fault,3887,3895
validation,joint,10,20281011,grid_bus_fault,7780,7781
validation,joint,10,20281011,renewable_bus_fault,590,600
validation,joint,10,20281011,renewable_bus_fault,1071,1071
validation,joint,10,20281011,renewable_bus_fault,1971,1976
validation,joint,10,20281011,renewable_bus_fault,2175,2194
validation,joint,10,20281011,renewable_bus_fault,3092,3100
validation,joint,10,20281011,renewable_bus_fault,5634,5648
validation,joint,10,20281011,renewable_bus_fault,8602,8625
validation,joint,11,20282020,grid_bus_fault,2673,2685
validation,joint,11,20282020,grid_bus_fault,3926,3926
validation,joint,11,20282020,grid_bus_fault,5108,5117
validation,joint,11,20282020,grid_bus_fault,5816,5816
validation,joint,11,20282020,grid_bus_fault,6124,6129
validation,joint,11,20282020,grid_bus_fault,8275,8281
validation,joint,11,20282020,grid_bus_fault,8721,8759
validation,joint,11,20282020,renewable_bus_fault,421,424
validation,joint,11,20282020,renewable_bus_fault,769,769
validation,joint,11,20282020,renewable_bus_fault,2139,2145
validation,joint,11,20282020,renewable_bus_fault,2174,2175
validation,joint,11,20282020,renewable_bus_fault,3345,3346
validation,joint,11,20282020,renewable_bus_fault,4338,4340
validation,joint,11,20282020,renewable_bus_fault,4798,4798
validation,joint,11,20282020,renewable_bus_fault,4894,4920
validation,joint,11,20282020,renewable_bus_fault,6348,6352
validation,joint,11,20282020,renewable_bus_fault,8359,8365
validation,joint,12,20283029,grid_bus_fault,2883,2893
validation,joint,12,20283029,grid_bus_fault,4636,4674
validation,joint,12,20283029,grid_bus_fault,5633,5635
validation,joint,12,20283029,grid_bus_fault,7034,7037
validation,joint,12,20283029,grid_bus_fault,7489,7518
validation,joint,12,20283029,grid_bus_fault,8355,8356
validation,joint,12,20283029,renewable_bus_fault,520,520
validation,joint,12,20283029,renewable_bus_fault,618,618
validation,joint,12,20283029,renewable_bus_fault,2026,2028
validation,joint,12,20283029,renewable_bus_fault,2115,2115
validation,joint,12,20283029,renewable_bus_fault,5306,5308
validation,joint,12,20283029,renewable_bus_fault,6972,6976
validation,joint,12,20283029,renewable_bus_fault,7489,7489
validation,joint,13,20284038,grid_bus_fault,1914,1914
validation,joint,13,20284038,grid_bus_fault,2784,2833
validation,joint,13,20284038,grid_bus_fault,5773,5773
validation,joint,13,20284038,grid_bus_fault,6593,6593
validation,joint,13,20284038,grid_bus_fault,6828,6858
validation,joint,13,20284038,grid_bus_fault,7397,7400
validation,joint,13,20284038,grid_bus_fault,7983,7992
validation,joint,13,20284038,renewable_bus_fault,2437,2440
validation,joint,13,20284038,renewable_bus_fault,4199,4203
validation,joint,13,20284038,renewable_bus_fault,4362,4366
validation,joint,13,20284038,renewable_bus_fault,5056,5064
validation,joint,13,20284038,renewable_bus_fault,5483,5491
validation,joint,13,20284038,renewable_bus_fault,6584,6585
validation,joint,14,20285047,grid_bus_fault,2129,2139
validation,joint,14,20285047,grid_bus_fault,3077,3080
validation,joint,14,20285047,grid_bus_fault,4116,4120
validation,joint,14,20285047,grid_bus_fault,5154,5172
validation,joint,14,20285047,grid_bus_fault,6487,6502
validation,joint,14,20285047,grid_bus_fault,7893,7896
validation,joint,14,20285047,renewable_bus_fault,3330,3330
validation,joint,14,20285047,renewable_bus_fault,3487,3487
validation,joint,14,20285047,renewable_bus_fault,8046,8060
validation,joint,15,20286056,grid_bus_fault,639,670
validation,joint,15,20286056,grid_bus_fault,3398,3408
validation,joint,15,20286056,grid_bus_fault,3452,3461
validation,joint,15,20286056,grid_bus_fault,3609,3609
validation,joint,15,20286056,grid_bus_fault,5339,5344
validation,joint,15,20286056,grid_bus_fault,5570,5572
validation,joint,15,20286056,grid_bus_fault,6957,6962
validation,joint,15,20286056,grid_bus_fault,7448,7463
validation,joint,15,20286056,grid_bus_fault,8245,8248
validation,joint,15,20286056,renewable_bus_fault,1232,1247
validation,joint,15,20286056,renewable_bus_fault,4927,4949
validation,joint,15,20286056,renewable_bus_fault,5347,5360
validation,joint,15,20286056,renewable_bus_fault,8201,8203
validation,joint,16,20287065,grid_bus_fault,53,92
validation,joint,16,20287065,grid_bus_fault,528,528
validation,joint,16,20287065,grid_bus_fault,3021,3037
validation,joint,16,20287065,grid_bus_fault,5982,5990
validation,joint,16,20287065,grid_bus_fault,6229,6238
validation,joint,16,20287065,renewable_bus_fault,853,859
validation,joint,16,20287065,renewable_bus_fault,1046,1054
validation,joint,16,20287065,renewable_bus_fault,2901,2924
validation,joint,16,20287065,renewable_bus_fault,3085,3087
validation,joint,16,20287065,renewable_bus_fault,3455,3458
validation,joint,16,20287065,renewable_bus_fault,4128,4129
validation,joint,16,20287065,renewable_bus_fault,4221,4222
validation,joint,16,20287065,renewable_bus_fault,5063,5073
validation,joint,16,20287065,renewable_bus_fault,6864,6867
validation,joint,16,20287065,renewable_bus_fault,8264,8268
validation,joint,17,20288074,grid_bus_fault,207,208
validation,joint,17,20288074,grid_bus_fault,735,735
validation,joint,17,20288074,grid_bus_fault,1564,1566
validation,joint,17,20288074,grid_bus_fault,2715,2731
validation,joint,17,20288074,grid_bus_fault,3387,3402
validation,joint,17,20288074,grid_bus_fault,4255,4265
validation,joint,17,20288074,grid_bus_fault,5716,5722
validation,joint,17,20288074,grid_bus_fault,7639,7661
validation,joint,17,20288074,renewable_bus_fault,290,300
validation,joint,17,20288074,renewable_bus_fault,686,692
validation,joint,17,20288074,renewable_bus_fault,1574,1579
validation,joint,17,20288074,renewable_bus_fault,1663,1664
validation,joint,17,20288074,renewable_bus_fault,1765,1773
validation,joint,17,20288074,renewable_bus_fault,2349,2358
validation,joint,17,20288074,renewable_bus_fault,3765,3775
validation,joint,17,20288074,renewable_bus_fault,3915,3934
validation,joint,17,20288074,renewable_bus_fault,4379,4379
validation,joint,17,20288074,renewable_bus_fault,4534,4542
validation,joint,17,20288074,renewable_bus_fault,4728,4729
validation,joint,17,20288074,renewable_bus_fault,7781,7811
validation,joint,18,20289083,grid_bus_fault,478,478
validation,joint,18,20289083,grid_bus_fault,6654,6657
validation,joint,18,20289083,grid_bus_fault,6853,6879
validation,joint,18,20289083,grid_bus_fault,6980,7006
validation,joint,18,20289083,grid_bus_fault,7277,7283
validation,joint,18,20289083,renewable_bus_fault,43,57
validation,joint,18,20289083,renewable_bus_fault,400,400
validation,joint,18,20289083,renewable_bus_fault,6263,6270
validation,joint,18,20289083,renewable_bus_fault,7446,7447
validation,joint,19,20290092,grid_bus_fault,2855,2858
validation,joint,19,20290092,grid_bus_fault,3083,3097
validation,joint,19,20290092,grid_bus_fault,3453,3453
validation,joint,19,20290092,grid_bus_fault,4709,4712
validation,joint,19,20290092,grid_bus_fault,6498,6523
validation,joint,19,20290092,grid_bus_fault,7446,7458
validation,joint,19,20290092,renewable_bus_fault,1038,1044
validation,joint,19,20290092,renewable_bus_fault,2510,2518
validation,joint,19,20290092,renewable_bus_fault,3926,3927
validation,joint,19,20290092,renewable_bus_fault,4329,4332
validation,joint,19,20290092,renewable_bus_fault,5940,5942
validation,joint,19,20290092,renewable_bus_fault,6035,6038
validation,joint,19,20290092,renewable_bus_fault,6127,6128
validation,joint,19,20290092,renewable_bus_fault,7089,7100
validation,joint,20,20291101,grid_bus_fault,692,693
validation,joint,20,20291101,grid_bus_fault,4102,4103
validation,joint,20,20291101,renewable_bus_fault,330,333
validation,joint,20,20291101,renewable_bus_fault,1095,1106
validation,joint,20,20291101,renewable_bus_fault,5275,5283
validation,joint,21,20292110,grid_bus_fault,1635,1658
validation,joint,21,20292110,grid_bus_fault,2906,2911
validation,joint,21,20292110,grid_bus_fault,2983,3005
validation,joint,21,20292110,grid_bus_fault,3360,3363
validation,joint,21,20292110,grid_bus_fault,4008,4013
validation,joint,21,20292110,grid_bus_fault,6299,6300
validation,joint,21,20292110,grid_bus_fault,6911,6921
validation,joint,21,20292110,grid_bus_fault,8142,8144
validation,joint,21,20292110,renewable_bus_fault,885,888
validation,joint,21,20292110,renewable_bus_fault,1965,1977
validation,joint,21,20292110,renewable_bus_fault,2595,2598
validation,joint,21,20292110,renewable_bus_fault,2645,2658
validation,joint,21,20292110,renewable_bus_fault,4225,4228
validation,joint,21,20292110,renewable_bus_fault,5919,5929
validation,joint,21,20292110,renewable_bus_fault,6331,6337
validation,joint,21,20292110,renewable_bus_fault,6629,6639
validation,joint,21,20292110,renewable_bus_fault,7292,7296
validation,joint,21,20292110,renewable_bus_fault,7305,7309
validation,joint,22,20293119,grid_bus_fault,145,145
validation,joint,22,20293119,grid_bus_fault,2492,2497
validation,joint,22,20293119,grid_bus_fault,2531,2540
validation,joint,22,20293119,grid_bus_fault,3199,3210
validation,joint,22,20293119,grid_bus_fault,3460,3460
validation,joint,22,20293119,grid_bus_fault,4369,4371
validation,joint,22,20293119,grid_bus_fault,6749,6756
validation,joint,22,20293119,renewable_bus_fault,1898,1913
validation,joint,22,20293119,renewable_bus_fault,5414,5417
validation,joint,23,20294128,grid_bus_fault,4202,4237
validation,joint,23,20294128,grid_bus_fault,7099,7129
validation,joint,23,20294128,grid_bus_fault,8039,8044
validation,joint,23,20294128,grid_bus_fault,8350,8366
validation,joint,23,20294128,renewable_bus_fault,2856,2868
validation,joint,23,20294128,renewable_bus_fault,3287,3292
validation,joint,23,20294128,renewable_bus_fault,3358,3361
validation,joint,23,20294128,renewable_bus_fault,3377,3390
validation,joint,23,20294128,renewable_bus_fault,4850,4853
validation,joint,23,20294128,renewable_bus_fault,4891,4893
validation,joint,23,20294128,renewable_bus_fault,5388,5396
validation,joint,23,20294128,renewable_bus_fault,7326,7326
validation,joint,24,20295137,grid_bus_fault,778,786
validation,joint,24,20295137,grid_bus_fault,4689,4708
validation,joint,24,20295137,grid_bus_fault,5632,5634
validation,joint,24,20295137,grid_bus_fault,6042,6051
validation,joint,24,20295137,grid_bus_fault,6148,6158
validation,joint,24,20295137,grid_bus_fault,6440,6451
validation,joint,24,20295137,grid_bus_fault,8121,8129
validation,joint,24,20295137,renewable_bus_fault,2255,2256
validation,joint,24,20295137,renewable_bus_fault,4085,4091
validation,joint,24,20295137,renewable_bus_fault,4192,4200
validation,joint,24,20295137,renewable_bus_fault,7350,7350
validation,joint,24,20295137,renewable_bus_fault,7784,7784
validation,joint,25,20296146,grid_bus_fault,1446,1450
validation,joint,25,20296146,grid_bus_fault,2002,2002
validation,joint,25,20296146,grid_bus_fault,3111,3116
validation,joint,25,20296146,renewable_bus_fault,1186,1195
validation,joint,25,20296146,renewable_bus_fault,2709,2709
validation,joint,25,20296146,renewable_bus_fault,2741,2768
validation,joint,25,20296146,renewable_bus_fault,6193,6225
validation,joint,25,20296146,renewable_bus_fault,6950,6959
validation,joint,25,20296146,renewable_bus_fault,7582,7585
validation,joint,26,20297155,grid_bus_fault,426,446
validation,joint,26,20297155,grid_bus_fault,458,467
validation,joint,26,20297155,grid_bus_fault,819,823
validation,joint,26,20297155,grid_bus_fault,1775,1777
validation,joint,26,20297155,grid_bus_fault,2733,2770
validation,joint,26,20297155,grid_bus_fault,5136,5137
validation,joint,26,20297155,grid_bus_fault,6486,6499
validation,joint,26,20297155,grid_bus_fault,8064,8084
validation,joint,26,20297155,renewable_bus_fault,394,402
validation,joint,26,20297155,renewable_bus_fault,1692,1696
validation,joint,26,20297155,renewable_bus_fault,3723,3727
validation,joint,26,20297155,renewable_bus_fault,5248,5259
validation,joint,26,20297155,renewable_bus_fault,6422,6426
validation,joint,26,20297155,renewable_bus_fault,7945,7970
validation,joint,27,20298164,grid_bus_fault,607,621
validation,joint,27,20298164,grid_bus_fault,3807,3813
validation,joint,27,20298164,grid_bus_fault,5252,5254
validation,joint,27,20298164,grid_bus_fault,6724,6779
validation,joint,27,20298164,grid_bus_fault,7324,7326
validation,joint,27,20298164,grid_bus_fault,7980,7981
validation,joint,27,20298164,grid_bus_fault,8605,8605
validation,joint,27,20298164,renewable_bus_fault,1077,1077
validation,joint,27,20298164,renewable_bus_fault,1169,1174
validation,joint,27,20298164,renewable_bus_fault,1200,1202
validation,joint,27,20298164,renewable_bus_fault,3038,3039
validation,joint,27,20298164,renewable_bus_fault,6371,6377
validation,joint,27,20298164,renewable_bus_fault,6465,6465
validation,joint,27,20298164,renewable_bus_fault,6553,6560
validation,joint,27,20298164,renewable_bus_fault,7779,7790
validation,joint,28,20299173,grid_bus_fault,2335,2336
validation,joint,28,20299173,grid_bus_fault,2805,2807
validation,joint,28,20299173,grid_bus_fault,4387,4389
validation,joint,28,20299173,renewable_bus_fault,415,421
validation,joint,28,20299173,renewable_bus_fault,691,716
validation,joint,28,20299173,renewable_bus_fault,1307,1313
validation,joint,28,20299173,renewable_bus_fault,1560,1573
validation,joint,28,20299173,renewable_bus_fault,2847,2847
validation,joint,28,20299173,renewable_bus_fault,2890,2890
validation,joint,28,20299173,renewable_bus_fault,6318,6347
validation,joint,28,20299173,renewable_bus_fault,7819,7825
validation,joint,28,20299173,renewable_bus_fault,8355,8356
validation,joint,29,20300182,grid_bus_fault,1227,1227
validation,joint,29,20300182,grid_bus_fault,4168,4173
validation,joint,29,20300182,grid_bus_fault,6035,6035
validation,joint,29,20300182,grid_bus_fault,7748,7761
validation,joint,29,20300182,renewable_bus_fault,430,436
validation,joint,29,20300182,renewable_bus_fault,630,644
validation,joint,29,20300182,renewable_bus_fault,858,863
validation,joint,29,20300182,renewable_bus_fault,5123,5136
validation,joint,29,20300182,renewable_bus_fault,5405,5416
validation,joint,29,20300182,renewable_bus_fault,7095,7101
validation,joint,29,20300182,renewable_bus_fault,7212,7221
validation,joint,29,20300182,renewable_bus_fault,7675,7691
validation,joint,30,20301191,grid_bus_fault,2188,2198
validation,joint,30,20301191,grid_bus_fault,4222,4236
validation,joint,30,20301191,grid_bus_fault,6884,6904
validation,joint,30,20301191,renewable_bus_fault,265,281
validation,joint,30,20301191,renewable_bus_fault,306,313
validation,joint,30,20301191,renewable_bus_fault,1344,1345
validation,joint,30,20301191,renewable_bus_fault,1409,1424
validation,joint,30,20301191,renewable_bus_fault,3441,3458
validation,joint,30,20301191,renewable_bus_fault,4372,4379
validation,joint,30,20301191,renewable_bus_fault,4460,4466
validation,joint,30,20301191,renewable_bus_fault,4650,4651
validation,joint,30,20301191,renewable_bus_fault,4754,4754
validation,joint,30,20301191,renewable_bus_fault,6854,6866
validation,joint,30,20301191,renewable_bus_fault,7135,7136
validation,joint,30,20301191,renewable_bus_fault,7269,7282
validation,joint,30,20301191,renewable_bus_fault,8317,8322
validation,joint,31,20302200,grid_bus_fault,1633,1654
validation,joint,31,20302200,grid_bus_fault,2228,2229
validation,joint,31,20302200,grid_bus_fault,5162,5166
validation,joint,31,20302200,grid_bus_fault,7971,7974
validation,joint,31,20302200,renewable_bus_fault,779,792
validation,joint,31,20302200,renewable_bus_fault,1280,1280
validation,joint,31,20302200,renewable_bus_fault,1514,1514
validation,joint,31,20302200,renewable_bus_fault,4549,4561
validation,joint,31,20302200,renewable_bus_fault,5335,5338
validation,joint,31,20302200,renewable_bus_fault,6057,6061
validation,joint,31,20302200,renewable_bus_fault,6855,6864
validation,joint,31,20302200,renewable_bus_fault,7111,7127
validation,joint,31,20302200,renewable_bus_fault,8253,8254
