units,policy,status,feasible,complete,risk_lower_bound,risk_upper_bound,scope,scenarios_completed,risk,investment_cost_yuan,expected_operating_cost_yuan,objective_yuan
"{""wind"": 5, ""pv"": 3, ""diesel"": 4, ""battery_energy"": 20, ""pcs"": 4}",load_first_three_online,policy_risk_lower_bound_failed,False,False,"{""eens_kwh"": 75.81380910781247, ""cvar_kwh"": 1516.276182156248, ""var_kwh"": 0.0, ""positive_loss_fraction"": 0.046875, ""tail_effective_scenarios"": 6.400000000000006, ""zero_var_cvar_identity"": true, ""samples"": 128}","{""eens_kwh"": 1655958.4487366513, ""cvar_kwh"": 2038009.3968339001, ""var_kwh"": 2038009.3968339, ""positive_loss_fraction"": 0.859375, ""tail_effective_scenarios"": 6.400000000000006, ""zero_var_cvar_identity"": false, ""samples"": 128}",this_capacity_and_policy_only,24,,,,
"{""wind"": 5, ""pv"": 3, ""diesel"": 4, ""battery_energy"": 20, ""pcs"": 4}",heat_first_four_online,policy_risk_lower_bound_failed,False,False,"{""eens_kwh"": 75.76499505572653, ""cvar_kwh"": 1390.1520562461271, ""var_kwh"": 330.8600001333331, ""positive_loss_fraction"": 0.09375, ""tail_effective_scenarios"": 6.400000000000006, ""zero_var_cvar_identity"": false, ""samples"": 128}","{""eens_kwh"": 907626.8245226518, ""cvar_kwh"": 2038009.3968339001, ""var_kwh"": 2038009.3968339, ""positive_loss_fraction"": 0.5390625, ""tail_effective_scenarios"": 6.400000000000006, ""zero_var_cvar_identity"": false, ""samples"": 128}",this_capacity_and_policy_only,71,,,,
"{""wind"": 5, ""pv"": 3, ""diesel"": 4, ""battery_energy"": 20, ""pcs"": 6}",load_first_three_online,policy_risk_lower_bound_failed,False,False,"{""eens_kwh"": 75.81380910781247, ""cvar_kwh"": 1516.276182156248, ""var_kwh"": 0.0, ""positive_loss_fraction"": 0.046875, ""tail_effective_scenarios"": 6.400000000000006, ""zero_var_cvar_identity"": true, ""samples"": 128}","{""eens_kwh"": 1655958.4487366513, ""cvar_kwh"": 2038009.3968339001, ""var_kwh"": 2038009.3968339, ""positive_loss_fraction"": 0.859375, ""tail_effective_scenarios"": 6.400000000000006, ""zero_var_cvar_identity"": false, ""samples"": 128}",this_capacity_and_policy_only,24,,,,
"{""wind"": 5, ""pv"": 3, ""diesel"": 4, ""battery_energy"": 20, ""pcs"": 6}",heat_first_four_online,policy_risk_lower_bound_failed,False,False,"{""eens_kwh"": 75.76499505572653, ""cvar_kwh"": 1390.1520562461271, ""var_kwh"": 330.8600001333331, ""positive_loss_fraction"": 0.09375, ""tail_effective_scenarios"": 6.400000000000006, ""zero_var_cvar_identity"": false, ""samples"": 128}","{""eens_kwh"": 907626.8245226518, ""cvar_kwh"": 2038009.3968339001, ""var_kwh"": 2038009.3968339, ""positive_loss_fraction"": 0.5390625, ""tail_effective_scenarios"": 6.400000000000006, ""zero_var_cvar_identity"": false, ""samples"": 128}",this_capacity_and_policy_only,71,,,,
"{""wind"": 5, ""pv"": 3, ""diesel"": 5, ""battery_energy"": 20, ""pcs"": 4}",load_first_three_online,policy_risk_lower_bound_failed,False,False,"{""eens_kwh"": 50.86432941796875, ""cvar_kwh"": 1011.852057112499, ""var_kwh"": 57.968333300000154, ""positive_loss_fraction"": 0.0546875, ""tail_effective_scenarios"": 6.400000000000006, ""zero_var_cvar_identity"": false, ""samples"": 128}","{""eens_kwh"": 907601.923857014, ""cvar_kwh"": 2038009.3968339001, ""var_kwh"": 2038009.3968339, ""positive_loss_fraction"": 0.5, ""tail_effective_scenarios"": 6.400000000000006, ""zero_var_cvar_identity"": false, ""samples"": 128}",this_capacity_and_policy_only,71,,,,
"{""wind"": 5, ""pv"": 3, ""diesel"": 5, ""battery_energy"": 20, ""pcs"": 4}",heat_first_four_online,evaluated,True,True,,,,128,"{""eens_kwh"": 0.6080989575520834, ""cvar_kwh"": 12.161979151041658, ""var_kwh"": 0.0, ""positive_loss_fraction"": 0.0078125, ""tail_effective_scenarios"": 6.400000000000006, ""zero_var_cvar_identity"": true, ""samples"": 128}",1210000.0,4309867.489307738,5519867.489307738
"{""wind"": 5, ""pv"": 3, ""diesel"": 5, ""battery_energy"": 20, ""pcs"": 6}",load_first_three_online,policy_risk_lower_bound_failed,False,False,"{""eens_kwh"": 50.86432941796875, ""cvar_kwh"": 1011.852057112499, ""var_kwh"": 57.968333300000154, ""positive_loss_fraction"": 0.0546875, ""tail_effective_scenarios"": 6.400000000000006, ""zero_var_cvar_identity"": false, ""samples"": 128}","{""eens_kwh"": 907601.923857014, ""cvar_kwh"": 2038009.3968339001, ""var_kwh"": 2038009.3968339, ""positive_loss_fraction"": 0.5, ""tail_effective_scenarios"": 6.400000000000006, ""zero_var_cvar_identity"": false, ""samples"": 128}",this_capacity_and_policy_only,71,,,,
"{""wind"": 5, ""pv"": 3, ""diesel"": 5, ""battery_energy"": 20, ""pcs"": 6}",heat_first_four_online,evaluated,True,True,,,,128,"{""eens_kwh"": 0.6080989575520834, ""cvar_kwh"": 12.161979151041658, ""var_kwh"": 0.0, ""positive_loss_fraction"": 0.0078125, ""tail_effective_scenarios"": 6.400000000000006, ""zero_var_cvar_identity"": true, ""samples"": 128}",1230833.3333333335,4309867.489307738,5540700.822641071
"{""wind"": 5, ""pv"": 3, ""diesel"": 6, ""battery_energy"": 20, ""pcs"": 4}",load_first_three_online,policy_risk_lower_bound_failed,False,False,"{""eens_kwh"": 51.08448566796875, ""cvar_kwh"": 1016.255182112499, ""var_kwh"": 57.968333300000154, ""positive_loss_fraction"": 0.0546875, ""tail_effective_scenarios"": 6.400000000000006, ""zero_var_cvar_identity"": false, ""samples"": 128}","{""eens_kwh"": 907602.144013264, ""cvar_kwh"": 2038009.3968339001, ""var_kwh"": 2038009.3968339, ""positive_loss_fraction"": 0.5, ""tail_effective_scenarios"": 6.400000000000006, ""zero_var_cvar_identity"": false, ""samples"": 128}",this_capacity_and_policy_only,71,,,,
"{""wind"": 5, ""pv"": 3, ""diesel"": 6, ""battery_energy"": 20, ""pcs"": 4}",heat_first_four_online,evaluated,True,True,,,,128,"{""eens_kwh"": 0.0, ""cvar_kwh"": 0.0, ""var_kwh"": 0.0, ""positive_loss_fraction"": 0.0, ""tail_effective_scenarios"": 6.400000000000006, ""zero_var_cvar_identity"": true, ""samples"": 128}",1260000.0,4329686.410662733,5589686.410662733
"{""wind"": 5, ""pv"": 3, ""diesel"": 6, ""battery_energy"": 20, ""pcs"": 6}",load_first_three_online,policy_risk_lower_bound_failed,False,False,"{""eens_kwh"": 51.08448566796875, ""cvar_kwh"": 1016.255182112499, ""var_kwh"": 57.968333300000154, ""positive_loss_fraction"": 0.0546875, ""tail_effective_scenarios"": 6.400000000000006, ""zero_var_cvar_identity"": false, ""samples"": 128}","{""eens_kwh"": 907602.144013264, ""cvar_kwh"": 2038009.3968339001, ""var_kwh"": 2038009.3968339, ""positive_loss_fraction"": 0.5, ""tail_effective_scenarios"": 6.400000000000006, ""zero_var_cvar_identity"": false, ""samples"": 128}",this_capacity_and_policy_only,71,,,,
"{""wind"": 5, ""pv"": 3, ""diesel"": 6, ""battery_energy"": 20, ""pcs"": 6}",heat_first_four_online,evaluated,True,True,,,,128,"{""eens_kwh"": 0.0, ""cvar_kwh"": 0.0, ""var_kwh"": 0.0, ""positive_loss_fraction"": 0.0, ""tail_effective_scenarios"": 6.400000000000006, ""zero_var_cvar_identity"": true, ""samples"": 128}",1280833.3333333335,4329686.410662733,5610519.743996067
"{""wind"": 5, ""pv"": 3, ""diesel"": 4, ""battery_energy"": 40, ""pcs"": 4}",load_first_three_online,policy_risk_lower_bound_failed,False,False,"{""eens_kwh"": 59.166224284111934, ""cvar_kwh"": 1183.3244856822373, ""var_kwh"": 0.0, ""positive_loss_fraction"": 0.0390625, ""tail_effective_scenarios"": 6.400000000000006, ""zero_var_cvar_identity"": true, ""samples"": 128}","{""eens_kwh"": 907610.2257518801, ""cvar_kwh"": 2038009.3968339001, ""var_kwh"": 2038009.3968339, ""positive_loss_fraction"": 0.484375, ""tail_effective_scenarios"": 6.400000000000006, ""zero_var_cvar_identity"": false, ""samples"": 128}",this_capacity_and_policy_only,71,,,,
"{""wind"": 5, ""pv"": 3, ""diesel"": 4, ""battery_energy"": 40, ""pcs"": 4}",heat_first_four_online,policy_risk_lower_bound_failed,False,False,"{""eens_kwh"": 64.46022857551819, ""cvar_kwh"": 1289.2045715103625, ""var_kwh"": 0.0, ""positive_loss_fraction"": 0.0390625, ""tail_effective_scenarios"": 6.400000000000006, ""zero_var_cvar_identity"": true, ""samples"": 128}","{""eens_kwh"": 636942.3967391693, ""cvar_kwh"": 2038009.3968339001, ""var_kwh"": 2038009.3968339, ""positive_loss_fraction"": 0.3515625, ""tail_effective_scenarios"": 6.400000000000006, ""zero_var_cvar_identity"": false, ""samples"": 128}",this_capacity_and_policy_only,88,,,,
"{""wind"": 5, ""pv"": 3, ""diesel"": 4, ""battery_energy"": 40, ""pcs"": 6}",load_first_three_online,policy_risk_lower_bound_failed,False,False,"{""eens_kwh"": 59.166224284111934, ""cvar_kwh"": 1183.3244856822373, ""var_kwh"": 0.0, ""positive_loss_fraction"": 0.0390625, ""tail_effective_scenarios"": 6.400000000000006, ""zero_var_cvar_identity"": true, ""samples"": 128}","{""eens_kwh"": 907610.2257518801, ""cvar_kwh"": 2038009.3968339001, ""var_kwh"": 2038009.3968339, ""positive_loss_fraction"": 0.484375, ""tail_effective_scenarios"": 6.400000000000006, ""zero_var_cvar_identity"": false, ""samples"": 128}",this_capacity_and_policy_only,71,,,,
"{""wind"": 5, ""pv"": 3, ""diesel"": 4, ""battery_energy"": 40, ""pcs"": 6}",heat_first_four_online,policy_risk_lower_bound_failed,False,False,"{""eens_kwh"": 64.46022857551819, ""cvar_kwh"": 1289.2045715103625, ""var_kwh"": 0.0, ""positive_loss_fraction"": 0.0390625, ""tail_effective_scenarios"": 6.400000000000006, ""zero_var_cvar_identity"": true, ""samples"": 128}","{""eens_kwh"": 636942.3967391693, ""cvar_kwh"": 2038009.3968339001, ""var_kwh"": 2038009.3968339, ""positive_loss_fraction"": 0.3515625, ""tail_effective_scenarios"": 6.400000000000006, ""zero_var_cvar_identity"": false, ""samples"": 128}",this_capacity_and_policy_only,88,,,,
"{""wind"": 5, ""pv"": 3, ""diesel"": 5, ""battery_energy"": 40, ""pcs"": 4}",load_first_three_online,policy_risk_lower_bound_failed,False,False,"{""eens_kwh"": 52.76361979453124, ""cvar_kwh"": 1055.272395890624, ""var_kwh"": 0.0, ""positive_loss_fraction"": 0.046875, ""tail_effective_scenarios"": 6.400000000000006, ""zero_var_cvar_identity"": true, ""samples"": 128}","{""eens_kwh"": 127428.35092191328, ""cvar_kwh"": 2038009.3968339001, ""var_kwh"": 2038009.3968339, ""positive_loss_fraction"": 0.109375, ""tail_effective_scenarios"": 6.400000000000006, ""zero_var_cvar_identity"": false, ""samples"": 128}",this_capacity_and_policy_only,120,,,,
"{""wind"": 5, ""pv"": 3, ""diesel"": 5, ""battery_energy"": 40, ""pcs"": 4}",heat_first_four_online,evaluated,True,True,,,,128,"{""eens_kwh"": 0.0, ""cvar_kwh"": 0.0, ""var_kwh"": 0.0, ""positive_loss_fraction"": 0.0, ""tail_effective_scenarios"": 6.400000000000006, ""zero_var_cvar_identity"": true, ""samples"": 128}",1460000.0,4309863.126779305,5769863.126779305
"{""wind"": 5, ""pv"": 3, ""diesel"": 5, ""battery_energy"": 40, ""pcs"": 6}",load_first_three_online,policy_risk_lower_bound_failed,False,False,"{""eens_kwh"": 52.76361979453124, ""cvar_kwh"": 1055.272395890624, ""var_kwh"": 0.0, ""positive_loss_fraction"": 0.046875, ""tail_effective_scenarios"": 6.400000000000006, ""zero_var_cvar_identity"": true, ""samples"": 128}","{""eens_kwh"": 127428.35092191328, ""cvar_kwh"": 2038009.3968339001, ""var_kwh"": 2038009.3968339, ""positive_loss_fraction"": 0.109375, ""tail_effective_scenarios"": 6.400000000000006, ""zero_var_cvar_identity"": false, ""samples"": 128}",this_capacity_and_policy_only,120,,,,
"{""wind"": 5, ""pv"": 3, ""diesel"": 5, ""battery_energy"": 40, ""pcs"": 6}",heat_first_four_online,evaluated,True,True,,,,128,"{""eens_kwh"": 0.0, ""cvar_kwh"": 0.0, ""var_kwh"": 0.0, ""positive_loss_fraction"": 0.0, ""tail_effective_scenarios"": 6.400000000000006, ""zero_var_cvar_identity"": true, ""samples"": 128}",1480833.3333333335,4309863.126779305,5790696.460112639
"{""wind"": 5, ""pv"": 3, ""diesel"": 6, ""battery_energy"": 40, ""pcs"": 4}",load_first_three_online,policy_risk_lower_bound_failed,False,False,"{""eens_kwh"": 59.79424479531249, ""cvar_kwh"": 1145.3534896531244, ""var_kwh"": 539.0016667000001, ""positive_loss_fraction"": 0.0546875, ""tail_effective_scenarios"": 6.400000000000006, ""zero_var_cvar_identity"": false, ""samples"": 128}","{""eens_kwh"": 127435.38154691405, ""cvar_kwh"": 2038009.3968339001, ""var_kwh"": 2038009.3968339, ""positive_loss_fraction"": 0.1171875, ""tail_effective_scenarios"": 6.400000000000006, ""zero_var_cvar_identity"": false, ""samples"": 128}",this_capacity_and_policy_only,120,,,,
"{""wind"": 5, ""pv"": 3, ""diesel"": 6, ""battery_energy"": 40, ""pcs"": 4}",heat_first_four_online,evaluated,True,True,,,,128,"{""eens_kwh"": 0.0, ""cvar_kwh"": 0.0, ""var_kwh"": 0.0, ""positive_loss_fraction"": 0.0, ""tail_effective_scenarios"": 6.400000000000006, ""zero_var_cvar_identity"": true, ""samples"": 128}",1510000.0,4329686.410662733,5839686.410662733
"{""wind"": 5, ""pv"": 3, ""diesel"": 6, ""battery_energy"": 40, ""pcs"": 6}",load_first_three_online,policy_risk_lower_bound_failed,False,False,"{""eens_kwh"": 59.79424479531249, ""cvar_kwh"": 1145.3534896531244, ""var_kwh"": 539.0016667000001, ""positive_loss_fraction"": 0.0546875, ""tail_effective_scenarios"": 6.400000000000006, ""zero_var_cvar_identity"": false, ""samples"": 128}","{""eens_kwh"": 127435.38154691405, ""cvar_kwh"": 2038009.3968339001, ""var_kwh"": 2038009.3968339, ""positive_loss_fraction"": 0.1171875, ""tail_effective_scenarios"": 6.400000000000006, ""zero_var_cvar_identity"": false, ""samples"": 128}",this_capacity_and_policy_only,120,,,,
"{""wind"": 5, ""pv"": 3, ""diesel"": 6, ""battery_energy"": 40, ""pcs"": 6}",heat_first_four_online,evaluated,True,True,,,,128,"{""eens_kwh"": 0.0, ""cvar_kwh"": 0.0, ""var_kwh"": 0.0, ""positive_loss_fraction"": 0.0, ""tail_effective_scenarios"": 6.400000000000006, ""zero_var_cvar_identity"": true, ""samples"": 128}",1530833.3333333335,4329686.410662733,5860519.743996067
