name,weight,regular_loss_kwh,core_loss_kwh,ups_supply_kwh,battery_min_kwh,run_failure_hours,start_failure_hours,event_diesel_kwh,event_battery_supply_kwh,event_interrupt_adjust_kwh
annual_normal,0.48,0.0,0.0,0.0,76.0526315789458,[],[],540.7779719890791,102.26499865235692,36.51059811076669
w0_normal_renewable_bus,0.08000000000000002,0.0,0.0,0.0,76.0526315789474,[],[],2400.0,190.1378803863209,36.510598110766686
w0_normal_main_bus,0.08000000000000002,223.515699158036,0.0,37.418626095065356,118.03724556457598,[],[],497.38833980658956,40.93964880695937,36.510598110766686
w0_normal_compound,0.064,0.0,0.0,0.0,76.0526315789474,[],[],2400.0,190.1378803863209,36.510598110766686
w0_normal_pcs,0.024,0.0,0.0,0.0,118.03724556457598,[],[],657.7045536701346,0.0,36.51059811076669
w0_normal_ups,0.024,0.0,0.0,0.0,118.03724556457598,[],[],491.9706307430771,82.1786621196795,36.510598110766686
w0_normal_diesel_run,0.032,0.0,0.0,0.0,118.03724556457598,[60],[],491.9706307430777,58.15650330572617,36.51059811076668
w0_normal_diesel_start,0.016,0.0,0.0,0.0,118.03724556457598,[],[64],493.98369786898127,87.73392292705685,36.51059811076668
w0_storm_none,0.12,0.0,0.0,0.0,118.03724556457598,[],[],1762.079384114736,219.19788813126374,158.88246385045215
w0_storm_renewable_bus,0.020000000000000004,0.0,0.0,0.0,118.03724556457598,[],[],2400.0,360.38125627458953,158.8824638504521
w0_storm_main_bus,0.020000000000000004,223.515699158036,0.0,37.418626095065356,118.03724556457598,[],[],1602.3152509422769,210.48873061665125,158.88246385045215
w0_storm_compound,0.016,0.0,0.0,0.0,118.03724556457598,[],[],2400.0,360.38125627458953,158.8824638504521
w0_storm_pcs,0.006,0.0,0.0,0.0,118.03724556457598,[],[],2010.1056993707466,0.0,158.88246385045215
w0_storm_ups,0.006,0.0,0.0,0.0,118.03724556457598,[],[],1762.079384114736,239.39064076561834,158.88246385045215
w0_storm_diesel_run,0.008,0.0,0.0,0.0,76.0526315789474,[60],[],1200.0,469.7932352806654,158.88246385045213
w0_storm_diesel_start,0.004,0.0,0.0,0.0,118.03724556457598,[],[],1762.079384114736,219.19788813126374,158.88246385045215
