case,change,valid,seconds,eens_kwh,cvar_kwh,var_kwh,positive_loss_fraction,tail_effective_scenarios,zero_var_cvar_identity,samples,heater_kwh,diesel_fuel_kg,battery_discharge_kwh,wait_access_unit_hours,wait_prep_unit_hours,wait_heat_unit_hours,expected_operating_cost_yuan
baseline,{},True,3.492273636162281,13.341736111111123,213.46777777777797,213.46777777777797,0.0625,0.8000000000000007,False,16,70808.65736909032,268158.5283879349,990.368537183544,4.3125,17.0625,0.25,4022377.925818869
warmup_0h,"{""recovery"": {""warmup_hours"": 0}}",True,3.3194155152887106,13.341736111111123,213.46777777777797,213.46777777777797,0.0625,0.8000000000000007,False,16,70606.73491468997,267855.5674597347,1312.7825365305391,4.3125,27.375,0.25,4017833.5118958647
warmup_168h,"{""recovery"": {""warmup_hours"": 168}}",True,3.4206577041186392,13.341736111111123,213.46777777777797,213.46777777777797,0.0625,0.8000000000000007,False,16,70794.40044990761,268156.3966288861,990.368537183544,4.3125,17.25,0.25,4022345.9494331367
warmup_672h,"{""recovery"": {""warmup_hours"": 672}}",True,3.5681546861305833,13.341736111111123,213.46777777777797,213.46777777777797,0.0625,0.8000000000000007,False,16,70833.86602907821,268162.84228595276,990.1819618680569,4.3125,16.6875,0.25,4022442.634289137
heater_3.0kW,"{""thermal"": {""heater_max_kw"": 3.0}}",True,3.4575593029148877,3435.1720427227133,14656.519045963076,14656.519045963076,0.625,0.8000000000000007,False,16,66322.29994673005,266024.25863195217,3481.3836241173435,5.75,9.5625,155.25,3990363.8794791056
heater_6.0kW,"{""thermal"": {""heater_max_kw"": 6.0}}",True,3.462928465101868,29.870243059722235,477.92388895555575,477.92388895555575,0.0625,0.8000000000000007,False,16,70806.53071559822,268152.63721905096,992.7743936279885,4.3125,17.0625,0.875,4022289.5582856094
heater_24.0kW,"{""thermal"": {""heater_max_kw"": 24.0}}",True,3.483210808131844,13.341736111111123,213.46777777777797,213.46777777777797,0.0625,0.8000000000000007,False,16,70808.69257259394,268159.47057860985,990.368537183544,4.3125,17.0625,0.1875,4022392.058678993
mttf_1180.0h,"{""diesel"": {""mttf_hours"": 1180.0}}",True,3.485084026120603,92.28677083749997,1263.1205556222217,1263.1205556222217,0.125,0.8000000000000007,False,16,70859.63021412473,268078.99000538647,1218.6607767731273,4.6875,19.0,1.9375,4021184.850080645
mttf_2410.0h,"{""diesel"": {""mttf_hours"": 2410.0}}",True,3.4517950513400137,0.0,0.0,0.0,0.0,0.8000000000000007,True,16,70599.62922112357,268149.1772183615,929.285479168872,4.125,17.4375,0.0625,4022237.658275269
start_failure_0.001,"{""diesel"": {""start_failure_probability"": 0.001}}",True,3.497138125821948,13.341736111111123,213.46777777777797,213.46777777777797,0.0625,0.8000000000000007,False,16,70808.65736909032,268160.89252373786,986.1409677370164,4.3125,17.0625,0.25,4022413.3878559126
start_failure_0.0017,"{""diesel"": {""start_failure_probability"": 0.0017}}",True,3.47524367691949,13.341736111111123,213.46777777777797,213.46777777777797,0.0625,0.8000000000000007,False,16,70808.65736909032,268158.5283879349,990.368537183544,4.3125,17.0625,0.25,4022377.925818869
fixed_37h_repair,"{""diesel"": {""repair_distribution"": ""fixed""}}",True,3.4783914289437234,30.09952197502652,481.59235160042425,481.5923516004243,0.0625,0.8000000000000007,False,16,70807.20808346644,268153.3366997584,961.879796466851,4.375,15.9375,0.0,4022300.0504962215
two_startup_crews,"{""recovery"": {""crews"": 2}}",True,3.491395690012723,13.341736111111123,213.46777777777797,213.46777777777797,0.0625,0.8000000000000007,False,16,70808.65736909032,268158.5283879349,990.368537183544,4.3125,17.0625,0.25,4022377.925818869
all_work_safe,"{""recovery"": {""personnel_mode"": ""all_work_safe""}}",True,3.483075133059174,13.341736111111123,213.46777777777797,213.46777777777797,0.0625,0.8000000000000007,False,16,70808.65736909032,268153.46307181637,1059.509683021044,4.3125,18.1875,0.25,4022301.9460770916
residual_ice_0h,"{""weather"": {""residual_icing_hours"": 0}}",True,3.466153176035732,13.341736111111123,213.46777777777797,213.46777777777797,0.0625,0.8000000000000007,False,16,70808.65736909032,243558.55265059732,842.1253080752108,4.25,15.75,0.25,3653378.289758687
residual_ice_24h,"{""weather"": {""residual_icing_hours"": 24}}",True,3.4747464982792735,17.855335999999994,285.6853759999999,285.6853759999999,0.0625,0.8000000000000007,False,16,70808.29302270393,281102.3670893399,1040.501673366183,4.3125,18.9375,0.25,4216535.506340107
physical_R0,"{""recovery"": {""physical_mode"": ""R0""}}",True,3.002811553888023,0.0,0.0,0.0,0.0,0.8000000000000007,True,16,0.0,258280.37931121184,231.84387153611388,0.0,0.0,0.0,3874205.689667943
physical_R1,"{""recovery"": {""physical_mode"": ""R1""}}",True,2.9850067012012005,0.0,0.0,0.0,0.0,0.8000000000000007,True,16,0.0,258238.59622525482,456.5028298465298,0.0,14.625,0.0,3873578.9433785877
physical_R2,"{""recovery"": {""physical_mode"": ""R2""}}",True,2.990593669936061,0.0,0.0,0.0,0.0,0.8000000000000007,True,16,0.0,258242.99409878228,594.7949826055576,4.3125,13.6875,0.0,3873644.9114815
