samples,eens_kwh,cvar_kwh,positive_scenarios
1,0.0,0.0,0
2,0.0,0.0,0
3,0.0,0.0,0
4,0.0,0.0,0
5,0.0,0.0,0
6,0.0,0.0,0
7,0.0,0.0,0
8,0.0,0.0,0
9,0.0,0.0,0
10,0.0,0.0,0
11,0.0,0.0,0
12,0.0,0.0,0
13,0.0,0.0,0
14,0.0,0.0,0
15,0.0,0.0,0
16,0.0,0.0,0
17,0.0,0.0,0
18,0.0,0.0,0
19,0.0,0.0,0
20,0.0,0.0,0
21,0.0,0.0,0
22,0.0,0.0,0
23,0.0,0.0,0
24,0.0,0.0,0
25,0.0,0.0,0
26,0.0,0.0,0
27,0.0,0.0,0
28,0.0,0.0,0
29,0.0,0.0,0
30,0.0,0.0,0
31,0.0,0.0,0
32,0.0,0.0,0
33,0.0,0.0,0
34,0.0,0.0,0
35,0.0,0.0,0
36,0.0,0.0,0
37,0.0,0.0,0
38,0.0,0.0,0
39,0.0,0.0,0
40,0.0,0.0,0
41,0.0,0.0,0
42,0.0,0.0,0
43,0.0,0.0,0
44,0.0,0.0,0
45,0.0,0.0,0
46,0.0,0.0,0
47,0.0,0.0,0
48,0.0,0.0,0
49,0.0,0.0,0
50,0.0,0.0,0
51,0.0,0.0,0
52,0.0,0.0,0
53,0.0,0.0,0
54,0.0,0.0,0
55,0.0,0.0,0
56,0.0,0.0,0
57,0.0,0.0,0
58,0.0,0.0,0
59,0.0,0.0,0
60,0.0,0.0,0
61,0.0,0.0,0
62,0.0,0.0,0
63,0.0,0.0,0
64,0.0,0.0,0
65,0.0,0.0,0
66,0.0,0.0,0
67,0.0,0.0,0
68,0.0,0.0,0
69,0.0,0.0,0
70,0.0,0.0,0
71,0.0,0.0,0
72,0.0,0.0,0
73,0.0,0.0,0
74,0.0,0.0,0
75,0.0,0.0,0
76,0.0,0.0,0
77,0.0,0.0,0
78,0.0,0.0,0
79,0.0,0.0,0
80,0.0,0.0,0
81,0.0,0.0,0
82,0.0,0.0,0
83,0.0,0.0,0
84,0.0,0.0,0
85,0.0,0.0,0
86,0.0,0.0,0
87,0.0,0.0,0
88,0.0,0.0,0
89,0.0,0.0,0
90,0.0,0.0,0
91,0.0,0.0,0
92,0.0,0.0,0
93,0.0,0.0,0
94,0.0,0.0,0
95,0.0,0.0,0
96,0.0,0.0,0
97,0.0,0.0,0
98,0.0,0.0,0
99,0.0,0.0,0
100,0.0,0.0,0
101,0.0,0.0,0
102,0.0,0.0,0
103,0.0,0.0,0
104,0.0,0.0,0
105,0.0,0.0,0
106,0.0,0.0,0
107,0.0,0.0,0
108,0.0,0.0,0
109,0.0,0.0,0
110,0.0,0.0,0
111,0.0,0.0,0
112,0.0,0.0,0
113,0.0,0.0,0
114,0.0,0.0,0
115,0.0,0.0,0
116,0.0,0.0,0
117,0.0,0.0,0
118,0.0,0.0,0
119,0.0,0.0,0
120,0.0,0.0,0
121,0.0,0.0,0
122,0.0,0.0,0
123,0.0,0.0,0
124,0.0,0.0,0
125,0.0,0.0,0
126,0.0,0.0,0
127,0.0,0.0,0
128,0.0,0.0,0
129,0.0,0.0,0
130,0.0,0.0,0
131,0.0,0.0,0
132,0.0,0.0,0
133,0.0,0.0,0
134,0.0,0.0,0
135,0.0,0.0,0
136,0.0,0.0,0
137,0.0,0.0,0
138,0.0,0.0,0
139,0.0,0.0,0
140,0.0,0.0,0
141,0.0,0.0,0
142,0.0,0.0,0
143,0.0,0.0,0
144,0.0,0.0,0
145,0.0,0.0,0
146,0.0,0.0,0
147,0.0,0.0,0
148,0.0,0.0,0
149,0.0,0.0,0
150,0.0,0.0,0
151,0.0,0.0,0
152,0.0,0.0,0
153,0.0,0.0,0
154,0.0,0.0,0
155,0.0,0.0,0
156,0.0,0.0,0
157,0.0,0.0,0
158,0.0,0.0,0
159,0.0,0.0,0
160,0.0,0.0,0
161,0.0,0.0,0
162,0.0,0.0,0
163,0.0,0.0,0
164,0.0,0.0,0
165,0.0,0.0,0
166,0.0,0.0,0
167,0.0,0.0,0
168,0.0,0.0,0
169,0.0,0.0,0
170,0.0,0.0,0
171,0.0,0.0,0
172,0.0,0.0,0
173,0.0,0.0,0
174,0.0,0.0,0
175,0.0,0.0,0
176,0.0,0.0,0
177,0.0,0.0,0
178,0.0,0.0,0
179,0.0,0.0,0
180,0.0,0.0,0
181,0.0,0.0,0
182,0.0,0.0,0
183,0.0,0.0,0
184,0.0,0.0,0
185,0.0,0.0,0
186,0.0,0.0,0
187,5.764607843137255,115.292156862745,1
188,5.7339450354609935,114.67890070921977,1
189,5.703606701940035,114.0721340388006,1
190,5.673587719298244,113.47175438596477,1
191,5.643883071553232,112.87766143106455,1
192,5.614487847222223,112.28975694444435,1
193,5.585397236614855,111.70794473229701,1
194,5.556606529209621,111.13213058419232,1
195,5.5281111111111105,110.56222222222212,1
196,5.499906462585035,109.9981292517006,1
197,5.471988155668358,109.43976311336706,1
198,5.444351851851853,108.88703703703696,1
199,5.4169932998324954,108.3398659966498,1
200,5.389908333333335,107.79816666666662,1
201,5.363092868988393,107.26185737976778,1
202,5.336542904290431,106.73085808580852,1
203,5.310254515599344,106.2050903119868,1
204,5.284223856209152,105.68447712418295,1
205,5.258447154471546,105.16894308943083,1
206,5.232920711974111,104.65841423948213,1
207,5.207640901771336,104.15281803542663,1
208,5.1826041666666685,103.65208333333328,1
209,5.157807017543861,103.15614035087712,1
210,5.133246031746034,102.66492063492059,1
211,5.10891785150079,102.1783570300157,1
212,5.084819182389937,101.69638364779865,1
213,5.060946791862286,101.21893583724564,1
214,5.037297507788163,100.74595015576317,1
215,5.013868217054265,100.2773643410852,1
216,4.990655864197532,99.81311728395055,1
217,4.967657450076805,99.35314900153601,1
218,4.944870030581041,98.89740061162072,1
219,4.922290715372909,98.4458143074581,1
220,4.899916666666667,97.99833333333325,1
221,4.877745098039218,97.55490196078426,1
222,4.855773273273274,97.1154654654654,1
223,4.83399850523169,96.67997010463371,1
224,4.812418154761907,96.24836309523806,1
225,4.79102962962963,95.82059259259252,1
226,4.769830383480826,95.39660766961644,1
227,4.748817914831132,94.97635829662255,1
228,4.727989766081872,94.55979532163735,1
229,4.707343522561866,94.14687045123723,1
230,4.686876811594202,93.73753623188396,1
231,4.666587301587303,93.33174603174598,1
232,4.646472701149425,92.92945402298841,1
233,4.6265307582260355,92.53061516452063,1
234,4.606759259259261,92.13518518518515,1
235,4.587156028368795,91.74312056737581,1
236,4.567718926553672,91.35437853107337,1
237,4.5484458509142085,90.96891701828409,1
238,4.529334733893559,90.5866946778711,1
239,4.510383542538357,90.20767085076707,1
240,4.491590277777779,89.8318055555555,1
241,4.472952973720609,89.4590594744121,1
242,4.4544696969696975,89.08939393939387,1
243,4.4361385459533595,88.72277091906712,1
244,4.417957650273227,88.35915300546445,1
245,4.399925170068027,87.99850340136047,1
246,4.382039295392955,87.64078590785903,1
247,4.364298245614037,87.28596491228068,1
248,4.346700268817207,86.93400537634406,1
249,4.329243641231593,86.58487282463179,1
250,4.3119266666666665,86.23853333333325,1
251,4.2947476759628165,85.89495351925625,1
252,4.277705026455028,85.55410052910048,1
253,4.260797101449278,85.21594202898548,1
254,4.244022309711286,84.88044619422564,1
255,4.227379084967322,84.54758169934637,1
256,4.210865885416667,84.21731770833327,1
257,4.194481193255513,83.88962386511018,1
258,4.178223514211886,83.56447028423766,1
259,4.162091377091378,83.24182754182749,1
260,4.146083333333334,82.92166666666661,1
261,4.130197956577268,82.60395913154528,1
262,4.114433842239186,82.28867684478365,1
263,4.0987896070975935,81.9757921419518,1
264,4.08326388888889,81.66527777777773,1
265,4.06785534591195,81.35710691823894,1
266,4.052562656641604,81.05125313283202,1
267,4.037384519350812,80.74769038701618,1
268,4.022319651741294,80.44639303482582,1
269,4.007366790582405,80.14733581164803,1
270,3.9925246913580263,79.85049382716046,1
271,3.9777921279212807,79.55584255842554,1
272,3.9631678921568634,79.2633578431372,1
273,3.948650793650794,78.97301587301581,1
274,3.9342396593673974,78.68479318734788,1
275,3.9199333333333337,78.3986666666666,1
276,3.905730676328503,78.11461352657,1
277,3.891630565583635,77.83261131167264,1
278,7.368557154156679,147.37114308313346,2
279,7.342146555037836,146.84293110075657,2
280,7.315924603055556,146.318492061111,2
281,7.289889284183473,145.79778568366933,2
282,7.264038612962965,145.28077225925918,2
283,7.238370631998428,144.76741263996843,2
284,7.212883411463224,144.25766822926434,2
285,7.187575048615985,143.75150097231958,2
286,7.162443667327118,143.24887334654224,2
287,7.137487417615176,142.7497483523034,2
288,7.112704475192899,142.25408950385787,2
289,7.088093041022683,141.76186082045353,2
290,7.063651340881226,141.27302681762438,2
291,7.039377624933179,140.78755249866344,2
292,7.015270167313546,140.3054033462708,2
293,6.991327265718622,139.8265453143723,2
294,6.967547241005291,139.3509448201057,2
295,6.943928436798496,138.8785687359698,2
296,6.920469219106607,138.40938438213203,2
297,6.897167975944633,137.94335951889255,2
298,6.8740231169649535,137.48046233929895,2
299,6.851033073095502,137.02066146190992,2
300,6.828196296185184,136.56392592370355,2
301,6.805511258656329,136.11022517312645,2
302,6.782976453164091,135.6595290632817,2
303,6.7605903922625625,135.21180784525114,2
304,6.738351608077485,134.7670321615496,2
305,6.716258651985429,134.32517303970846,2
306,6.694310094299203,133.88620188598395,2
307,6.6725045239594625,133.45009047918913,2
308,6.650840548232324,133.01681096464637,2
309,6.629316792412801,132.5863358482559,2
310,6.607931899534048,132.15863799068083,2
311,6.586684530082172,131.73369060164333,2
312,6.565573361716526,131.3114672343304,2
313,6.544597088995386,130.8919417799076,2
314,6.523754423106865,130.4750884621372,2
315,6.50304409160494,130.0608818320987,2
316,6.482464838150492,129.64929676300974,2
317,6.462015422257274,129.24030844514536,2
318,6.441694619042629,128.83389238085246,2
319,6.421501218982932,128.43002437965853,2
320,6.401434027673613,128.02868055347213,2
321,6.381491865593631,127.6298373118725,2
322,6.361673567874398,127.23347135748784,2
323,6.341977984072926,126.83955968145841,2
324,6.322403977949246,126.4480795589848,2
325,6.302950427247861,126.05900854495711,2
326,6.2836162234833,125.67232446966588,2
327,6.264400271729526,125.28800543459042,2
328,6.245301490413281,124.90602980826552,2
329,6.226318811111112,124.52637622222213,2
330,6.207451178350169,124.14902356700327,2
331,6.188697549412556,123.773950988251,2
332,6.170056894143242,123.40113788286473,2
333,6.151528194761428,123.03056389522845,2
334,6.1331104456753165,122.66220891350622,2
335,6.114802653300168,122.29605306600325,2
336,6.09660383587963,121.9320767175925,2
337,6.078513023310256,121.57026046620501,2
338,6.060529256969097,121.21058513938183,2
339,6.042651589544413,120.85303179088814,2
340,6.024879084869282,120.49758169738553,2
341,6.007210817758226,120.14421635516442,2
342,5.989645873846655,119.792917476933,2
343,5.972183349433107,119.44366698866203,2
344,5.954822351324291,119.0964470264857,2
345,5.937561996682769,118.75123993365527,2
346,5.920401412877329,118.40802825754648,2
347,5.903339737335896,118.06679474671782,2
348,5.886376117401021,117.72752234802032,2
349,5.869509710187837,117.39019420375664,2
350,5.8527396824444455,117.0547936488888,2
351,5.836065210414688,116.72130420829366,2
352,5.819485479703282,116.38970959406554,2
353,5.802999685143217,116.05999370286423,2
354,5.786607030665412,115.73214061330813,2
355,5.77030672917058,115.40613458341149,2
356,5.754098002403246,115.08196004806483,2
357,5.737980080827887,114.75960161655763,2
358,5.721952203507139,114.43904407014269,2
359,5.706013617982049,114.12027235964088,2
360,5.690163580154321,113.80327160308632,2
361,5.674401354170513,113.48802708341016,2
362,5.658726212308165,113.1745242461632,2
363,5.64313743486379,112.86274869727569,2
364,5.627634310042735,112.5526862008546,2
365,5.612216133850838,112.24432267701665,2
366,5.596882209987857,111.93764419975705,2
367,5.58163184974266,111.6326369948531,2
368,5.566464371890097,111.32928743780185,2
369,5.551379102589582,111.02758205179154,2
370,5.536375375285285,110.7275075057056,2
371,5.521452530607968,110.42905061215927,2
372,5.506609916278375,110.1321983255674,2
373,5.491846887012213,109.83693774024415,2
374,5.477162804426619,109.54325608853229,2
375,5.462557036948148,109.25114073896286,2
376,5.4480289597222225,108.96057919444435,2
377,5.43357795452402,108.67155909048032,2
378,5.419203409670782,108.38406819341554,2
379,5.404904719935503,108.09809439870997,2
380,5.390681286461987,107.81362572923965,2
381,5.376532516681248,107.53065033362486,2
382,5.362457824229205,107.249156484584,2
383,5.34845662886568,106.9691325773135,2
384,5.334528356394676,106.69056712789343,2
385,5.3206724385858575,106.41344877171706,2
386,5.3068883130972955,106.13776626194581,2
387,5.293175423399369,105.86350846798727,2
388,5.279533218699885,105.5906643739976,2
389,5.265961153870322,105.31922307740633,2
390,5.252458689373219,105.04917378746428,2
391,5.23902529119068,104.78050582381351,2
392,5.225660430753969,104.51320861507928,2
393,5.2123635848741845,104.2472716974836,2
394,5.199134235673998,103.98268471347986,2
395,5.185971870520394,103.71943741040779,2
396,5.172875981958475,103.4575196391694,2
397,5.159846067646237,103.19692135292465,2
398,5.1468816302903395,102.9376326058067,2
399,5.133982177582846,102.67964355165682,2
400,5.12114722213889,102.4229444427777,2
401,5.1083762814353,102.1675256287059,2
402,5.095668877750141,101.91337755500273,2
403,5.083024538103117,101.66049076206224,2
404,5.0704427941969215,101.40885588393834,2
405,5.057923182359396,101.15846364718783,2
406,5.045465243486591,100.90930486973173,2
407,5.033068522986623,100.66137045973237,2
408,5.020732570724402,100.41465141448795,2
409,5.008456940967125,100.16913881934242,2
410,4.996241192330624,99.92482384661238,2
411,4.984084887726413,99.68169775452816,2
412,4.971987594309601,99.43975188619193,2
413,4.959948883427494,99.19897766854979,2
414,4.947968330568974,98.9593666113794,2
415,4.936045515314591,98.72091030629173,2
416,4.924180021287395,98.48360042574781,2
417,4.912371436104451,98.24742872208893,2
418,4.90061935132908,98.01238702658152,2
419,4.8889233624237605,97.77846724847512,2
420,4.877283068703705,97.54566137407402,2
421,4.865698073291105,97.313961465822,2
422,4.854167983070036,97.08335966140064,2
423,4.842692408641975,96.8538481728394,2
424,4.831270964281971,96.62541928563932,2
425,4.819903267895423,96.39806535790838,2
426,4.808588940975484,96.17177881950958,2
427,4.797327608561021,95.94655217122035,2
428,4.786118899195224,95.7223779839044,2
429,4.7749624448847445,95.49924889769481,2
430,4.763857881059432,95.27715762118856,2
431,4.752804846532611,95.05609693065215,2
432,4.741802983461934,94.8360596692386,2
433,4.730851937310753,94.61703874621497,2
434,4.719951356810036,94.39902713620063,2
435,4.7091008939208185,94.18201787841629,2
436,4.698300203797146,93.96600407594283,2
437,4.687548944749556,93.75097889499105,2
438,4.676846778209033,93.53693556418057,2
439,4.66619336869147,93.32386737382932,2
440,4.655588383762627,93.11176767525245,2
441,4.645031494003527,92.90062988007047,2
442,4.634522372976372,92.69044745952736,2
443,4.624060697190869,92.4812139438173,2
444,4.613646146071071,92.27292292142134,2
445,4.603278401922598,92.06556803845187,2
446,4.592957149900348,91.85914299800689,2
447,4.582682077976636,91.65364155953264,2
448,4.572452876909724,91.4490575381944,2
449,4.562269240212819,91.2453848042563,2
450,4.552130864123457,91.04261728246907,2
451,4.5420374475732945,90.84074895146581,2
452,4.5319886921583095,90.63977384316611,2
453,4.521984302109393,90.43968604218779,2
454,4.5120239842633385,90.24047968526669,2
455,4.502107448034189,90.0421489606837,2
456,4.49223440538499,89.84468810769972,2
457,4.4824045707999005,89.64809141599792,2
458,4.472617661256674,89.4523532251334,2
459,4.462873396199467,89.25746792398927,2
460,4.453171497512077,89.06342995024146,2
461,4.443511689491444,88.8702337898288,2
462,4.43389369882155,88.67787397643093,2
463,4.424317254547637,88.48634509095265,2
464,4.4147820880507656,88.29564176101523,2
465,4.4052879330226995,88.10575866045392,2
466,4.395834525441105,87.91669050882201,2
467,4.386421603545088,87.72843207090169,2
468,4.377048907811018,87.54097815622028,2
469,4.367716180928692,87.35432361857377,2
470,4.358423167777779,87.16846335555552,2
471,4.349169615404577,86.98339230809147,2
472,4.339955272999058,86.79910545998108,2
473,4.330779891872211,86.61559783744416,2
474,4.321643225433663,86.43286450867318,2
475,4.312545029169593,86.25090058339178,2
476,4.3034850606209165,86.06970121241825,2
477,4.29446307936175,85.88926158723493,2
478,4.285478846978151,85.70957693956295,2
479,4.276532127047089,85.5306425409417,2
480,4.267622685115741,85.35245370231475,2
481,4.258750288680989,85.17500577361972,2
482,4.249914707169203,84.99829414338397,2
483,4.241115711916265,84.82231423832523,2
484,4.2323530761478425,84.64706152295678,2
485,4.2236265749599085,84.4725314991981,2
486,4.214935985299496,84.29871970598984,2
487,4.206281085945702,84.12562171891396,2
488,4.197661657490894,83.9532331498178,2
489,4.1890774823222,83.78154964644393,2
490,4.180528344603175,83.61056689206343,2
491,4.172014030255713,83.4402806051142,2
492,4.163534326942186,83.27068653884363,2
493,4.15508902404778,83.10178048095553,2
494,4.14667791266307,82.93355825326132,2
495,4.138300785566781,82.76601571133554,2
496,4.129957437208783,82.5991487441756,2
497,4.121647663693272,82.43295327386537,2
498,4.1133712627621595,82.26742525524311,2
499,4.105128033778669,82.10256067557332,2
500,4.096917777711109,81.93835555422211,2
501,4.088740297116877,81.77480594233748,2
502,4.080595396126606,81.61190792253204,2
503,4.07248288042854,81.44965760857072,2
504,4.064402557253087,81.28805114506166,2
505,4.056354235357534,81.12708470715062,2
506,4.048337725010981,80.96675450021955,2
507,4.0403528379794,80.80705675958792,2
508,4.032399387510936,80.64798775021865,2
509,4.0244771883213275,80.48954376642648,2
510,4.016586056579521,80.33172113159034,2
511,4.008725809893455,80.17451619786902,2
512,4.000896267296007,80.01792534592006,2
513,3.9930972492311025,79.86194498462199,2
514,3.9853285775399914,79.70657155079975,2
515,3.9775900754476807,79.55180150895355,2
516,3.9698815675495265,79.39763135099047,2
517,3.962202879797979,79.2440575959595,2
518,3.95455383948949,79.09107678978974,2
519,3.946934275251552,78.93868550503097,2
520,3.939344017029915,78.78688034059823,2
521,3.931782896075922,78.63565792151837,2
522,3.924250744934015,78.48501489868023,2
523,3.9167473974293605,78.33494794858714,2
524,3.9092726886556406,78.18545377311274,2
525,3.9018264549629613,78.03652909925916,2
526,3.8944085339459242,77.88817067891841,2
527,3.8870187644317955,77.74037528863585,2
528,3.879656986468856,77.59313972937706,2
529,3.872323041314849,77.44646082629691,2
530,3.8650167714255765,77.30033542851146,2
531,3.857738020443608,77.1547604088721,2
532,3.8504866331871344,77.00973266374262,2
533,3.843262455638939,76.86524911277871,2
534,3.8360653349354976,76.72130669870988,2
535,3.8288951193561784,76.5779023871235,2
536,3.821751658312604,76.43503316625201,2
537,3.814634802338092,76.29269604676176,2
538,3.8075444030772423,76.15088806154478,2
539,3.8004803132756138,76.0096062655122,2
540,3.793442386769549,75.86884773539091,2
541,3.7864304784760745,75.72860956952142,2
542,3.779444444382945,75.58888888765883,2
543,3.7724841415387766,75.44968283077547,2
544,3.765549428043301,75.31098856086595,2
545,3.758640163037717,75.17280326075426,2
546,3.751756206695157,75.03512413390307,2
547,3.7448974202112533,74.897948404225,2
548,3.73806366579481,74.76127331589613,2
549,3.7312548066585705,74.62509613317134,2
550,3.7244707070101013,74.48941414020196,2
551,3.7177112320427517,74.35422464085497,2
552,3.710976247926731,74.21952495853456,2
553,3.7042656218002814,74.08531243600557,2
554,3.6975792217609316,73.95158443521856,2
555,3.6909169168568563,73.81833833713706,2
556,3.684278577078339,73.68557154156672,2
557,3.677664073349292,73.55328146698578,2
558,3.671073277518918,73.42146555037829,2
559,3.664506062353409,73.29012124706811,2
560,3.657962301527778,73.1592460305555,2
561,3.6514418696177477,73.02883739235489,2
562,3.644944642091737,72.89889284183467,2
563,3.6384704953029416,72.76940990605877,2
564,3.632019306481483,72.64038612962959,2
565,3.625590953726647,72.51181907453287,2
566,3.6191853159992142,72.38370631998421,2
567,3.6128022731138545,72.25604546227703,2
568,3.606441705731612,72.12883411463217,2
569,3.600103495352471,72.00206990704935,2
570,3.5937875243079924,71.87575048615979,2
571,3.587493675754038,71.7498735150807,2
572,3.581221833663559,71.62443667327112,2
573,3.574971882819468,71.49943765638929,2
574,3.568743708807588,71.3748741761517,2
575,3.5625371980096623,71.25074396019318,2
576,3.5563522375964496,71.12704475192893,2
577,3.5501887155208935,71.00377431041781,2
578,3.5440465205113414,70.88093041022677,2
579,3.5379255420648628,70.7585108412972,2
580,3.531825670440613,70.63651340881219,2
581,3.52574679665328,70.51493593306554,2
582,3.5196888124665895,70.39377624933172,2
583,3.513651610386888,70.2730322077377,2
584,3.507635083656773,70.1527016731354,2
585,3.5016391262488114,70.03278252497617,2
586,3.495663632859311,69.91327265718616,2
587,3.4897084989021394,69.79416997804273,2
588,3.483773620502646,69.67547241005286,2
589,3.4778588944916056,69.55717788983205,2
590,3.471964218399248,69.4392843679849,2
591,3.466089490449334,69.32178980898661,2
592,3.4602346095533036,69.20469219106602,2
593,3.454399475304478,69.0879895060895,2
594,3.4485839879723166,68.97167975944627,2
595,3.4427880484967313,68.85576096993456,2
596,3.4370115584824763,68.74023116964946,2
597,3.4312544201935617,68.62508840387117,2
598,3.425516536547751,68.51033073095496,2
599,3.4197978111111116,68.39595622222217,2
600,3.4140981480925934,68.2819629618518,2
601,3.408417452338695,68.16834904677384,2
602,3.4027556293281647,68.05511258656323,2
603,3.39711258516676,67.94225170333513,2
604,3.3914882265820454,67.82976453164085,2
605,3.385882460918273,67.7176492183654,2
606,3.380295196131281,67.60590392262556,2
607,3.374726340783453,67.494526815669,2
608,3.3691758040387425,67.3835160807748,2
609,3.3636434956577266,67.27286991315447,2
610,3.3581293259927145,67.16258651985423,2
611,3.352633205982907,67.05266411965809,2
612,3.3471550471496014,66.94310094299198,2
613,3.341694761591445,66.83389523182883,2
614,3.3362522619797312,66.72504523959456,2
615,3.33082746155375,66.61654923107494,2
616,3.325420274116162,66.50840548232318,2
617,3.320030614028454,66.40061228056902,2
618,3.3146583962064007,66.29316792412796,2
619,3.309303536115599,66.18607072231192,2
620,3.303965949767024,66.07931899534042,2
621,3.29864555371265,65.97291107425295,2
622,3.293342265041086,65.86684530082167,2
623,3.2880560013732842,65.76112002746562,2
624,3.282786680858263,65.6557336171652,2
625,3.2775342221688883,65.5506844433777,2
626,3.2722985444976924,65.44597088995378,2
627,3.26707956755272,65.34159135105435,2
628,3.2618772115534327,65.2375442310686,2
629,3.2566913972266387,65.13382794453271,2
630,3.2515220458024694,65.03044091604933,2
631,3.24636907901039,64.92738158020774,2
632,3.241232419075246,64.82464838150487,2
633,3.236111988713358,64.72223977426711,2
634,3.231007711128637,64.62015422257268,2
635,3.225919510008749,64.51839020017492,2
636,3.2208473095213144,64.41694619042623,2
637,3.2157910343101337,64.31582068620261,2
638,3.210750609491466,64.21501218982927,2
639,3.205725960650322,64.11451921300639,2
640,3.2007170138368064,64.01434027673606,2
641,3.1957236955624895,63.914473911249736,2
642,3.1907459327968155,63.81491865593625,2
643,3.18578365296354,63.71567305927074,2
644,3.180836783937199,63.61673567874392,2
645,3.175905254039621,63.51810508079237,2
646,3.170988992036463,63.419779840729205,2
647,3.1660879271337796,63.32175854267554,2
648,3.161201988974623,63.2240397794924,2
649,3.156331107635679,63.12662215271352,2
650,3.1514752136239306,63.029504272478555,2
651,3.146634237873358,62.93268475746711,2
652,3.14180811174165,62.83616223483294,2
653,3.136996767006975,62.739935340139446,2
654,3.132200135864763,62.64400271729521,2
655,3.1274181509245125,62.54836301849019,2
656,3.1226507452066405,62.45301490413276,2
657,3.117897852139354,62.35795704278702,2
658,3.113159405555556,62.26318811111106,2
659,3.108435339689765,62.16870679379524,2
660,3.1037255891750855,62.074511783501656,2
661,3.099030089040175,61.98060178080345,2
662,3.094348774706278,61.8869754941255,2
663,3.089681581984247,61.79363163968489,2
664,3.085028447071621,61.700568941432365,2
665,3.0803893065497077,61.6077861309941,2
666,3.075764097380714,61.51528194761423,2
667,3.0711527569048815,61.423055138097574,2
668,3.0665552228376582,61.33110445675311,2
669,3.0619714332668995,61.23942866533793,2
670,3.057401326650084,61.14802653300163,2
671,3.0528448418115586,61.05689683623112,2
672,3.048301917939815,60.96603835879625,2
673,3.043772494584778,60.87544989169551,2
674,3.039256511655128,60.78513023310251,2
675,3.034753909415638,60.695078188312706,2
676,3.0302646284845487,60.60529256969092,2
677,3.025788609830954,60.515772196619025,2
678,3.0213257947722063,60.42651589544407,2
679,3.016876124971363,60.3375224994272,2
680,3.012439542434641,60.248790848692764,2
681,3.008015989508893,60.1603197901778,2
682,3.003605408879113,60.07210817758221,2
683,2.999207743565967,59.98415487131929,2
684,2.9948229369233275,59.8964587384665,2
685,2.9904509326358477,59.8090186527169,2
686,2.986091674716553,59.72183349433101,2
687,2.9817451075044463,59.63490215008888,2
688,2.9774111756621453,59.54822351324285,2
689,2.9730898241735204,59.46179648347036,2
690,2.9687809983413844,59.375619966827635,2
691,2.964484643785175,59.28969287570345,2
692,2.9602007064386644,59.20401412877324,2
693,2.9559291325476993,59.11858265095393,2
694,2.951669868667948,59.03339737335891,2
695,2.9474228616626705,58.94845723325336,2
696,2.9431880587005113,58.86376117401017,2
697,2.9389654072533085,58.77930814506612,2
698,2.9347548550939186,58.69509710187832,2
699,2.9305563502940712,58.61112700588137,2
700,2.9263698412222228,58.5273968244444,2
701,2.9221952765414487,58.44390553082892,2
702,2.918032605207344,58.36065210414683,2
703,2.9138817764659395,58.27763552931874,2
704,2.909742739851641,58.19485479703277,2
705,2.9056154451851857,58.11230890370366,2
706,2.9014998425716083,58.02999685143212,2
707,2.89739588239824,57.94791764796475,2
708,2.893303515332706,57.866070306654066,2
709,2.8892226923209536,57.78445384641902,2
710,2.88515336458529,57.70306729170574,2
711,2.881095483622442,57.62190967244879,2
712,2.877049001201623,57.540980024032415,2
713,2.8730138693626306,57.46027738725256,2
714,2.8689900404139435,57.379800808278816,2
715,2.8649774669308474,57.2995493386169,2
716,2.8609761017535695,57.21952203507134,2
717,2.8569858979854335,57.13971795970862,2
718,2.8530068089910245,57.06013617982044,2
719,2.8490387883943753,56.98077576788746,2
720,2.8450817900771606,56.90163580154316,2
721,2.8411357681769154,56.82271536353826,2
722,2.8372006770852565,56.74401354170508,2
723,2.833276471446135,56.66552942892265,2
724,2.8293631061540823,56.587262123081594,2
725,2.82546053635249,56.50921072704975,2
726,2.821568717431895,56.431374348637846,2
727,2.817687605028275,56.353752100565444,2
728,2.8138171550213675,56.2763431004273,2
729,2.809957323532998,56.19914647065991,2
730,2.806108066925419,56.12216133850833,2
731,2.802269341799666,56.04538683599326,2
732,2.7984411049939286,55.96882209987852,2
733,2.7946233135819316,55.89246627163858,2
734,2.7908159248713296,55.81631849742654,2
735,2.7870188964021163,55.74037792804228,2
736,2.7832321859450486,55.664643718900926,2
737,2.779455751500075,55.58911503000145,2
738,2.775689551294791,55.51379102589577,2
739,2.7719335437828896,55.43867087565774,2
740,2.7681876876426426,55.3637537528528,2
741,2.764451941775377,55.28903883550749,2
742,2.760726265303984,55.214525306079636,2
743,2.7570106175714075,55.140212351428104,2
744,2.7533049581391875,55.0660991627837,2
745,2.7496092467859805,54.992184935719564,2
746,2.7459234435061064,54.91846887012208,2
747,2.7422475085081066,54.844950170162086,2
748,2.7385814022133097,54.771628044266144,2
749,2.734925085254413,54.69850170508821,2
750,2.7312785184740735,54.62557036948142,2
751,2.72764166292351,54.55283325847015,2
752,2.7240144798611112,54.480289597222175,2
753,2.720396930751069,54.40793861502134,2
754,2.71678897726201,54.33577954524016,2
755,2.713190581265637,54.26381162531269,2
756,2.709601704835391,54.19203409670777,2
757,2.70602231024512,54.12044620490236,2
758,2.7024523599677517,54.04904719935499,2
759,2.698891816673986,53.97783633347967,2
760,3.73193932744152,74.63878654883032,3
761,3.727035333581544,74.54070667163082,3
762,3.7221442110965297,74.44288422193053,3
763,3.7172659093781864,74.34531818756366,3
764,3.7124003780831893,74.24800756166373,3
765,3.7075475671314444,74.15095134262882,3
766,3.7027074267043805,74.05414853408755,3
767,3.6978799072432276,73.95759814486449,3
768,3.693064959447338,73.8612991889467,3
769,3.6882625342725035,73.76525068545,3
770,3.6834725829292925,73.66945165858579,3
771,3.678695056881395,73.57390113762781,3
772,3.673929907843985,73.47859815687964,3
773,3.6691770877820904,73.38354175564174,3
774,3.664436548908987,73.28873097817967,3
775,3.6597082436845882,73.1941648736917,3
776,3.6549921248138597,73.09984249627713,3
777,3.6502881452452454,73.00576290490484,3
778,3.645596258169094,72.91192516338181,3
779,3.6409164170161175,72.81832834032228,3
780,3.63624857545584,72.72497150911674,3
781,3.6315926873950772,72.63185374790147,3
782,3.626948706976415,72.53897413952824,3
783,3.6223165885767004,72.44633177153395,3
784,3.6176962868055558,72.35392573611105,3
785,3.6130877565038926,72.26175513007779,3
786,3.608490952742436,72.16981905484865,3
787,3.6039058308202723,72.07811661640538,3
788,3.5993323462633953,71.98664692526785,3
789,3.594770454823265,71.89540909646523,3
790,3.5902201124753867,71.80440224950767,3
791,3.5856812754178957,71.71362550835785,3
792,3.5811539000701473,71.62307800140287,3
793,3.5766379430713178,71.53275886142629,3
794,3.5721333612790382,71.4426672255807,3
795,3.567640111767995,71.35280223535982,3
796,3.5631581518285875,71.2631630365717,3
797,3.558687438965565,71.17374877931124,3
798,3.554227930896686,71.08455861793365,3
799,3.549779585551384,70.9955917110276,3
800,3.5453423610694452,70.90684722138884,3
801,3.5409162157996956,70.81832431599383,3
802,3.5365011082986957,70.73002216597385,3
803,3.532096997329459,70.64193994658912,3
804,3.5277038418601454,70.55407683720284,3
805,3.5233216010628023,70.46643202125598,3
806,3.5189502343121046,70.37900468624203,3
807,3.514589701184084,70.29179402368162,3
808,3.5102399614548965,70.20479922909787,3
809,3.505900975099575,70.11801950199144,3
810,3.501572702290809,70.03145404581612,3
811,3.497255103397727,69.94510206795448,3
812,3.4929481389846746,69.85896277969344,3
813,3.48865176981003,69.77303539620054,3
814,3.484365956825007,69.68731913650008,3
815,3.480090661172461,69.60181322344916,3
816,3.4758258441857306,69.51651688371454,3
817,3.471571467387461,69.43142934774917,3
818,3.4673274924884536,69.346549849769,3
819,3.4630938813865155,69.26187762773024,3
820,3.458870596165313,69.17741192330618,3
821,3.454657599093248,69.09315198186489,3
822,3.4504548526223306,69.00909705244655,3
823,3.446262319387066,68.92524638774125,3
824,3.4420799622033442,68.84159924406683,3
825,3.4379077440673393,68.75815488134673,3
826,3.4337456281544245,68.67491256308843,3
827,3.4295935778180846,68.59187155636162,3
828,3.4254515565888353,68.50903113177664,3
829,3.421319528173168,68.4263905634633,3
830,3.4171974564524765,68.34394912904946,3
831,3.4130853054820154,68.26170610964024,3
832,3.4089830394898515,68.17966078979697,3
833,3.4048906228758176,68.09781245751628,3
834,3.4008080202104987,68.01616040420991,3
835,3.396735196234198,67.9347039246839,3
836,3.3926721158559277,67.85344231711849,3
837,3.3886187441523967,67.77237488304787,3
838,3.3845750463670115,67.69150092734017,3
839,3.3805409879088875,67.61081975817768,3
840,3.376516534351853,67.53033068703701,3
841,3.3725016514334794,67.45003302866952,3
842,3.3684963050541037,67.369926101082,3
843,3.3645004612758678,67.2900092255173,3
844,3.3605140863217478,67.2102817264349,3
845,3.356537146574622,67.13074293149238,3
846,3.3525696085763066,67.05139217152608,3
847,3.3486114390266306,66.97222878053255,3
848,3.3446626047824948,66.89325209564984,3
849,3.340723072856956,66.81446145713906,3
850,3.3367928104183004,66.73585620836595,3
851,3.3328717847891376,66.6574356957827,3
852,3.3289599634454894,66.57919926890972,3
853,3.3250573140158908,66.50114628031776,3
854,3.321163804280511,66.42327608561015,3
855,3.317279402170241,66.34558804340476,3
856,3.3134040757658365,66.26808151531667,3
857,3.3095377932970313,66.19075586594057,3
858,3.305680523141673,66.11361046283339,3
859,3.30183223382486,66.03664467649715,3
860,3.297992894018088,65.9598578803617,3
861,3.2941624725383916,65.88324945076778,3
862,3.290340938347512,65.80681876695019,3
863,3.286528260551049,65.73056521102092,3
864,3.282724408397634,65.65448816795262,3
865,3.2789293512780997,65.57858702556193,3
866,3.2751430587246606,65.50286117449315,3
867,3.2713655004100994,65.42731000820194,3
868,3.2675966461469534,65.35193292293901,3
869,3.2638364658867163,65.27672931773427,3
870,3.2600849297190306,65.20169859438055,3
871,3.2563420078709022,65.12684015741799,3
872,3.2526076707059124,65.0521534141182,3
873,3.2488818887234325,64.97763777446859,3
874,3.245164632557844,64.90329265115682,3
875,3.241455872977777,64.82911745955549,3
876,3.237755580885338,64.75511161770672,3
877,3.234063727315343,64.6812745463068,3
878,3.230380283434574,64.6076056686914,3
879,3.226705220541019,64.53410441082032,3
880,3.223038510063131,64.46077020126258,3
881,3.219380123559087,64.38760247118168,3
882,3.215730032716049,64.31460065432093,3
883,3.2120882093494405,64.24176418698875,3
884,3.2084546254022124,64.16909250804419,3
885,3.2048292529441302,64.09658505888255,3
886,3.201212064171056,64.02424128342106,3
887,3.197603031404234,63.952060628084624,3
888,3.1940021270895897,63.88004254179174,3
889,3.1904093237970246,63.80818647594044,3
890,3.186824594219726,63.73649188439446,3
891,3.1832479111734635,63.66495822346921,3
892,3.1796792475959146,63.593584951918224,3
893,3.176118576545975,63.52237153091945,3
894,3.1725658712030826,63.4513174240616,3
895,3.169021104866542,63.38042209733079,3
896,3.1654842509548624,63.309685019097195,3
897,3.161955283005078,63.23910566010151,3
898,3.1584341746721116,63.16868349344217,3
899,3.1549208997280926,63.09841799456181,3
900,3.1514154320617287,63.02830864123452,3
901,3.147917745677642,62.958354913552775,3
902,3.1444278146957387,62.88855629391471,3
903,3.1409456133505604,62.81891226701114,3
904,3.1374711159906594,62.749422319813135,3
905,3.1340042970779614,62.68008594155918,3
906,3.130545131187147,62.61090262374289,3
907,3.1270935930050223,62.54187186010039,3
908,3.1236496573299073,62.47299314659809,3
909,3.1202132990710174,62.404265981420295,3
910,3.116784493247864,62.335689864957224,3
911,3.1133632149896338,62.26726429979262,3
912,3.1099494395346,62.198988790691956,3
913,3.1065431422295253,62.13086284459045,3
914,3.103144298529053,62.062885970581,3
915,3.0997528839951443,61.99505767990283,3
916,3.0963688742964592,61.92737748592914,3
917,3.092992245207803,61.85984490415602,3
918,3.089622972609537,61.79245945219069,3
919,3.0862610324870037,61.72522064974002,3
920,3.082906400929951,61.65812801859897,3
921,3.0795590541319817,61.59118108263959,3
922,3.0762189683899743,61.52437936779943,3
923,3.072886120103527,61.45772240207048,3
924,3.069560485774412,61.39120971548818,3
925,3.0662420420060075,61.324840840120096,3
926,3.0629307655027604,61.258615310055156,3
927,3.05962663306964,61.19253266139275,3
928,3.0563296216115896,61.12659243223174,3
929,3.0530397081329994,61.06079416265993,3
930,3.049756869737156,60.99513739474307,3
931,3.0464810836257312,60.92962167251457,3
932,3.453961015665235,69.07922031330463,4
933,3.4502590210075015,69.00518042014997,4
934,3.446564953533192,68.93129907066378,4
935,3.4428787878074854,68.85757575614966,4
936,3.439200498504275,68.78400997008544,4
937,3.4355300604055508,68.71060120811096,4
938,3.4318674484008547,68.63734896801704,4
939,3.4282126374866873,68.56425274973368,4
940,3.4245656027659583,68.49131205531911,4
941,3.420926319447398,68.4185263889479,4
942,3.4172947628450108,68.34589525690016,4
943,3.413670908377519,68.27341816755032,4
944,3.4100547315677963,68.20109463135586,4
945,3.406446208042328,68.1289241608465,4
946,3.402845313530656,68.05690627061306,4
947,3.399252023864836,67.98504047729665,4
948,3.395666314978904,67.91332629957802,4
949,3.392088162908326,67.84176325816647,4
950,3.388517543789475,67.77035087578945,4
951,3.384954433859096,67.69908867718186,4
952,3.3813988094537817,67.62797618907557,4
953,3.3778506470094434,67.5570129401888,4
954,3.374309923060796,67.48619846121585,4
955,3.3707766142408375,67.4155322848167,4
956,3.367250697280336,67.34501394560667,4
957,3.3637321490073155,67.27464298014625,4
958,3.360220946346555,67.20441892693104,4
959,3.3567170663190815,67.13434132638157,4
960,3.3532204860416677,67.06440972083328,4
961,3.349731182726326,66.99462365452645,4
962,3.3462491336798337,66.92498267359663,4
963,3.3427743163032213,66.85548632606435,4
964,3.3393067080912866,66.78613416182567,4
965,3.335846286632126,66.71692573264247,4
966,3.332393029606626,66.64786059213246,4
967,3.3289469147880055,66.57893829576005,4
968,3.3255079200413227,66.5101584008264,4
969,3.322076023323013,66.4415204664602,4
970,3.318651202680413,66.3730240536082,4
971,3.3152334362512863,66.30466872502566,4
972,3.311822702263374,66.23645404526742,4
973,3.3084189790339167,66.16837958067828,4
974,3.3050222449692006,66.10044489938396,4
975,3.301632478564104,66.03264957128202,4
976,3.298249658401641,65.96499316803275,4
977,3.294873763152509,65.89747526305013,4
978,3.291504771574643,65.83009543149281,4
979,3.2881426625127688,65.7628532502553,4
980,3.2847874148979592,65.69574829795914,4
981,3.2814390077471973,65.62878015494388,4
982,3.2780974201629323,65.56194840325858,4
983,3.2747626313326545,65.49525262665303,4
984,3.2714346205284555,65.42869241056906,4
985,3.2681133671065994,65.36226734213191,4
986,3.2647988505070993,65.29597701014194,4
987,3.261491050253292,65.22982100506579,4
988,3.2581899459514183,65.16379891902831,4
989,3.254895517290193,65.09791034580381,4
990,3.251607744040405,65.03215488080805,4
991,4.657123556385246,93.14247112770484,5
992,4.652428875380827,93.04857750761646,5
993,4.647743649927267,92.95487299854526,5
994,4.6430678514867,92.8613570297339,5
995,4.638401451635957,92.76802903271906,5
996,4.633744422066043,92.67488844132077,5
997,4.6290967345815215,92.58193469163035,5
998,4.624458361099979,92.4891672219995,5
999,4.61982927365143,92.39658547302851,5
1000,4.6152094443777765,92.30418888755543,5
1001,4.610598845532244,92.21197691064481,5
1002,4.605997449478821,92.11994898957633,5
1003,4.6014052286917035,92.028104573834,5
1004,4.596822155754761,91.93644311509513,5
1005,4.592248203360974,91.8449640672194,5
1006,4.587683344311906,91.75366688623805,5
1007,4.583127551517159,91.66255103034311,5
1008,4.578580797993827,91.57161595987647,5
1009,4.574043056865985,91.48086113731962,5
1010,4.569514301364135,91.39028602728263,5
1011,4.564994504824705,91.29989009649402,5
1012,4.560483640689506,91.20967281379005,5
1013,4.55598168250521,91.11963365010412,5
1014,4.551488603922858,91.02977207845709,5
1015,4.54700437869732,90.94008757394631,5
1016,4.5425289806867895,90.85057961373573,5
1017,4.53806238385229,90.76124767704573,5
1018,4.53360456225715,90.6720912451429,5
1019,4.529155490066515,90.58310980133024,5
1020,4.524715141546841,90.49430283093675,5
1021,4.520283491065404,90.40566982130801,5
1022,4.515860513089803,90.31721026179598,5
1023,4.511446182187468,90.2289236437493,5
1024,4.5070404730251745,90.14080946050339,5
1025,4.5026433603685625,90.05286720737115,5
1026,4.498254819081655,89.96509638163302,5
1027,4.493874824126365,89.87749648252722,5
1028,4.489503350562042,89.79006701124074,5
1029,4.485140373544974,89.7028074708994,5
1030,4.48078586832794,89.61571736655873,5
1031,4.476439810259725,89.52879620519441,5
1032,4.472102174784668,89.44204349569328,5
1033,4.467772937442184,89.3554587488436,5
1034,4.463452073866322,89.26904147732638,5
1035,4.459139559785294,89.1827911957058,5
1036,4.454835371021022,89.09670742042036,5
1037,4.450539483488695,89.01078966977383,5
1038,4.446251873196318,88.92503746392629,5
1039,4.4419725162442525,88.83945032488496,5
1040,4.437701388824787,88.75402777649566,5
1041,4.433438467221689,88.66876934443371,5
1042,4.429183727809768,88.58367455619528,5
1043,4.424937147054438,88.49874294108866,5
1044,4.420698701511283,88.41397403022557,5
1045,4.416468367825626,88.32936735651242,5
1046,4.4122461227321015,88.24492245464195,5
1047,4.408031943054228,88.1606388610845,5
1048,4.403825805703987,88.07651611407967,5
1049,4.399627687681389,87.9925537536277,5
1050,4.395437566074072,87.90875132148138,5
1051,4.391255418056877,87.82510836113747,5
1052,4.3870812208914245,87.74162441782842,5
1053,4.382914951925714,87.6582990385142,5
1054,4.378756588593719,87.57513177187431,5
1055,4.374606108414955,87.49212216829905,5
1056,4.370463488994109,87.40926977988211,5
1057,4.3663287080206015,87.32657416041197,5
1058,4.362201743268221,87.24403486536433,5
1059,4.358082572594691,87.16165145189373,5
1060,4.3539711739413,87.07942347882593,5
1061,4.349867525332496,86.99735050664985,5
1062,4.345771604875498,86.91543209750986,5
1063,4.341683390759904,86.83366781519801,5
1064,4.337602861257311,86.75205722514613,5
1065,4.333529994720918,86.67059989441829,5
1066,4.329464769585155,86.58929539170303,5
1067,4.3254071643653,86.50814328730593,5
1068,4.321357157657096,86.42714315314184,5
1069,4.317314728136369,86.3462945627273,5
1070,4.313279854558671,86.26559709117333,5
1071,4.309252515758898,86.18505031517788,5
1072,4.305232690650913,86.10465381301817,5
1073,4.3012203582271935,86.02440716454382,5
1074,4.297215497558453,85.94430995116898,5
1075,4.293218087793282,85.86436175586557,5
1076,4.289228108157788,85.78456216315568,5
1077,4.285245537955225,85.70491075910442,5
1078,4.281270356565657,85.62540713131307,5
1079,4.277302543445576,85.54605086891145,5
1080,4.273342078127574,85.46684156255141,5
1081,4.269388940219962,85.38777880439916,5
1082,4.2654431094064496,85.30886218812891,5
1083,4.261504565445779,85.23009130891549,5
1084,4.257573288171384,85.1514657634276,5
1085,4.253649257491039,85.07298514982071,5
1086,4.249732453386536,84.99464906773065,5
1087,4.245822855913319,84.91645711826631,5
1088,4.241920445200163,84.83840890400319,5
1089,4.238025201448832,84.76050402897657,5
1090,4.234137104933742,84.68274209867477,5
1091,4.230256136001631,84.60512272003254,5
1092,4.226382275071225,84.52764550142443,5
1093,4.222515502632918,84.45031005265828,5
1094,4.218655799248427,84.37311598496844,5
1095,4.214803145550481,84.29606291100954,5
1096,4.210957522242499,84.2191504448499,5
1097,4.207118910098249,84.1423782019649,5
1098,4.203287289961546,84.06574579923083,5
1099,4.199462642745932,83.98925285491856,5
1100,4.195644949434344,83.9128989886868,5
1101,4.191834191078819,83.83668382157632,5
1102,4.1880303488001625,83.76060697600317,5
1103,4.184233403787651,83.68466807575294,5
1104,4.180443337298712,83.60886674597418,5
1105,4.176660130658623,83.53320261317239,5
1106,4.172883765260196,83.45767530520385,5
1107,4.1691142225634845,83.38228445126964,5
1108,4.165351484095468,83.30702968190928,5
1109,4.161595531449755,83.23191062899502,5
1110,4.157846346286287,83.15692692572567,5
1111,4.154103910331034,83.08207820662061,5
1112,4.150368205375701,83.00736410751394,5
1113,4.146639213277429,82.9327842655485,5
1114,4.142916915958509,82.8583383191701,5
1115,4.139201295406079,82.7840259081215,5
1116,4.135492333671845,82.70984667343681,5
1117,4.131790012871781,82.63580025743553,5
1118,4.128094315185848,82.56188630371689,5
1119,4.124405222857711,82.48810445715415,5
1120,4.120722718194445,82.41445436388881,5
1121,4.117046783566259,82.34093567132511,5
1122,4.11337740140622,82.26754802812435,5
1123,4.109714554209954,82.19429108419901,5
1124,4.10605822453539,82.12116449070773,5
1125,4.10240839500247,82.04816790004934,5
1126,4.098765048292877,81.97530096585747,5
1127,4.09512816714976,81.90256334299512,5
1128,4.091497734377464,81.8299546875492,5
1129,4.087873732841256,81.75747465682505,5
1130,4.0842561454670605,81.68512290934113,5
1131,4.080644955241182,81.61289910482355,5
1132,4.077040145210051,81.54080290420096,5
1133,4.073441698479945,81.46883396959882,5
1134,4.069849598216735,81.39699196433463,5
1135,4.06626382764562,81.32527655291233,5
1136,4.062684370050861,81.25368740101715,5
1137,4.059111208775532,81.18222417551054,5
1138,4.055544327221247,81.11088654442486,5
1139,4.051983708847919,81.0396741769583,5
1140,4.04842933717349,80.96858674346971,5
1141,4.044881195773689,80.8976239154737,5
1142,4.041339268281767,80.82678536563527,5
1143,4.037803538388258,80.75607076776508,5
1144,4.034273989840715,80.68547979681422,5
1145,4.030750606443474,80.61501212886941,5
1146,4.027233372057397,80.54466744114787,5
1147,4.023722270599634,80.4744454119926,5
1148,4.02021728604336,80.40434572086716,5
1149,4.0167184024175615,80.33436804835115,5
1150,4.013225603806764,80.2645120761352,5
1151,4.0097388743508064,80.19477748701605,5
1152,4.006258198244598,80.12516396489188,5
1153,4.002783559737881,80.05567119475755,5
1154,3.99931494313499,79.98629886269973,5
1155,3.9958523327946134,79.9170466558922,5
1156,3.9923957131295653,79.84791426259123,5
1157,3.988945068606549,79.77890137213092,5
1158,3.985500383745922,79.71000767491837,5
1159,3.9820616431214644,79.6412328624292,5
1160,3.978628831360154,79.57257662720302,5
1161,3.9752019331419275,79.50403866283848,5
1162,3.971780933199465,79.43561866398923,5
1163,3.9683658163179514,79.36731632635896,5
1164,3.964956567334859,79.29913134669711,5
1165,3.9615531711397236,79.2310634227944,5
1166,3.9581556126739095,79.1631122534781,5
1167,3.9547638769303997,79.09527753860792,5
1168,3.951377948953577,79.02755897907147,5
1169,3.947997813838989,78.9599562767797,5
1170,3.944623456733142,78.89246913466278,5
1171,3.9412548628332864,78.82509725666566,5
1172,3.9378920173871834,78.7578403477436,5
1173,3.9345349056929058,78.69069811385805,5
1174,3.931183513098619,78.62367026197231,5
1175,4.534841134695037,90.69682269390066,6
1176,4.530984977267575,90.61969954535142,6
1177,4.527135372359106,90.54270744718204,6
1178,4.523292303282399,90.4658460656479,6
1179,4.519455753406844,90.38911506813679,6
1180,4.515625706158194,90.31251412316381,6
1181,4.511802145018348,90.23604290036688,6
1182,4.5079850535251005,90.15970107050192,6
1183,4.504174415271909,90.08348830543811,6
1184,4.500370213907659,90.00740427815307,6
1185,4.496572433136427,89.93144866272846,6
1186,4.4927810567172575,89.85562113434507,6
1187,4.488996068463915,89.77992136927821,6
1188,4.485217452244671,89.70434904489333,6
1189,4.481445191982058,89.6289038396411,6
1190,4.4776792716526606,89.55358543305312,6
1191,4.473919675286875,89.47839350573742,6
1192,4.470166386968681,89.40332773937355,6
1193,4.46641939083543,89.32838781670851,6
1194,4.4626786710776125,89.25357342155218,6
1195,4.458944211938633,89.17888423877257,6
1196,4.455215997714604,89.10431995429201,6
1197,4.451494012754108,89.02988025508209,6
1198,4.4477782414579865,88.95556482915963,6
1199,4.4440686682791215,88.88137336558236,6
1200,4.440365277722224,88.80730555444438,6
1201,4.4366680543436035,88.733361086872,6
1202,4.432976982750971,88.65953965501934,6
1203,4.429292047603215,88.5858409520642,6
1204,4.425613233610187,88.51226467220368,6
1205,4.421940525532505,88.43881051065003,6
1206,4.418273908181317,88.36547816362628,6
1207,4.414613366418116,88.29226732836224,6
1208,4.4109588851545265,88.21917770309044,6
1209,4.4073104493520825,88.14620898704155,6
1210,4.403668044022039,88.0733608804407,6
1211,4.400031654225159,88.0006330845031,6
1212,4.3964012650715105,87.92802530143011,6
1213,4.392776861720254,87.855537234405,6
1214,4.389158429379464,87.7831685875892,6
1215,4.385545953305899,87.71091906611788,6
1216,4.381939418804825,87.63878837609641,6
1217,4.378338811229803,87.56677622459598,6
1218,4.374744115982486,87.49488231964963,6
1219,4.371155318512443,87.4231063702488,6
1220,4.367572404316941,87.35144808633873,6
1221,4.36399535894076,87.27990717881512,6
1222,4.360424167975998,87.20848335951989,6
1223,5.22269873711275,104.45397474225489,7
1224,5.218431826379813,104.36863652759617,7
1225,5.214171882031747,104.28343764063486,7
1226,5.209918887021933,104.19837774043857,7
1227,5.205672824359323,104.11345648718637,7
1228,5.2014336771082155,104.0286735421642,7
1229,5.197201428388031,103.94402856776053,7
1230,5.192976061373082,103.85952122746154,7
1231,5.188757559292356,103.77515118584705,7
1232,5.184545905429294,103.69091810858579,7
1233,5.180341083121567,103.60682166243123,7
1234,5.1761430757608515,103.52286151521696,7
1235,5.171951866792623,103.43903733585238,7
1236,5.167767439715929,103.3553487943185,7
1237,5.163589778083178,103.27179556166345,7
1238,5.159418865499912,103.18837730999813,7
1239,5.15525468562461,103.1050937124921,7
1240,5.15109722216846,103.02194444336908,7
1241,5.146946458895156,102.93892917790305,7
1242,5.142802379620685,102.85604759241359,7
1243,5.138664968213107,102.77329936426206,7
1244,5.134534208592355,102.690684171847,7
1245,5.130410084730032,102.60820169460055,7
1246,5.1262925806491895,102.52585161298371,7
1247,5.12218168042413,102.4436336084825,7
1248,5.1180773681802005,102.36154736360392,7
1249,5.1139796280935865,102.27959256187164,7
1250,5.10988844439111,102.19776888782212,7
1251,5.105803801350033,102.11607602700056,7
1252,5.101725683297835,102.03451366595664,7
1253,5.097654074612044,101.95308149224078,7
1254,5.093588959720008,101.87177919440006,7
1255,5.089530323098718,101.79060646197428,7
1256,5.085478149274595,101.7095629854918,7
1257,5.081432422823301,101.62864845646595,7
1258,5.077393128369547,101.54786256739085,7
1259,5.073360250586887,101.46720501173766,7
1260,5.069333774197531,101.38667548395055,7
1261,5.065313683972157,101.30627367944305,7
1262,5.061299964729708,101.22599929459405,7
1263,5.057292601337206,101.14585202674401,7
1264,5.053291578709565,101.06583157419122,7
1265,5.049296881809399,100.98593763618788,7
1266,5.045308495646832,100.90616991293656,7
1267,5.041326405279314,100.82652810558619,7
1268,5.037350595811428,100.74701191622846,7
1269,5.033381052394713,100.66762104789417,7
1270,5.0294177602274726,100.58835520454936,7
1271,5.025460704554595,100.5092140910918,7
1272,5.021509870667367,100.43019741334723,7
1273,5.017565243903293,100.35130487806576,7
1274,5.013626809645912,100.27253619291812,7
1275,5.009694553324621,100.19389106649234,7
1276,5.005768460414491,100.11536920828974,7
1277,5.001848516436093,100.03697032872176,7
1278,4.997934706955313,99.95869413910619,7
1279,4.994027017583182,99.88054035166357,7
1280,4.990125433975696,99.80250867951382,7
1281,4.9862299418336375,99.72459883667267,7
1282,4.98234052690241,99.64681053804811,7
1283,4.9784571749718545,99.569143499437,7
1284,4.974579871876083,99.49159743752156,7
1285,4.9707086034933,99.41417206986591,7
1286,4.966843355745639,99.33686711491269,7
1287,4.9629841145989815,99.25968229197956,7
1288,4.959130866062804,99.18261732125599,7
1289,4.955283596189984,99.10567192379959,7
1290,4.951442291076658,99.0288458215331,7
1291,4.947606936862037,98.95213873724066,7
1292,4.943777519728242,98.87555039456474,7
1293,4.939954025900146,98.79908051800282,7
1294,4.936136441645201,98.72272883290394,7
1295,4.932324753273275,98.64649506546543,7
1296,4.928518947136489,98.5703789427297,7
1297,4.92471900962906,98.4943801925811,7
1298,4.9209249271871265,98.41849854374243,7
1299,4.9171366862885995,98.34273372577191,7
1300,4.913354273452992,98.26708546905977,7
1301,4.90957767524127,98.19155350482531,7
1302,4.905806878255676,98.11613756511343,7
1303,4.902041869139593,98.04083738279176,7
1304,4.89828263457737,97.9656526915473,7
1305,4.8945291612941695,97.8905832258833,7
1306,4.890781436055811,97.81562872111611,7
1307,4.8870394456686235,97.7407889133724,7
1308,4.883303176979272,97.66606353958535,7
1309,4.879572616874629,97.59145233749251,7
1310,4.8758477522815955,97.5169550456318,7
1311,4.872128570166964,97.44257140333919,7
1312,4.8684150575372644,97.3683011507452,7
1313,4.8647072014386055,97.29414402877202,7
1314,4.861004988956537,97.22009977913066,7
1315,4.857308407215887,97.14616814431766,7
1316,4.853617443380616,97.07234886761222,7
1317,4.849932084653675,96.99864169307341,7
1318,4.84625231827685,96.92504636553691,7
1319,4.842578131530622,96.85156263061235,7
1320,4.838909511734009,96.7781902346801,7
1321,4.835246446244428,96.70492892488849,7
1322,4.831588922457557,96.63177844915106,7
1323,4.827936927807172,96.55873855614335,7
1324,4.824290449765024,96.48580899530039,7
1325,4.820649475840671,96.41298951681334,7
1326,4.817013993581366,96.34027987162723,7
1327,4.813383990571884,96.26767981143762,7
1328,4.809759454434406,96.19518908868804,7
1329,4.806140372828359,96.1228074565671,7
1330,4.802526733450294,96.05053466900578,7
1331,4.798918524033725,95.97837048067443,7
1332,4.7953157323490165,95.90631464698025,7
1333,4.791718346203217,95.83436692406427,7
1334,4.7881263534399485,95.7625270687989,7
1335,4.784539741939243,95.69079483878478,7
1336,4.780958499617433,95.61916999234857,7
1337,4.777382614426994,95.54765228853981,7
1338,4.77381207435642,95.47624148712833,7
1339,4.770246867430088,95.40493734860166,7
1340,6.632184494096186,132.64368988192362,8
1341,6.627238793504019,132.54477587008026,8
1342,6.622300463553571,132.4460092710713,8
1343,6.6173694877802625,132.34738975560512,8
1344,6.61244584976852,132.24891699537025,8
1345,6.607529533151589,132.15059066303164,8
1346,6.602620521611359,132.05241043222705,8
1347,6.597718798878168,131.95437597756322,8
1348,6.592824348730633,131.85648697461252,8
1349,6.587937154995473,131.75874309990934,8
1350,6.5830572015473265,131.66114403094645,8
1351,6.578184472308578,131.56368944617148,8
1352,6.573318951249177,131.4663790249834,8
1353,6.568460622386468,131.3692124477292,8
1354,6.563609469785002,131.2721893956999,8
1355,6.558765477556376,131.1753095511274,8
1356,6.553928629859064,131.07857259718116,8
1357,6.549098910898222,130.98197821796435,8
1358,6.544276304925545,130.88552609851078,8
1359,6.539460796239066,130.7892159247812,8
1360,6.534652369183007,130.69304738366003,8
1361,6.529851008147604,130.59702016295196,8
1362,6.525056697568937,130.50113395137862,8
1363,6.520269421928754,130.40538843857496,8
1364,6.515489165754316,130.30978331508618,8
1365,6.510715913618235,130.21431827236458,8
1366,6.50594965013828,130.11899300276548,8
1367,6.501190359977241,130.0238071995447,8
1368,6.496438027842756,129.928760556855,8
1369,6.491692638487137,129.83385276974263,8
1370,6.48695417670722,129.7390835341443,8
1371,6.482222627344195,129.6444525468838,8
1372,6.477497975283447,129.54995950566882,8
1373,6.4727802054544,129.4556041090879,8
1374,6.468069302830341,129.36138605660673,8
1375,6.463365252428282,129.26730504856556,8
1376,6.458668039308788,129.17336078617564,8
1377,6.453977648575809,129.07955297151608,8
1378,6.449294065376552,128.98588130753095,8
1379,6.444617274901299,128.89234549802586,8
1380,6.439947262383253,128.79894524766493,8
1381,6.4352840130984,128.70568026196787,8
1382,6.430627512365334,128.6125502473066,8
1383,6.4259777455451115,128.51955491090212,8
1384,6.421334698041106,128.42669396082204,8
1385,6.416698355298838,128.33396710597663,8
1386,6.412068702805836,128.2413740561166,8
1387,6.407445726091485,128.14891452182957,8
1388,6.402829410726866,128.0565882145372,8
1389,6.398219742324615,127.96439484649216,8
1390,6.39361670653877,127.87233413077533,8
1391,6.389020289064623,127.78040578129236,8
1392,6.38443047563857,127.6886095127713,8
1393,6.379847252037969,127.59694504075927,8
1394,6.375270604080983,127.50541208161955,8
1395,6.370700517626444,127.41401035252879,8
1396,6.366136978573703,127.32273957147395,8
1397,6.361579972862485,127.23159945724956,8
1398,6.35702948647274,127.14058972945467,8
1399,6.352485505424511,127.0497101084901,8
1400,6.347948015777778,126.95896031555549,8
1401,6.343417003632327,126.86834007264643,8
1402,6.338892455127596,126.7778491025518,8
1403,6.334374356442545,126.68748712885078,8
1404,6.329862693795503,126.59725387590996,8
1405,6.325357453444049,126.50714906888088,8
1406,6.320858621684843,126.41717243369676,8
1407,6.316366184853511,126.3273236970701,8
1408,6.311880129324495,126.23760258648976,8
1409,6.307400441510923,126.14800883021833,8
1410,6.302927107864462,126.05854215728911,8
1411,6.298460114875187,125.96920229750363,8
1412,6.2939994490714515,125.87998898142892,8
1413,6.289545097019738,125.79090194039468,8
1414,6.285097045324534,125.70194090649056,8
1415,6.280655280628192,125.61310561256371,8
1416,6.276219789610797,125.52439579221581,8
1417,6.271790558990043,125.43581117980075,8
1418,6.26736757552108,125.34735151042146,8
1419,6.262950825996399,125.25901651992787,8
1420,6.258540297245698,125.17080594491384,8
1421,6.254135976135743,125.08271952271475,8
1422,6.249737849570247,124.99475699140483,8
1423,6.2453459044897315,124.90691808979452,8
1424,6.240960127871412,124.81920255742811,8
1425,6.2365805067290445,124.73161013458078,8
1426,6.232207028112827,124.64414056225642,8
1427,6.227839679109245,124.5567935821848,8
1428,6.223478446840959,124.46956893681909,8
1429,6.219123318466684,124.38246636933359,8
1430,6.214774281181043,124.29548562362075,8
1431,6.210431322214459,124.20862644428908,8
1432,6.2060944288330235,124.12188857666035,8
1433,6.201763588338375,124.0352717667674,8
1434,6.197438788067566,123.94877576135121,8
1435,6.193120015392955,123.862400307859,8
1436,6.18880725772207,123.77614515444128,8
1437,6.184500502497488,123.69001004994966,8
1438,6.180199737196725,123.60399474393438,8
1439,6.175904949332099,123.51809898664189,8
1440,6.171616126450617,123.43232252901225,8
1441,6.167333256133858,123.34666512267708,8
1442,6.163056325997845,123.26112651995679,8
1443,6.158785323692921,123.17570647385831,8
1444,6.154520236903663,123.09040473807315,8
1445,6.150261053348712,123.00522106697413,8
1446,6.146007760780699,122.92015521561387,8
1447,6.141760346986099,122.83520693972184,8
1448,6.137518799785145,122.75037599570277,8
1449,6.133283107031668,122.66566214063324,8
1450,6.129053256613027,122.58106513226042,8
1451,6.124829236449958,122.49658472899905,8
1452,6.120611034496481,122.41222068992953,8
1453,6.116398638739775,122.32797277479537,8
1454,6.112192037200062,122.24384074400113,8
1455,6.107991217930509,122.15982435861008,8
1456,6.103796169017095,122.0759233803418,8
1457,6.099606878578511,121.99213757157013,8
1458,6.095423334766043,121.90846669532074,8
1459,6.09124552576346,121.82491051526911,8
1460,6.087073439786912,121.74146879573811,8
1461,6.082907065084797,121.65814130169582,8
1462,6.078746389937681,121.5749277987535,8
1463,6.074591402658163,121.49182805316313,8
1464,6.070442091590772,121.40884183181532,8
1465,6.06629844511187,121.32596890223729,8
1466,6.062160451629529,121.24320903259049,8
1467,6.05802809958343,121.16056199166847,8
1468,6.053901377444751,121.0780275488949,8
1469,6.049780273716058,120.99560547432104,8
1470,6.045664776931217,120.91329553862424,8
1471,6.041554875655262,120.83109751310515,8
1472,6.0374505584843,120.7490111696859,8
1473,6.033351814045412,120.66703628090809,8
1474,6.029258630996534,120.58517261993055,8
1475,6.0251709980263675,120.50341996052725,8
1476,6.021088903854261,120.42177807708514,8
1477,6.0170123372301205,120.3402467446023,8
1478,6.0129412869342955,120.25882573868581,8
1479,6.008875741777477,120.17751483554946,8
1480,6.004815690600601,120.09631381201191,8
1481,6.00076112227474,120.0152224454947,8
1482,5.996712025701002,119.93424051401993,8
1483,5.992668389810445,119.8533677962088,8
1484,5.988630203563943,119.77260407127878,8
1485,5.984597455952116,119.69194911904223,8
1486,5.980570135995217,119.6114027199042,8
1487,5.976548232743035,119.5309646548606,8
1488,5.972531735274791,119.45063470549572,8
1489,5.968520632699052,119.37041265398094,8
1490,5.964514914153617,119.29029828307223,8
1491,5.960514568805427,119.21029137610843,8
1492,5.956519585850462,119.13039171700915,8
1493,5.952529954513658,119.05059909027307,8
1494,5.94854566404879,118.97091328097571,8
1495,5.9445667037383885,118.89133407476764,8
1496,5.940593062893643,118.81186125787275,8
1497,5.9366247308543,118.73249461708589,8
1498,5.932661696988578,118.65323393977143,8
1499,5.9287039506930554,118.57407901386102,8
1500,5.924751481392592,118.49502962785172,8
1501,5.920804278540232,118.41608557080454,8
1502,5.916862331617104,118.337246632342,8
1503,5.912925630132328,118.25851260264646,8
1504,5.908994163622932,118.17988327245851,8
1505,5.905067921653744,118.1013584330748,8
1506,5.901146893817323,118.02293787634636,8
1507,5.897231069733834,117.9446213946766,8
1508,5.893320439050988,117.86640878101964,8
1509,5.889414991443931,117.78829982887851,8
1510,5.885514716615161,117.71029433230309,8
1511,5.8816196042944355,117.63239208588858,8
1512,5.877729644238684,117.55459288477358,8
1513,5.873844826231917,117.47689652463824,8
1514,5.869965140085133,117.39930280170256,8
1515,5.866090575636231,117.32181151272454,8
1516,5.8622211227499275,117.24442245499844,8
1517,6.013538782597231,120.27077565194452,9
1518,6.009577294598155,120.191545891963,9
1519,6.005621022514814,120.11242045029618,9
1520,6.001669956052631,120.03339912105253,9
1521,5.997724084944114,119.95448169888218,9
1522,5.993783398948751,119.87566797897492,9
1523,5.989847887852923,119.79695775705835,9
1524,5.985917541469817,119.71835082939621,9
1525,5.981992349639345,119.63984699278681,9
1526,5.978072302228048,119.56144604456085,9
1527,5.9741573891290125,119.48314778258015,9
1528,5.970247600261781,119.40495200523551,9
1529,5.966342925572272,119.32685851144534,9
1530,5.962443355032679,119.24886710065348,9
1531,5.958548878641411,119.17097757282812,9
1532,5.954659486422979,119.09318972845945,9
1533,5.95077516842792,119.01550336855827,9
1534,5.946895914732726,118.93791829465441,9
1535,5.943021715439742,118.86043430879472,9
1536,5.939152560677084,118.78305121354158,9
1537,5.935288440598569,118.7057688119713,9
1538,5.931429345383615,118.62858690767219,9
1539,5.927575265237167,118.55150530474323,9
1540,5.92372619038961,118.47452380779208,9
1541,5.9198821110966895,118.39764222193371,9
1542,5.91604301763943,118.32086035278847,9
1543,5.912208900324045,118.24417800648078,9
1544,5.908379749481867,118.16759498963725,9
1545,5.904555555469257,118.09111110938503,9
1546,5.90073630866753,118.0147261733505,9
1547,5.8969219994828705,117.93843998965731,9
1548,5.8931126183462545,117.86225236692495,9
1549,5.889308155713362,117.78616311426714,9
1550,5.885508602064518,117.71017204129024,9
1551,5.8817139479045775,117.63427895809143,9
1552,5.877924183762886,117.55848367525762,9
1553,5.874139300193175,117.48278600386341,9
1554,5.870359287773489,117.40718575546968,9
1555,5.866584137106109,117.33168274212208,9
1556,5.86281383881748,117.25627677634951,9
1557,5.859048383558125,117.18096767116238,9
1558,5.855287762002568,117.10575524005124,9
1559,5.851531964849263,117.03063929698514,9
1560,5.847780982820512,116.95561965641014,9
1561,5.844034806662398,116.88069613324785,9
1562,5.840293427144686,116.80586854289363,9
1563,5.836556835060778,116.73113670121545,9
1564,5.832825021227624,116.65650042455238,9
1565,5.829097976485625,116.5819595297124,9
1566,5.825375691698597,116.50751383397183,9
1567,5.821658157753669,116.43316315507329,9
1568,5.817945365561226,116.35890731122441,9
1569,5.814237306054813,116.28474612109618,9
1570,5.8105339701910825,116.21067940382154,9
1571,5.806835348949714,116.13670697899416,9
1572,5.803141433333332,116.06282866666652,9
1573,5.799452214367452,115.98904428734897,9
1574,5.7957676831003795,115.91535366200749,9
1575,5.792087830603175,115.8417566120634,9
1576,5.788412647969543,115.76825295939076,9
1577,5.784742126315789,115.69484252631568,9
1578,5.781076256780736,115.6215251356146,9
1579,5.777415030525651,115.54830061051291,9
1580,5.773758438734179,115.47516877468345,9
1581,5.770106472612273,115.40212945224535,9
1582,5.766459123388117,115.32918246776224,9
1583,5.7628163823120655,115.25632764624123,9
1584,5.759178240656568,115.18356481313124,9
1585,5.755544689716091,115.11089379432174,9
1586,5.751915720807061,115.0383144161411,9
1587,5.7482913252678,114.9658265053559,9
1588,5.74467149445844,114.8934298891687,9
1589,5.741056219760855,114.82112439521703,9
1590,5.737445492578616,114.74890985157222,9
1591,5.733839304336897,114.67678608673782,9
1592,5.730237646482412,114.60475292964816,9
1593,5.726640510483367,114.53281020966725,9
1594,5.7230478878293605,114.4609577565871,9
1595,5.719459770031348,114.38919540062689,9
1596,5.715876148621556,114.31752297243104,9
1597,5.712297015153412,114.24594030306814,9
1598,5.7087223612015014,114.17444722402995,9
1599,5.705152178361477,114.10304356722943,9
1600,5.701586458250002,114.03172916499994,9
1601,5.698025192504685,113.9605038500936,9
1602,5.694468372784021,113.88936745568034,9
1603,5.690915990767311,113.81831981534613,9
1604,5.687368038154611,113.74736076309212,9
1605,5.683824506666664,113.67649013333319,9
1606,5.680285388044832,113.60570776089655,9
1607,5.676750674051027,113.53501348102043,9
1608,5.673220356467664,113.46440712935319,9
1609,5.669694427097577,113.39388854195143,9
1610,5.666172877763977,113.32345755527945,9
1611,5.662655700310366,113.25311400620723,9
1612,5.659142886600499,113.18285773200984,9
1613,5.6556344285182885,113.1126885703657,9
1614,5.652130317967783,113.04260635935559,9
1615,5.648630546873066,112.97261093746123,9
1616,5.64513510717822,112.9027021435643,9
1617,5.641643990847248,112.83287981694485,9
1618,5.638157189864032,112.76314379728052,9
1619,5.634674696232244,112.69349392464477,9
1620,5.6311965019753085,112.62393003950605,9
1621,5.627722599136336,112.55445198272665,9
1622,5.624252979778053,112.48505959556097,9
1623,5.620787635982749,112.41575271965488,9
1624,5.617326559852218,112.34653119704424,9
1625,5.613869743507692,112.27739487015376,9
1626,5.610417179089791,112.2083435817957,9
1627,5.606968858758452,112.13937717516895,9
1628,5.603524774692875,112.0704954938574,9
1629,5.600084919091467,112.00169838182926,9
1630,5.5966492841717805,111.93298568343549,9
1631,5.593217862170449,111.86435724340888,9
1632,5.589790645343139,111.7958129068627,9
1633,5.586367625964485,111.7273525192896,9
1634,5.582948796328031,111.65897592656053,9
1635,5.579534148746179,111.59068297492348,9
1636,5.576123675550122,111.52247351100235,9
1637,5.572717369089796,111.45434738179583,9
1638,5.569315221733823,111.38630443467636,9
1639,5.565917225869432,111.31834451738852,9
1640,5.56252337390244,111.25046747804872,9
1641,5.559133658257161,111.18267316514314,9
1642,5.555748071376373,111.11496142752736,9
1643,5.552366605721241,111.04733211442475,9
1644,5.54898925377129,110.9797850754257,9
1645,5.545616008024315,110.91232016048619,9
1646,5.542246860996354,110.84493721992699,9
1647,5.538881805221617,110.77763610443222,9
1648,5.535520833252428,110.71041666504848,9
1649,5.53216393765919,110.64327875318371,9
1650,5.528811111030302,110.57622222060597,9
1651,5.525462345972139,110.50924691944269,9
1652,5.522117635108959,110.44235270217908,9
1653,5.518776971082879,110.37553942165749,9
1654,5.515440346553811,110.30880693107609,9
1655,5.512107754199397,110.24215508398784,9
1656,5.5087791867149765,110.17558373429945,9
1657,5.5054546368135195,110.10909273627027,9
1658,5.502134097225575,110.04268194451141,9
1659,5.498817560699217,109.97635121398426,9
1660,5.4955050199999995,109.91010039999989,9
1661,5.492196467910897,109.84392935821785,9
1662,5.488891897232249,109.77783794464489,9
1663,5.485591300781721,109.71182601563432,9
1664,5.482294671394233,109.64589342788456,9
1665,5.4790020019219225,109.58004003843837,9
1666,5.475713285234095,109.51426570468178,9
1667,5.4724285142171585,109.44857028434308,9
1668,5.469147681774582,109.38295363549155,9
1669,5.465870780826842,109.31741561653675,9
1670,5.462597804311377,109.25195608622742,9
1671,5.4593287451825265,109.18657490365044,9
1672,5.456063596411484,109.1212719282296,9
1673,5.452802350986253,109.05604701972494,9
1674,5.4495450019115905,108.99090003823171,9
1675,5.446291542208957,108.92583084417906,9
1676,5.443041964916468,108.86083929832924,9
1677,5.439796263088851,108.79592526177693,9
1678,5.43655442979738,108.7310885959475,9
1679,8.092422076533651,161.84844153067286,10
1680,8.087605158630954,161.75210317261892,10
1681,8.082793971743012,161.65587943486008,10
1682,8.07798850564804,161.5597701129607,10
1683,8.073188750148542,161.4637750029707,10
1684,8.068394695071259,161.36789390142502,10
1685,8.063606330267062,161.27212660534104,10
1686,8.058823645610914,161.17647291221817,10
1687,8.05404663100178,161.08093262003547,10
1688,8.049275276362561,160.98550552725106,10
1689,8.044509571640024,160.89019143280038,10
1690,8.039749506804736,160.79499013609455,10
1691,8.034995071850979,160.6999014370194,10
1692,8.030246256796692,160.6049251359337,10
1693,8.025503051683403,160.5100610336679,10
1694,8.020765446576151,160.4153089315229,10
1695,8.016033431563422,160.3206686312683,10
1696,8.011306996757076,160.22613993514133,10
1697,8.00658613229228,160.13172264584546,10
1698,8.001870828327444,160.03741656654873,10
1699,7.9971610750441435,159.94322150088274,10
1700,7.9924568626470585,159.84913725294103,10
1701,7.987758181363906,159.75516362727797,10
1702,7.983065021445359,159.66130042890705,10
1703,7.978377373165003,159.56754746329992,10
1704,7.973695226819251,159.47390453638488,10
1705,7.969018572727275,159.38037145454535,10
1706,7.964347401230949,159.28694802461885,10
1707,7.959681702694786,159.19363405389558,10
1708,7.955021467505857,159.10042935011697,10
1709,7.950366686073728,159.0073337214744,10
1710,7.945717348830411,158.91434697660807,10
1711,7.941073446230276,158.8214689246054,10
1712,7.936434968750001,158.72869937499988,10
1713,7.9318019068885,158.63603813776984,10
1714,7.927174251166862,158.54348502333713,10
1715,7.922551992128282,158.4510398425655,10
1716,7.9179351203379955,158.35870240675982,10
1717,7.913323626383228,158.26647252766443,10
1718,7.908717500873108,158.17435001746202,10
1719,7.904116734438629,158.08233468877242,10
1720,7.8995213177325585,157.99042635465102,10
1721,7.894931241429402,157.89862482858788,10
1722,7.890346496225318,157.80692992450622,10
1723,7.885767072838073,157.71534145676134,10
1724,7.88119296200696,157.62385924013904,10
1725,7.876624154492756,157.532483089855,10
1726,7.872060641077636,157.44121282155257,10
1727,7.867502412565144,157.35004825130272,10
1728,7.862949459780092,157.25898919560174,10
1729,7.85840177356854,157.16803547137064,10
1730,7.853859344797687,157.07718689595362,10
1731,7.849322164355865,156.98644328711717,10
1732,7.844790223152427,156.8958044630484,10
1733,7.8402635121177155,156.80527024235417,10
1734,7.835742022203,156.7148404440599,10
1735,7.831225744380406,156.62451488760797,10
1736,7.826714669642858,156.53429339285702,10
1737,7.822208789004033,156.4441757800805,10
1738,7.8177080934982754,156.35416186996537,10
1739,7.813212574180566,156.26425148361116,10
1740,7.808722222126438,156.1744444425286,10
1741,7.8042370284319365,156.08474056863858,10
1742,7.799756984213548,155.99513968427084,10
1743,7.795282080608146,155.90564161216278,10
1744,7.790812308772937,155.8162461754586,10
1745,7.786347659885388,155.72695319770762,10
1746,7.781888125143185,155.63776250286355,10
1747,7.7774336957641665,155.5486739152832,10
1748,7.772984362986271,155.45968725972529,10
1749,7.76854011806747,155.37080236134926,10
1750,7.764100952285713,155.28201904571412,10
1751,7.7596668569388925,155.19333713877774,10
1752,7.755237823344749,155.10475646689486,10
1753,7.750813842840844,155.01627685681672,10
1754,7.746394906784493,154.92789813568973,10
1755,7.741981006552707,154.839620131054,10
1756,7.737572133542141,154.7514426708427,10
1757,7.733168279169037,154.6633655833806,10
1758,7.72876943486917,154.57538869738326,10
1759,7.724375592097781,154.48751184195547,10
1760,7.719986742329545,154.39973484659077,10
1761,7.715602877058488,154.31205754116962,10
1762,7.711223987797958,154.224479755959,10
1763,7.706850066080545,154.13700132161077,10
1764,7.702481103458049,154.04962206916082,10
1765,7.698117091501418,153.96234183002818,10
1766,7.693758021800681,153.87516043601346,10
1767,7.6894038859649125,153.7880777192981,10
1768,7.6850546756221725,153.70109351244335,10
1769,7.680710382419447,153.61420764838883,10
1770,7.676370998022598,153.52741996045182,10
1771,7.67203651411632,153.44073028232626,10
1772,7.667706922404063,153.35413844808113,10
1773,7.66338221460801,153.2676442921601,10
1774,7.659062382468997,153.1812476493798,10
1775,7.6547474177464805,153.0949483549295,10
1776,7.650437312218469,153.00874624436923,10
1777,7.646132057681487,152.9226411536296,10
1778,7.641831645950504,152.83663291900996,10
1779,7.637536068858912,152.7507213771781,10
1780,7.633245318258427,152.66490636516838,10
1781,7.628959386019092,152.57918772038175,10
1782,7.624678264029182,152.49356528058348,10
1783,7.6204019441951765,152.40803888390343,10
1784,7.616130418441704,152.32260836883398,10
1785,7.611863678711485,152.23727357422956,10
1786,7.607601716965286,152.15203433930557,10
1787,7.603344525181871,152.06689050363727,10
1788,7.599092095357943,151.98184190715875,10
1789,7.594844419508105,151.89688839016193,10
1790,7.590601489664804,151.81202979329595,10
1791,7.586363297878282,151.7272659575655,10
1792,7.58212983621652,151.64259672433028,10
1793,7.577901096765196,151.5580219353038,10
1794,7.573677071627646,151.4735414325528,10
1795,7.569457752924792,151.3891550584957,10
1796,7.565243132795102,151.30486265590193,10
1797,7.561033203394548,151.22066406789082,10
1798,7.556827956896552,151.1365591379309,10
1799,7.552627385491942,151.0525477098387,10
1800,7.548431481388889,150.96862962777763,10
1801,7.54424023681288,150.88480473625745,10
1802,7.540053644006658,150.80107288013303,10
1803,7.5358716952301705,150.71743390460324,10
1804,7.531694382760533,150.63388765521051,10
1805,7.527521698891966,150.5504339778392,10
1806,7.52335363593577,150.46707271871526,10
1807,7.519190186220255,150.383803724405,10
1808,7.51503134209071,150.30062684181408,10
1809,7.5108770959093425,150.2175419181867,10
1810,7.506727440055248,150.13454880110487,10
1811,7.502582366924353,150.05164733848693,10
1812,7.498441868929358,149.96883737858707,10
1813,7.494305938499721,149.8861187699943,10
1814,7.490174568081587,149.8034913616316,10
1815,7.486047750137741,149.72095500275472,10
1816,7.481925477147578,149.6385095429514,10
1817,7.477807741607046,149.5561548321408,10
1818,7.473694536028603,149.47389072057192,10
1819,7.469585852941178,149.39171705882342,10
1820,7.465481684890112,149.3096336978021,10
1821,7.461382024437119,149.22764048874228,10
1822,7.457286864160265,149.14573728320516,10
1823,7.4531961966538685,149.06392393307723,10
1824,7.449110014528509,148.98220029057003,10
1825,7.445028310410957,148.900566208219,10
1826,7.440951076944144,148.8190215388827,10
1827,7.436878306787084,148.73756613574156,10
1828,7.432809992614876,148.6561998522974,10
1829,7.428746127118644,148.57492254237275,10
1830,7.4246867030054675,148.4937340601092,10
1831,7.420631712998362,148.4126342599671,10
1832,7.416581149836247,148.33162299672483,10
1833,7.412535006273867,148.25070012547718,10
1834,7.408493275081789,148.16986550163566,10
1835,7.404455949046319,148.08911898092626,10
1836,7.400423020969498,148.00846041938982,10
1837,7.396394483669023,147.92788967338032,10
1838,7.392370329978238,147.84740659956466,10
1839,7.388350552746059,147.76701105492106,10
1840,7.384335144836955,147.68670289673898,10
1841,7.380324099130906,147.606481982618,10
1842,7.376317408523343,147.52634817046675,10
1843,7.372315065925122,147.4463013185023,10
1844,7.368317064262474,147.36634128524935,10
1845,7.364323396476965,147.28646792953919,10
1846,7.36033405552546,147.20668111050907,10
1847,7.356349034380077,147.12698068760145,10
1848,7.352368326028139,147.04736652056263,10
1849,7.348391923472151,146.96783846944285,10
1850,7.3444198197297315,146.8883963945945,10
1851,7.340452007833605,146.80904015667195,10
1852,7.3364884808315365,146.7297696166306,10
1853,7.332529231786291,146.65058463572566,10
1854,7.328574253775621,146.57148507551227,10
1855,7.324623539892182,146.49247079784348,10
1856,7.320677083243533,146.41354166487054,10
1857,7.316734876952075,146.33469753904137,10
1858,7.312796914155007,146.2559382831,10
1859,7.308863188004303,146.1772637600859,10
1860,7.304933691666665,146.0986738333332,10
1861,7.301008418323483,146.0201683664695,10
1862,7.297087361170783,145.94174722341555,10
1863,7.293170513419218,145.86341026838426,10
1864,7.28925786829399,145.78515736587966,10
1865,7.285349419034855,145.70698838069697,10
1866,7.281445158896031,145.62890317792053,10
1867,7.277545081146224,145.55090162292439,10
1868,7.273649179068526,145.47298358137039,10
1869,7.269757445960407,145.395148919208,10
1870,7.265869875133688,145.3173975026736,10
1871,7.261986459914485,145.2397291982896,10
1872,7.2581071936431645,145.16214387286317,10
1873,7.2542320696743205,145.0846413934863,10
1874,7.250361081376737,145.0072216275346,10
1875,7.246494222133332,144.92988444266652,10
1876,7.242631485341153,144.85262970682294,10
1877,7.238772864411293,144.7754572882257,10
1878,7.234918352768901,144.6983670553779,10
1879,7.231067943853113,144.62135887706214,10
1880,7.227221631117022,144.54443262234034,10
1881,7.223379408027644,144.46758816055276,10
1882,7.219541268065891,144.3908253613177,10
1883,7.2157072047265025,144.31414409452992,10
1884,7.211877211518047,144.23754423036078,10
1885,7.208051281962867,144.1610256392572,10
1886,7.204229409597032,144.08458819194053,10
1887,7.20041158797032,144.0082317594063,10
1888,7.196597810646185,143.93195621292358,10
1889,7.1927880712016945,143.85576142403377,10
1890,7.188982363227512,143.7796472645501,10
1891,7.185180680327869,143.70361360655724,10
1892,7.181383016120508,143.62766032241004,10
1893,7.1775893642366615,143.5517872847331,10
1894,7.173799718321013,143.4759943664201,10
1895,7.170014072031662,143.40028144063314,10
1896,7.166232419040087,143.3246483808016,10
1897,7.162454753031103,143.24909506062193,10
1898,7.158681067702848,143.17362135405682,10
1899,7.15491135676672,143.09822713533427,10
1900,7.151145613947371,143.0229122789473,10
1901,7.147383832982641,142.9476766596527,10
1902,7.143626007623553,142.87252015247094,10
1903,7.139872131634263,142.79744263268512,10
1904,7.136122198792017,142.7224439758402,10
1905,7.132376202887139,142.64752405774266,10
1906,7.12863413772298,142.57268275445944,10
1907,7.124895997115889,142.49791994231765,10
1908,7.121161774895175,142.4232354979034,10
1909,7.117431464903091,142.34862929806167,10
1910,7.1137050609947625,142.27410121989513,10
1911,7.109982557038197,142.19965114076385,10
1912,7.106263946914227,142.12527893828442,10
1913,10.318754464273688,206.3750892854735,11
1914,10.313363265494024,206.2672653098803,11
1915,10.307977697209171,206.15955394418327,11
1916,10.302597750603105,206.05195501206197,11
1917,10.297223416878222,205.94446833756427,11
1918,10.291854687255238,205.83709374510462,11
1919,10.28649155297319,205.72983105946363,11
1920,10.281134005289355,205.62268010578688,11
1921,10.275782035479207,205.51564070958398,11
1922,10.270435634836394,205.40871269672775,11
1923,10.26509479467268,205.30189589345343,11
1924,10.259759506317856,205.19519012635698,11
1925,10.25442976111977,205.0885952223952,11
1926,10.249105550444218,204.98211100888417,11
1927,10.243786865674915,204.8757373134981,11
1928,10.238473698213463,204.7694739642691,11
1929,10.23316603947929,204.6633207895856,11
1930,10.227863880909618,204.5572776181922,11
1931,10.22256721395938,204.45134427918742,11
1932,10.217276030101223,204.34552060202432,11
1933,10.211990320825432,204.23980641650843,11
1934,10.206710077639897,204.1342015527978,11
1935,10.201435292070055,204.0287058414009,11
1936,10.196165955658863,203.92331911317712,11
1937,10.190902059966728,203.81804119933435,11
1938,10.185643596571492,203.71287193142962,11
1939,10.180390557068364,203.60781114136714,11
1940,10.175142933069875,203.50285866139734,11
1941,10.169900716205847,203.3980143241168,11
1942,10.164663898123353,203.29327796246685,11
1943,10.15943247048665,203.18864940973282,11
1944,10.154206424977135,203.08412849954252,11
1945,10.14898575329335,202.9797150658668,11
1946,10.143770447150853,202.87540894301688,11
1947,10.138560498282256,202.77120996564494,11
1948,10.133355898437147,202.66711796874267,11
1949,10.128156639382023,202.56313278764026,11
1950,10.12296271290029,202.45925425800556,11
1951,10.117774110792183,202.35548221584352,11
1952,10.112590824874776,202.2518164974953,11
1953,10.107412846981852,202.14825693963687,11
1954,10.102240168963952,202.04480337927882,11
1955,10.097072782688263,201.94145565376513,11
1956,10.09191068003863,201.83821360077243,11
1957,10.086753852915464,201.73507705830912,11
1958,10.08160229323573,201.6320458647144,11
1959,10.076455992932901,201.52911985865782,11
1960,10.071314943956917,201.42629887913813,11
1961,10.06617913827412,201.32358276548223,11
1962,10.061048567867257,201.22097135734498,11
1963,10.055923224735382,201.1184644947075,11
1964,10.050803100893864,201.01606201787715,11
1965,10.045688188374328,200.9137637674864,11
1966,10.040578479224594,200.81156958449168,11
1967,10.035473965508666,200.70947931017318,11
1968,10.030374639306684,200.6074927861335,11
1969,10.025280492714858,200.50560985429695,11
1970,10.020191517845461,200.40383035690905,11
1971,10.015107706826766,200.3021541365351,11
1972,10.01002905180302,200.20058103606024,11
1973,10.00495554493439,200.09911089868763,11
1974,9.999887178396936,199.99774356793853,11
1975,9.99482394438256,199.89647888765106,11
1976,9.98976583509897,199.79531670197926,11
1977,9.984712842769628,199.69425685539244,11
1978,9.979664959633752,199.59329919267486,11
1979,9.974622177946214,199.49244355892412,11
1980,9.969584489977557,199.39168979955093,11
1981,9.96455188801391,199.2910377602781,11
1982,9.959524364356989,199.19048728713963,11
1983,9.954501911324035,199.09003822648054,11
1984,9.949484521247765,198.9896904249551,11
1985,9.94447218647635,198.88944372952687,11
1986,9.939464899373387,198.78929798746756,11
1987,9.934462652317839,198.6892530463566,11
1988,9.929465437704007,198.58930875407992,11
1989,9.924473247941455,198.48946495882896,11
1990,9.919486075455051,198.38972150910078,11
1991,9.914503912684857,198.290078253697,11
1992,9.909526752086123,198.19053504172228,11
1993,9.904554586129231,198.09109172258445,11
1994,9.899587407299675,197.99174814599337,11
1995,9.894625208098022,197.89250416196023,11
1996,9.88966798103986,197.79335962079708,11
1997,9.88471571865576,197.694314373115,11
1998,9.879768413491268,197.59536826982523,11
1999,9.874826058106834,197.4965211621365,11
2000,9.869888645077774,197.3977729015553,11
