samples,EENS_kwh,CVaR95_kwh
1,0.0,0.0
2,0.0,0.0
3,0.0,0.0
4,0.0,0.0
5,0.0,0.0
6,0.0,0.0
7,0.0,0.0
8,72.89458333333334,583.1566666666668
9,64.79518518518519,583.1566666666668
10,58.31566666666667,583.1566666666668
11,53.01424242424243,583.1566666666668
12,48.596388888888896,583.1566666666668
13,44.858205128205135,583.1566666666668
14,41.654047619047624,583.1566666666668
15,38.87711111111112,583.1566666666668
16,36.44729166666667,583.1566666666668
17,34.30333333333334,583.1566666666668
18,32.397592592592595,583.1566666666668
19,30.69245614035088,583.1566666666668
20,29.157833333333336,583.1566666666668
21,27.769365079365084,555.3873015873016
22,26.507121212121216,530.1424242424242
23,25.354637681159424,507.0927536231884
24,24.298194444444448,485.9638888888889
25,23.32626666666667,466.5253333333334
26,22.429102564102568,448.58205128205134
27,21.598395061728397,431.96790123456793
28,20.827023809523812,416.5404761904762
29,20.108850574712648,402.1770114942529
30,19.43855555555556,388.77111111111117
31,18.81150537634409,376.23010752688174
32,18.223645833333336,364.4729166666667
33,17.671414141414143,353.4282828282829
34,17.15166666666667,343.03333333333336
35,16.66161904761905,333.232380952381
36,16.198796296296297,323.975925925926
37,15.760990990990994,315.21981981981986
38,15.34622807017544,306.9245614035088
39,14.952735042735045,299.05470085470085
40,14.578916666666668,291.5783333333334
41,14.223333333333336,284.4666666666667
42,13.884682539682542,277.6936507936508
43,13.561782945736436,271.23565891472873
44,13.253560606060608,265.0712121212121
45,12.959037037037039,259.18074074074076
46,12.677318840579712,253.5463768115942
47,12.407588652482271,248.1517730496454
48,12.149097222222224,242.98194444444445
49,11.901156462585035,238.0231292517007
50,11.663133333333334,233.2626666666667
51,11.434444444444447,228.6888888888889
52,11.214551282051284,224.29102564102567
53,11.002955974842768,220.05911949685535
54,10.799197530864198,215.98395061728397
55,10.602848484848487,212.05696969696973
56,10.413511904761906,208.2702380952381
57,10.230818713450294,204.61637426900586
58,10.054425287356324,201.08850574712645
59,9.884011299435029,197.68022598870058
60,9.71927777777778,194.38555555555558
61,9.559945355191259,191.19890710382515
62,9.405752688172045,188.11505376344087
63,9.256455026455027,185.12910052910053
64,9.111822916666668,182.23645833333336
65,8.971641025641027,179.43282051282054
66,8.835707070707072,176.71414141414144
67,8.703830845771146,174.0766169154229
68,8.575833333333335,171.51666666666668
69,8.451545893719809,169.03091787439615
70,8.330809523809526,166.6161904761905
71,8.213474178403757,164.26948356807512
72,8.099398148148149,161.987962962963
73,7.988447488584476,159.7689497716895
74,7.880495495495497,157.60990990990993
75,7.775422222222224,155.50844444444448
76,7.67311403508772,153.4622807017544
77,7.573463203463205,151.46926406926409
78,7.476367521367522,149.52735042735043
79,7.381729957805908,147.63459915611816
80,7.289458333333334,145.7891666666667
81,7.199465020576133,143.98930041152266
82,7.111666666666668,142.23333333333335
83,7.025983935742973,140.51967871485945
84,6.942341269841271,138.8468253968254
85,6.860666666666668,137.21333333333337
86,6.780891472868218,135.61782945736437
87,6.702950191570882,134.05900383141764
88,6.626780303030304,132.53560606060606
89,6.552322097378278,131.04644194756557
90,6.479518518518519,129.59037037037038
91,6.408315018315019,128.1663003663004
92,6.338659420289856,126.7731884057971
93,6.270501792114696,125.41003584229392
94,6.203794326241136,124.0758865248227
95,6.23947368385965,124.78947367719302
96,6.174479166319446,123.4895833263889
97,6.1108247419244,122.21649483848799
98,6.0484693874149675,120.96938774829934
99,5.987373737037038,119.74747474074076
100,5.927499999666668,118.54999999333336
101,5.868811880858087,117.37623761716172
102,5.811274509477125,116.2254901895425
103,5.754854368608416,115.0970873721683
104,5.699519230448719,113.99038460897438
105,5.645238094920636,112.90476189841272
106,12.651933961949688,253.0386792389937
107,12.533691588473522,250.6738317694704
108,12.417638888580248,248.35277777160493
109,12.303715596024466,246.07431192048932
110,12.191863636060607,243.83727272121214
111,12.082027026726728,241.64054053453452
112,11.974151785416668,239.48303570833335
113,11.86818584041298,237.3637168082596
114,11.764078947076024,235.28157894152048
115,11.6617826084058,233.23565216811596
116,11.561249999712645,231.22499999425287
117,11.462435897150998,229.24871794301995
118,11.365296609887007,227.30593219774013
119,11.269789915686276,225.39579831372552
120,11.175874999722224,223.51749999444448
121,11.083512396418733,221.67024792837466
122,10.992663934153006,219.85327868306013
123,10.903292682655827,218.06585365311653
124,10.81536290295699,216.3072580591398
125,10.728839999733335,214.5767999946667
126,10.643690475925927,212.87380951851853
127,10.559881889501314,211.19763779002625
128,10.477382812239584,209.54765624479168
129,10.396162790439277,207.92325580878554
130,10.316192307435898,206.32384614871796
131,10.237442747837152,204.748854956743
132,10.159886363383839,203.19772726767678
133,10.083496240350879,201.66992480701757
134,10.00824626840796,200.16492536815923
135,9.9341111108642,198.68222221728396
136,9.861066176225492,197.2213235245098
137,9.789087590997568,195.78175181995135
138,9.718152173671498,194.36304347342997
139,9.648237409832136,192.9647481966427
140,9.579321428333335,191.58642856666668
141,9.520106382742318,190.40212765484634
142,9.453063380046949,189.06126760093898
143,9.386958041724943,187.73916083449885
144,9.321770833101851,186.43541666203706
145,9.257482758390804,185.14965516781612
146,9.194075342237442,183.88150684474886
147,9.13153061201814,182.6306122403628
148,9.069831080855856,181.39662161711712
149,9.00895973131991,180.1791946263982
150,9.012855555111111,180.25711110222224
151,8.953167769977926,179.0633553995585
152,8.894265350438598,177.88530700877195
153,8.836132897167758,176.72265794335513
154,8.778755410822512,175.57510821645025
155,8.722118279139787,174.44236558279573
156,8.666207264529916,173.3241452905983
157,8.611008492144375,172.2201698428875
158,8.556508438396627,171.1301687679325
159,8.502693919916144,170.05387839832287
160,8.449552082916668,168.99104165833336
161,8.397070392960664,167.94140785921326
162,8.345236625102881,166.90473250205764
163,8.29403885439673,165.88077708793458
164,8.243465446747969,164.86930893495935
165,8.193505050101011,163.87010100202022
166,8.144146585943776,162.8829317188755
167,8.095379241117765,161.90758482235532
168,8.047192459920636,160.94384919841272
169,7.999575936489153,159.99151872978305
170,7.952519607450982,159.05039214901964
171,7.906013644834309,158.12027289668617
172,7.8600484492248075,157.20096898449614
173,7.814614643159924,156.29229286319847
174,7.769703064750959,155.39406129501916
175,7.725304761523811,154.5060952304762
176,7.681410984469698,153.62821968939394
177,7.638013182297553,152.76026364595106
178,7.595102995880151,151.90205991760303
179,7.552672252886407,151.0534450577281
180,7.510712962592594,150.21425925185187
181,7.469217310865563,149.38434621731125
182,7.428177655311356,148.56355310622715
183,23.621566485063752,472.43132970127505
184,23.49318840634058,469.8637681268115
185,23.36619819873874,467.32396397477476
186,23.240573477240144,464.81146954480283
187,23.116292335650623,462.3258467130125
188,22.993333333865248,459.866666677305
189,22.87167548553792,457.43350971075836
190,22.75129824614035,455.025964922807
191,22.656684119197205,453.1336823839442
192,22.538680556076386,450.7736111215277
193,22.42189982780656,448.4379965561313
194,22.306323024570442,446.1264604914089
195,22.191931624444443,443.83863248888895
196,22.078707483503397,441.57414967006804
197,21.966632826226732,439.3326565245347
198,21.855690236195283,437.11380472390573
199,21.745862647068673,434.91725294137353
200,21.63713333383333,432.7426666766667
201,21.529485904311773,430.5897180862355
202,21.42290429092409,428.45808581848183
203,21.317372742692935,426.34745485385884
204,21.212875817483656,424.2575163496732
205,21.109398374471542,422.18796748943095
206,21.006925566828475,420.1385113365696
207,20.905442834621574,418.1088566924315
208,20.804935897916664,416.09871795833334
209,20.705390750079744,414.1078150015949
210,20.60679365126984,412.13587302539685
211,20.5091311221169,410.1826224423381
212,20.412389937578613,408.2477987515723
213,20.316557120970263,406.33114241940535
214,20.221619938161993,404.43239876323986
215,20.127565891937984,402.5513178387597
216,20.034382716512344,400.6876543302469
217,19.94205837219662,398.8411674439324
218,19.850581040214063,397.0116208042814
219,19.75993911765601,395.19878235312024
220,19.670121212575754,393.4024242515152
221,19.581116139215684,391.6223227843137
222,19.492912913363362,389.8582582672673
223,19.405500747832583,388.11001495665175
224,19.318869048065473,386.37738096130954
225,19.23300740785185,384.66014815703704
226,19.14790560516224,382.95811210324484
227,19.06355359809104,381.27107196182084
228,18.97994152090643,379.59883041812867
229,18.897059680203782,377.9411936040757
230,18.814898551159416,376.29797102318844
231,18.733448773881673,374.66897547763347
232,18.65270114985632,373.0540229971264
233,18.572646638483544,371.45293276967095
234,18.51232906011396,370.24658120227923
235,18.433553191773047,368.67106383546104
236,18.355444915536722,367.1088983107345
237,18.277995780872008,365.5599156174402
238,18.201197479271706,364.0239495854342
239,18.12504184128312,362.5008368256625
240,18.04952083361111,360.99041667222224
241,17.97462655629322,359.49253112586445
242,17.9003512399449,358.00702479889804
243,17.8266872430727,356.53374486145407
244,17.75362704945355,355.07254098907106
245,17.681163265578228,353.62326531156464
246,17.60928861815718,352.18577236314366
247,17.53799595168691,350.7599190337382
248,17.467278226075265,349.3455645215054
249,17.39712851432396,347.9425702864793
250,17.327540000266666,346.5508000053334
251,17.25850597636122,345.1701195272245
252,17.33582671984127,346.71653439682535
253,17.26730566561265,345.34611331225295
254,17.199324147244095,343.98648294488186
255,17.1318758172549,342.63751634509805
256,17.06495442734375,341.299088546875
257,16.998553826459144,339.9710765291828
258,16.932667958914728,338.6533591782946
259,16.867290862548263,337.34581725096524
260,16.802416666923076,336.04833333846153
261,16.73803959157088,334.7607918314176
262,16.67415394427481,333.4830788854961
263,16.610754119391636,332.2150823878327
264,16.54783459621212,330.9566919242424
265,16.48538993735849,329.7077987471698
266,16.423414787218046,328.4682957443609
267,16.361903870411986,327.2380774082397
268,16.300851990298508,326.0170398059701
269,16.240254027509295,324.80508055018583
270,16.224364197777778,324.48728395555554
271,16.19989544907749,323.9979089815498
272,16.14033700992647,322.8067401985294
273,16.081214896336995,321.6242979267399
274,16.0225243310219,320.4504866204379
275,15.964260606181819,319.28521212363637
276,15.906419082246376,318.1283816449275
277,15.848995186642599,316.97990373285194
278,15.791984412589928,315.8396882517986
279,15.735382317921147,314.7076463584229
280,15.679184523928571,313.58369047857144
281,15.623386714234876,312.4677342846975
282,15.567984633687944,311.35969267375884
283,15.512974087279153,310.25948174558306
284,15.458350939084507,309.1670187816901
285,15.40411111122807,308.0822222245614
286,15.350250582867133,307.00501165734266
287,15.296765389198606,305.9353077839721
288,15.243651620486112,304.8730324097222
289,15.190905421107267,303.8181084221453
290,15.13852298862069,302.7704597724138
291,15.086500572852234,301.73001145704467
292,15.034834475,300.6966895
293,14.98352104675768,299.6704209351536
294,14.932556689455783,298.65113378911565
295,14.88193785322034,297.6387570644068
296,14.831661036148649,296.63322072297296
297,14.781722783501683,295.6344556700337
298,14.732119686912752,294.642393738255
299,14.68284838361204,293.6569676722408
300,14.633905555666667,292.67811111333333
301,14.58528792923588,291.7057585847176
302,14.53699227384106,290.7398454768212
303,14.489015401650166,289.7803080330033
304,14.441354166776316,288.8270833355263
305,14.394005464590164,287.8801092918033
306,14.346966231045752,286.93932462091504
307,14.300233442019545,286.0046688403909
308,14.253804112662339,285.07608225324674
309,14.988322545954691,299.76645091909387
310,15.020424731290323,300.4084946258065
311,14.972127545659164,299.4425509131833
312,14.924139957371795,298.4827991474359
313,14.876458999041533,297.5291799808307
314,14.829081741082803,296.5816348216561
315,14.78200529111111,295.64010582222227
316,14.73522679335443,294.7045358670886
317,14.688743428075709,293.7748685615142
318,14.642552411006289,292.85104822012585
319,14.596650992789968,291.9330198557994
320,14.5510364584375,291.02072916874994
321,14.505706126791276,290.11412253582546
322,14.46065735,289.21314699999994
323,15.720918472755416,314.4183694551083
324,15.672397119444444,313.44794238888886
325,15.624174359076921,312.4834871815384
326,15.576247443865029,311.5249488773006
327,20.44317023455658,408.86340469113145
328,20.380843496036587,407.61686992073163
329,20.318895643465048,406.3779128693009
330,20.257323232424245,405.1464646484848
331,20.19612286012085,403.9224572024169
332,20.13529116475904,402.70582329518066
333,20.074824824924928,401.49649649849846
334,20.014720558982038,400.29441117964075
335,19.954975124477613,399.0995024895522
336,19.895585317559526,397.91170635119045
337,19.836547972403565,396.7309594480712
338,19.77785996065089,395.5571992130177
339,19.71951819085546,394.3903638171092
340,19.66151960794118,393.2303921588235
341,19.603861192668624,392.0772238533724
342,19.546539961111115,390.93079922222216
343,19.489552964139943,389.79105928279876
344,19.432897286918607,388.6579457383721
345,19.3765700484058,387.5314009681159
346,19.320568400867053,386.41136801734103
347,19.264889529394814,385.2977905878962
348,19.209530651436783,384.1906130287356
349,19.15448901633238,383.0897803266476
350,19.099761904857147,381.9952380971429
351,19.045346628774933,380.90693257549856
352,18.99124053039773,379.82481060795453
353,18.937440982152978,378.74881964305945
354,18.883945386158196,377.67890772316383
355,18.83075117380282,376.6150234760563
356,18.77785580533708,375.55711610674155
357,18.72525676946779,374.5051353893557
358,18.672951582960895,373.4590316592178
359,18.6209377902507,372.4187558050139
360,18.56921296305556,371.3842592611111
361,18.517774700000004,370.35549399999996
362,18.466620626243095,369.33241252486187
363,18.41574839311295,368.3149678622589
364,18.365155677747254,367.30311355494507
365,18.31484018273973,366.29680365479453
366,18.26479963579235,365.295992715847
367,18.2150317893733,364.3006357874659
368,18.165534420380435,363.31068840760867
369,18.1163053298103,362.326106596206
370,18.067342342432436,361.3468468486486
371,18.018643306469006,360.37286612938004
372,17.97020609327957,359.4041218655914
373,17.92202859705094,358.44057194101873
374,17.87410873449198,357.4821746898396
375,17.826444444533337,356.5288888906667
376,17.779033688031916,355.58067376063826
377,17.73187444748011,354.6374889496021
378,17.684964726719578,353.69929453439147
379,17.63830255065963,352.7660510131926
380,17.591885965000003,351.8377193
381,17.56686789160105,351.337357832021
382,17.520881326439792,350.4176265287958
383,17.4751349,349.50269799999995
384,17.429626736197918,348.5925347239583
385,17.38435497844156,347.6870995688312
386,17.33931778937824,346.7863557875648
387,17.294513350645996,345.8902670129199
388,17.249939862628867,344.9987972525773
389,17.20559554421594,344.1119108843187
390,17.161478632564105,343.22957265128207
391,17.11758738286445,342.351747657289
392,17.073920068112244,341.4784013622449
393,17.03047497888041,340.6094995776081
394,16.987250423096448,339.7450084619289
395,16.944244725822784,338.8848945164557
396,16.901456229040406,338.02912458080806
397,16.85888329143577,337.17766582871536
398,16.816524288190955,336.33048576381907
399,16.804327485463656,336.08654970927313
400,16.76231666675,335.24633333500003
401,16.72051537830424,334.4103075660848
402,16.67892205646766,333.5784411293532
403,16.637535153101734,332.7507030620347
404,16.596353135396036,331.92706270792075
405,16.55537448567901,331.10748971358026
406,16.514597701231526,330.2919540246305
407,17.137977068058966,342.75954136117934
408,17.09597222230392,341.91944444607844
409,17.054172779217602,341.08345558435207
410,17.01257723585366,340.2515447170732
411,16.971184103892945,339.4236820778589
412,16.92999190946602,338.5998381893204
413,16.888999192978208,337.77998385956414
414,16.848204508937197,336.96409017874396
415,16.80760642578313,336.1521285156627
416,16.767203525721154,335.3440705144231
417,16.726994404556354,334.5398880911271
418,16.6869776715311,333.739553430622
419,16.647151949164677,332.94303898329355
420,16.607515873095238,332.1503174619048
421,16.56806809192399,331.3613618384798
422,16.528807267061612,330.57614534123223
423,16.48973207257683,329.7946414515366
424,16.45084119504717,329.0168239009434
425,16.412133333411763,328.2426666682353
426,16.373607198826292,327.47214397652584
427,16.393669008665103,327.8733801733021
428,16.355366043691586,327.1073208738318
429,16.317241647319346,326.34483294638693
430,16.27929457372093,325.5858914744186
431,16.24152358863109,324.8304717726218
432,16.20392746921296,324.07854938425925
433,16.166505003926094,323.3301000785219
434,16.129254992396312,322.58509984792624
435,16.092176245287355,321.84352490574713
436,16.05526758417431,321.1053516834862
437,16.018527841418763,320.3705568283753
438,15.98195586004566,319.63911720091323
439,15.945550493621866,318.9110098724373
440,15.909310606136362,318.1862121227273
441,15.873235071882085,317.46470143764174
442,15.837322775339365,316.7464555067873
443,15.801572611060946,316.03145222121896
444,15.765983483558557,315.31966967117114
445,15.73055430719101,314.6110861438202
446,15.69528400605381,313.9056801210762
447,15.660171513870244,313.2034302774049
448,15.625215773883927,312.5043154776786
449,15.590415738752782,311.80831477505563
450,15.555770370444442,311.1154074088889
451,17.413083887730966,348.26167775461937
452,17.374559365855454,347.49118731710917
453,17.33620493016924,346.72409860338485
454,17.29801945675477,345.96038913509545
455,17.26000183157509,345.20003663150186
456,17.222150950365496,344.44301900730994
457,17.18446571852662,343.6893143705325
458,17.14694505101892,342.93890102037847
459,17.119301016702977,342.38602033405954
460,17.082085144927536,341.64170289855076
461,17.045030730296457,340.90061460592915
462,17.008136724386723,340.1627344877345
463,16.971402087832974,339.42804175665947
464,16.934825790229883,338.6965158045977
465,16.89840681003584,337.9681362007169
466,16.862144134477823,337.24288268955655
467,16.82603675945753,336.5207351891506
468,16.790083689458687,335.8016737891738
469,16.75428393745558,335.0856787491116
470,16.718636524822692,334.3727304964539
471,16.683140481245577,333.6628096249116
472,16.657710098870055,333.15420197740116
473,16.62249295278365,332.449859055673
474,16.58742440225035,331.74848804500704
475,16.552503508771927,331.05007017543863
476,16.517729341736693,330.35458683473394
477,16.483100978336825,329.6620195667366
478,16.448617503486748,328.97235006973506
479,16.414278009742517,328.2855601948504
480,16.380081597222222,327.6016319444445
481,16.346027373527374,326.9205474705475
482,16.31211445366528,326.24228907330564
483,16.278341959972394,325.5668391994479
484,16.244709022038567,324.8941804407713
485,16.2112147766323,324.22429553264607
486,16.187487997256515,323.74975994513034
487,16.15424880219028,323.0849760438056
488,16.12114583333333,322.42291666666665
489,16.088178254942058,321.7635650988412
490,16.055345238095235,321.1069047619048
491,16.022645960624573,320.4529192124915
492,15.990079607046068,319.8015921409214
493,15.957645368492223,319.1529073698445
494,15.925342442645071,318.5068488529015
495,15.893170033670032,317.8634006734007
496,15.863607190860213,317.2721438172043
497,15.83168846411804,316.63376928236084
498,15.799897925033466,315.9979585006693
499,15.76823480293921,315.3646960587842
500,15.736698333333331,314.7339666666667
501,15.705287757817697,314.10575515635395
502,15.674002324037183,313.4800464807437
503,15.642841285619614,312.8568257123923
504,15.611803902116401,312.236078042328
505,15.580889438943894,311.6177887788779
506,15.550097167325427,311.00194334650854
507,15.519426364234056,310.3885272846811
508,15.488876312335957,309.77752624671916
509,15.458446299934511,309.1689259986902
510,15.42813562091503,308.56271241830063
511,15.39794357469015,307.958871493803
512,15.367869466145834,307.3573893229167
513,15.337912605588045,306.75825211176084
514,15.308072308690013,306.16144617380024
515,15.27834789644013,305.5669579288026
516,15.24873869509044,304.97477390180876
517,15.219244036105739,304.38488072211476
518,15.189863256113256,303.7972651222651
519,15.160595696852923,303.2119139370584
520,15.131440705128206,302.6288141025641
521,15.102397632757517,302.04795265515037
522,15.073465836526182,301.46931673052364
523,15.044644678138942,300.8928935627788
524,15.015933524173029,300.31867048346055
525,14.987331746031746,299.7466349206349
526,19.117099176299114,382.34198352598224
527,19.0808238457938,381.61647691587604
528,19.044685921843435,380.89371843686865
529,19.00868462520479,380.17369250409575
530,18.972819182515725,379.4563836503145
531,18.9370888262398,378.74177652479597
532,18.901492794611528,378.02985589223056
533,18.86603033158224,377.32060663164475
534,18.83070068676654,376.6140137353308
535,18.79550311538941,375.91006230778817
536,18.760436878233833,375.2087375646766
537,18.725501241589075,374.5100248317815
538,18.690695477199505,373.81390954399006
539,18.656018862213976,373.1203772442795
540,18.621470679135804,372.42941358271605
541,18.58705021577326,371.7410043154652
542,18.55275676519065,371.055135303813
543,18.518589625659914,370.3717925131983
544,18.484548100612745,369.6909620122549
545,18.45063149859327,369.01262997186546
546,18.416839133211234,368.33678266422464
547,18.383170323095673,367.66340646191344
548,18.349624391849147,366.99248783698295
549,18.31620066800243,366.3240133600485
550,18.282898484969696,365.65796969939396
551,18.249717181004236,364.9943436200847
552,18.21665609915459,364.33312198309176
553,18.183714587221218,363.67429174442435
554,18.1508919977136,363.01783995427195
555,18.118187687807808,362.36375375615614
556,18.08560101930456,361.7120203860911
557,31.89764063417115,637.952812683423
558,31.84047640364396,636.8095280728792
559,31.783516696302918,635.6703339260583
560,31.72676041648809,634.5352083297619
561,31.67020647635175,633.404129527035
562,31.613853795788845,632.2770759157769
563,31.55770130236826,631.1540260473652
564,31.501747931264774,630.0349586252954
565,31.44599262519174,628.9198525038347
566,31.390434334334508,627.8086866866902
567,31.335072016284535,626.7014403256907
568,31.991354166490606,639.8270833298122
569,31.935130345459868,638.7026069091974
570,31.879103800994148,637.5820760198831
571,31.823273496614124,636.4654699322825
572,31.767638403088572,635.3527680617716
573,31.712197498371143,634.243949967423
574,31.656949767537743,633.138995350755
575,31.601894202724633,632.0378840544928
576,31.547029803067133,630.9405960613426
577,31.49235557463894,629.8471114927787
578,31.437870530392157,628.7574106078431
579,31.383573690097872,627.6714738019574
580,31.32946408028736,626.5892816057471
581,31.27554073419392,625.5108146838784
582,31.221802691695306,624.436053833906
583,31.16824899925672,623.3649799851344
584,31.114878709874432,622.2975741974885
585,31.061690883019946,621.2338176603989
586,31.008684584584756,620.1736916916951
587,30.95585888682567,619.1171777365133
588,30.90321286831066,618.0642573662132
589,30.85074561386531,617.0149122773062
590,30.798456214519774,615.9691242903955
591,30.746343767456292,614.9268753491258
592,30.71459318676802,614.2918637353604
593,30.662797920011243,613.2559584002248
594,30.611177048092035,612.2235409618406
595,30.559729691708686,611.1945938341737
596,30.508454977460854,610.1690995492171
597,30.457352037800113,609.1470407560023
598,30.40642001098105,608.128400219621
599,30.355658041012802,607.113160820256
600,30.305065277611114,606.1013055522222
601,30.254640876150862,605.0928175230173
602,30.20438399761905,604.087679952381
603,30.154293808568273,603.0858761713654
604,30.104369481070645,602.0873896214129
605,30.05461019267218,601.0922038534436
606,30.005015126347637,600.1003025269528
607,29.955583470455796,599.1116694091158
608,29.906314418695178,598.1262883739035
609,29.85720717006021,597.1441434012041
610,29.808260928797818,596.1652185759564
611,29.75947490436443,595.1894980872886
612,29.710848311383444,594.2169662276689
613,29.66238036960305,593.2476073920609
614,29.614070303854508,592.2814060770901
615,29.565917344010842,591.3183468802168
616,29.517920724945892,590.3584144989178
617,29.47007968649379,589.4015937298758
618,29.42239347340885,588.4478694681769
619,29.374861335325797,587.4972267065159
620,29.327482526720434,586.5496505344087
621,29.28025630687064,585.6051261374129
622,29.233181939817793,584.6636387963558
623,29.186258694328522,583.7251738865704
624,29.13948584385684,582.7897168771368
625,29.09286266650667,581.8572533301334
626,29.04638844499468,580.9277688998935
627,29.000062466613507,580.00124933227
628,28.953884023195332,579.0776804639066
629,28.907852411075783,578.1570482215157
630,28.861966931058205,577.239338621164
631,28.81622688837824,576.3245377675647
632,28.770631592668778,575.4126318533755
633,28.725180357925225,574.5036071585045
634,28.679872502471085,573.5974500494217
635,28.634707348923886,572.6941469784778
636,28.589684224161427,571.7936844832285
637,28.544802459288334,570.8960491857666
638,28.50006138960293,570.0012277920586
639,28.455460354564426,569.1092070912885
640,28.41099869776042,568.2199739552084
641,28.36667576687468,567.3335153374935
642,28.322490913655248,566.4498182731049
643,28.278443493882843,565.5688698776569
644,28.234532867339546,564.6906573467909
645,28.19075839777778,563.8151679555556
646,28.14711945288958,562.9423890577915
647,28.103615404276148,562.072308085523
648,28.060245627417697,561.204912548354
649,28.017009501643557,560.3401900328711
650,27.97390641010257,559.4781282020514
651,27.930935739733744,558.6187147946748
652,27.88809688123722,557.7619376247444
653,27.845389229045434,556.9077845809087
654,27.8028121812946,556.056243625892
655,27.76036513979644,555.2073027959289
656,27.718047510010166,554.3609502002032
657,27.675858701014715,553.5171740202943
658,27.63379812548126,552.6759625096252
659,27.59186519964593,551.8373039929186
660,27.550059343282832,551.0011868656566
661,27.508379979677258,550.1675995935451
662,27.466826535599196,549.3365307119839
663,27.425398441277025,548.5079688255405
664,27.384095130371488,547.6819026074297
665,27.342916039949877,546.8583207989975
666,27.301860610460462,546.0372122092092
667,27.26092828570715,545.218565714143
668,27.220118512824353,544.4023702564871
669,27.17943074225212,543.5886148450423
670,27.138864427711447,542.7772885542289
671,33.09188335593641,661.8376671187283
672,33.04263948189484,660.8527896378969
673,32.99354194923229,659.870838984646
674,32.94459010657764,658.8918021315529
675,32.89578330641975,657.9156661283952
676,32.847120905078896,656.9424181015779
677,32.79860226267848,655.9720452535697
678,32.75022674311701,655.0045348623403
679,32.701993714040256,654.0398742808052
680,32.653902546813725,653.0780509362746
681,32.60595261649535,652.1190523299069
682,32.55814330180841,651.1628660361682
683,32.510473985114686,650.209479702294
684,32.46294405238791,649.2588810477583
685,32.415552893187346,648.311057863747
686,32.368299900631676,647.3659980126337
687,32.321184471373115,646.4236894274625
688,32.274206005571706,645.4841201114342
689,32.22736390686986,644.5472781373973
690,32.18065758236715,643.6131516473431
691,32.13408644259527,642.6817288519054
692,32.58469229070327,651.6938458140655
693,32.53767253270804,650.7534506541607
694,32.49078827833814,649.8157655667627
695,32.44403894268585,648.8807788537171
696,32.39742394420498,647.9484788840996
697,32.35094270468675,647.0188540937351
698,32.30459464923591,646.0918929847182
699,32.25837920624702,645.1675841249404
700,32.212295807380954,644.245916147619
701,32.16634388754161,643.3268777508321
702,32.65584577193732,653.1169154387464
703,32.60939364423897,652.1878728847796
704,32.5630734828125,651.26146965625
705,32.516884726099285,650.3376945219859
706,32.470826815722376,649.4165363144475
707,32.424899196463926,648.4979839292787
708,32.37910131624294,647.5820263248588
709,32.333432626093085,646.6686525218618
710,32.28789258014084,645.7578516028169
711,32.24248063558368,644.8496127116737
712,32.19719625266853,643.9439250533708
713,32.152038894670405,643.0407778934082
714,32.107008027871146,642.140160557423
715,32.062103121538456,641.2420624307692
716,32.01732364790502,640.3464729581005
717,31.972669082147835,639.4533816429567
718,31.928138902367685,638.5627780473538
719,31.883732589568844,637.674651791377
720,31.839449627638885,636.7889925527778
721,31.795289503328707,635.9057900665741
722,31.751251706232683,635.0250341246538
723,31.707335728769014,634.1467145753804
724,31.663541066160217,633.2708213232045
725,31.61986721641379,632.397344328276
726,31.576313680303027,631.5262736060606
727,31.532879961348,630.6575992269601
728,31.4895655657967,629.7913113159342
729,31.446370002606308,628.9274000521262
730,31.403292783424654,628.0658556684932
731,31.360333422571816,627.2066684514364
732,31.317491437021854,626.3498287404371
733,31.274766346384716,625.4953269276945
734,31.23215767288828,624.6431534577657
735,31.18966494136054,623.793298827211
736,31.147287679211953,622.9457535842391
737,31.10502541641791,622.1005083283583
738,35.41572998911472,708.3145997822945
739,35.36780613256653,707.3561226513306
740,35.320011799954955,706.4002359990991
741,35.27234646689159,705.4469293378316
742,35.22480961181491,704.4961922362983
743,35.17740071597129,703.5480143194258
744,35.130119263396054,702.6023852679211
745,35.08296474089485,701.659294817897
746,35.03593663802502,700.7187327605004
747,34.989034447077195,699.7806889415439
748,34.94225766305704,698.8451532611408
749,34.895605783667115,697.9121156733422
750,34.84907830928889,696.9815661857778
751,34.80267474296493,696.0534948592987
752,34.756394590381205,695.1278918076241
753,34.71023735984949,694.2047471969898
754,34.66420256229001,693.2840512458001
755,34.618289711214125,692.3657942242826
756,34.57249832270723,691.4499664541445
757,34.526827915411715,690.5365583082342
758,34.48127801051012,689.6255602102023
759,34.43584813170839,688.7169626341677
760,34.390537805219296,687.810756104386
761,34.34534655974595,686.9069311949189
762,34.300273926465444,686.0054785293088
763,34.255319439012666,685.1063887802534
764,34.210482633464224,684.2096526692844
765,34.16576304832244,683.3152609664488
766,34.12116022449956,682.4232044899912
767,34.07667370530204,681.5334741060408
768,34.03230303641493,680.6460607282985
769,33.988047765886435,679.7609553177286
770,33.943907444112554,678.878148882251
771,33.89988162382188,677.9976324764375
772,33.85596986006045,677.1193972012089
773,33.8121717101768,676.2434342035359
774,33.768486733807066,675.3697346761412
775,33.724914492860215,674.4982898572043
776,33.681454551503435,673.6290910300687
777,33.63810647614758,672.7621295229515
778,33.59486983543273,671.8973967086546
779,33.551744200213946,671.034884004279
780,33.50872914354701,670.1745828709402
781,33.46582424067435,669.3164848134869
782,33.42302906901108,668.4605813802216
783,33.38034320813112,667.6068641626223
784,33.3377662397534,666.755324795068
785,33.295297747728235,665.9059549545648
786,33.25889151649703,665.1778303299404
787,33.21663117149513,664.3326234299025
788,33.180417172546534,663.6083434509304
789,33.138363411871566,662.7672682374313
790,33.0964161164135,661.9283223282699
791,33.05457488238517,661.0914976477031
792,33.01283930803872,660.2567861607743
793,32.971208993652795,659.4241798730558
794,32.92968354151973,658.5936708303944
795,32.88826255593291,657.7652511186582
796,32.8469456431742,656.9389128634839
797,32.80573241150147,656.1146482300292
798,32.76462247113617,655.2924494227233
799,32.72361543425115,654.4723086850228
800,32.682710914958335,653.6542182991666
801,32.641908529296714,652.8381705859341
802,32.601207895220284,652.0241579044056
803,32.56060863258614,651.2121726517225
804,32.52011036314262,650.4022072628522
805,32.479712710517596,649.5942542103519
806,32.47035822824649,649.4071645649295
807,32.43012234444445,648.6024468888887
808,32.38998605441419,647.7997210882836
809,32.349948988833944,646.9989797766789
810,32.31001078020576,646.2002156041151
811,32.27017106284422,645.4034212568844
812,32.230429472865346,644.608589457307
813,32.19078564817548,643.8157129635094
814,32.15123922846027,643.0247845692054
815,32.11178985517382,642.2357971034763
816,32.0827435440768,641.6548708815358
817,32.04347458013056,640.869491602611
818,32.00430162832111,640.086032566422
819,31.965224336955636,639.3044867391126
820,31.92624235605691,638.5248471211381
821,31.88735533735282,637.7471067470563
822,31.848562934266017,636.9712586853202
823,31.809864801903604,636.1972960380718
824,31.771260597046926,635.4252119409383
825,31.732749978141413,634.6549995628282
826,31.69433260528652,633.8866521057303
827,31.656008140225715,633.1201628045142
828,31.617776246336554,632.3555249267309
829,31.579636588620826,631.5927317724164
830,31.541588833694778,630.8317766738954
831,31.50363264977938,630.0726529955874
832,31.465767706690706,629.315354133814
833,31.42799367583033,628.5598735166064
834,31.390310230175857,627.806204603517
835,31.352717044271454,627.054340885429
836,31.3152137942185,626.3042758843699
837,31.277800157666267,625.5560031533253
838,31.240475813802703,624.809516276054
839,31.20324044334525,624.0648088669049
840,31.166093728531745,623.3218745706348
841,31.129035353111373,622.5807070622274
842,31.09206500233571,621.8413000467141
843,31.060471014551204,621.209420291024
844,31.023669508609796,620.4733901721958
845,31.309325915502956,626.1865183100592
846,31.272317256028366,625.4463451205673
847,31.235395984179455,624.7079196835891
848,31.198561790801886,623.9712358160377
849,31.161814368197877,623.2362873639576
850,31.125153410117644,622.503068202353
851,31.08857861175088,621.7715722350176
852,31.06196056173709,621.2392112347417
853,31.025545602110203,620.5109120422038
854,30.989215923419206,619.784318468384
855,30.95297122643275,619.059424528655
856,30.91681121331776,618.3362242663551
857,30.880735587631275,617.6147117526253
858,30.844744054312358,616.894881086247
859,30.808836319674043,616.1767263934807
860,30.77301209139535,615.4602418279069
861,30.73727107851336,614.745421570267
862,30.701612991415317,614.0322598283062
863,30.666037541830825,613.3207508366163
864,30.63054444282407,612.6108888564814
865,30.595133408786126,611.9026681757225
866,30.55980415542725,611.1960831085449
867,30.524556399769317,610.4911279953864
868,30.489389860138246,609.7877972027649
869,30.4543042561565,609.0860851231299
870,30.41929930873563,608.3859861747126
871,30.384374740068886,607.6874948013776
872,30.354897246100915,607.0979449220183
873,30.320126458877432,606.4025291775486
874,30.28543523867277,605.7087047734553
875,30.250823312685714,605.0164662537143
876,30.216290409360727,604.3258081872145
877,30.18183625838084,603.6367251676169
878,30.14746059066059,602.9492118132117
879,30.11316313833902,602.2632627667804
880,30.078943634772724,601.5788726954545
881,30.04480181452894,600.8960362905788
882,30.010737413378685,600.2147482675737
883,29.976750168289918,599.5350033657983
884,29.94283981742081,598.8567963484162
885,29.909006100112993,598.1801220022598
886,29.875248756884876,597.5049751376974
887,29.841567529425028,596.8313505885005
888,29.807962160585586,596.1592432117116
889,29.7744323943757,595.4886478875139
890,29.740977975955055,594.8195595191011
891,29.707598651627382,594.1519730325476
892,29.67429416883408,593.4858833766816
893,29.641064276147816,592.8212855229563
894,29.607908723266217,592.1581744653244
895,29.574827261005584,591.4965452201117
896,29.54181964129464,590.8363928258927
897,29.50888561716834,590.1777123433667
898,29.47602494276169,589.5204988552338
899,29.44323737330367,588.8647474660734
900,29.415476368777778,588.3095273755555
901,29.382828781243063,587.6565756248611
902,29.350253583037695,587.0050716607539
903,29.31775053366556,586.3550106733111
904,29.28531939369469,585.7063878738937
905,29.25295992475138,585.0591984950277
906,29.22067188951435,584.4134377902869
907,29.18845505170893,583.7691010341786
908,29.15630917610132,583.1261835220264
909,29.12423402849285,582.4846805698569
910,29.092229375714286,581.8445875142856
911,29.060294985620196,581.2058997124038
912,29.02843062708333,580.5686125416667
913,28.996636069989048,579.9327213997808
914,28.964911085229758,579.2982217045951
915,28.93325544469945,578.6651088939891
916,28.90166892128821,578.0333784257641
917,28.870151288876773,577.4030257775354
918,28.838702322331155,576.7740464466231
919,29.249309465252082,584.9861893050415
920,29.21751673757246,584.3503347514492
921,29.185793049475205,583.715860989504
922,29.15413817631959,583.0827635263918
923,29.122551894438423,582.4510378887683
924,29.091033981132753,581.820679622655
925,29.059584214666664,581.1916842933332
926,29.028202374262058,580.564047485241
927,28.99688824009349,579.9377648018697
928,30.17235495538793,603.4470991077585
929,30.13987664004306,602.7975328008611
930,30.107468170537636,602.1493634107526
931,30.07512932180451,601.5025864360902
932,30.04285986974249,600.8571973948497
933,30.010659591211148,600.2131918242228
934,29.978528264025698,599.5705652805138
935,29.946465666951873,598.9293133390373
936,29.914471579700855,598.289431594017
937,29.882545782924225,597.6509156584845
938,29.850688058208956,597.013761164179
939,29.818898188072417,596.3779637614482
940,29.787175955957448,595.7435191191489
941,29.75552114622742,595.1104229245483
942,29.72393354416136,594.4786708832271
943,29.6924129359491,593.8482587189818
944,29.66095910868644,593.2191821737288
945,29.629571850370372,592.5914370074073
946,29.598250949894293,591.9650189978857
947,29.566996197043295,591.3399239408658
948,29.535807382489452,590.7161476497889
949,29.504684297787144,590.0936859557428
950,29.473626735368423,589.4725347073684
951,29.44263448853838,588.8526897707675
952,29.41170735147059,588.2341470294117
953,29.38084511920252,587.6169023840503
954,29.35004758763103,587.0009517526205
955,29.319314553507855,586.386291070157
956,29.288645814435146,585.7729162887028
957,29.258041168861023,585.1608233772204
958,35.336016421572715,706.7203284314544
959,35.2991696891206,705.9833937824122
960,35.26239972069444,705.2479944138889
961,35.225706276656254,704.5141255331251
962,35.189089118364514,703.7817823672904
963,35.15254800816891,703.0509601633782
964,35.11608270940525,702.3216541881051
965,35.07969298639032,701.5938597278066
966,35.04337860441683,700.8675720883367
967,35.007139329748355,700.1427865949672
968,34.970974929614314,699.4194985922865
969,34.94320302566219,698.8640605132438
970,34.90717910501718,698.1435821003436
971,34.871229384002746,697.4245876800549
972,34.83535363360768,696.7070726721536
973,34.79955162576225,695.9910325152448
974,34.76382313333333,695.2764626666666
975,34.72816793011965,694.5633586023931
976,34.69258579084699,693.8517158169398
977,34.65707649116342,693.1415298232685
978,34.62163980763463,692.4327961526925
979,34.58627551773919,691.7255103547838
980,34.550983399863945,691.0196679972788
981,34.51576323329935,690.315264665987
982,34.480614798234896,689.6122959646979
983,34.44553787575449,688.9107575150897
984,34.41053224783197,688.2106449566395
985,34.37559769732656,687.5119539465312
986,34.34073400797836,686.8146801595672
987,34.305940964403916,686.1188192880783
988,34.271218352091765,685.4243670418352
989,34.23656595739804,684.7313191479608
990,34.20198356754209,684.0396713508417
991,34.16747097060208,683.3494194120416
992,34.13302795551075,682.660559110215
993,34.098654312051025,681.9730862410204
994,34.064349830851775,681.2869966170355
995,34.030114303383584,680.6022860676717
996,33.995947521954484,679.9189504390896
997,33.96184927970578,679.2369855941156
998,33.92781937060788,678.5563874121575
999,33.89385758945612,677.8771517891224
1000,33.859963731866664,677.1992746373332
1001,33.82613759427239,676.5227518854477
1002,33.79237897391883,675.8475794783765
1003,33.758687668860084,675.1737533772016
1004,33.72506347795485,674.5012695590968
1005,33.69150620086235,673.830124017247
1006,33.658015638038435,673.1603127607686
1007,33.62459159073154,672.4918318146308
1008,33.59123386097883,671.8246772195766
1009,33.55794225160224,671.1588450320448
1010,33.52471656620462,670.4943313240924
1011,33.49155660916584,669.8311321833168
1012,33.458462185639,669.1692437127799
1013,33.42543310154656,668.5086620309311
1014,33.39246916357659,667.8493832715318
1015,33.35957017917898,667.1914035835796
1016,33.32673595656168,666.5347191312335
1017,33.29396630468698,665.8793260937397
1018,33.26126103326784,665.2252206653568
1019,33.22861995276415,664.5723990552829
1020,33.19604287437908,663.9208574875817
1021,33.1635296100555,663.2705922011099
1022,33.13107997247227,662.6215994494455
1023,33.09869377504073,661.9738755008145
1024,33.06637083190104,661.3274166380207
1025,33.0341109579187,660.682219158374
1026,33.00191396868096,660.0382793736192
1027,32.969779680493346,659.3955936098669
1028,32.93770791037613,658.7541582075226
1029,32.9056984760609,658.1139695212179
1030,32.873751195987055,657.475023919741
1031,32.84186588929841,656.8373177859683
1032,32.81004237583979,656.2008475167958
1033,32.7782804761536,655.5656095230719
1034,32.74658001147647,654.9316002295293
1035,32.71494080373591,654.2988160747182
1036,32.683362675546974,653.6672535109394
1037,36.380572547669566,727.6114509533911
1038,36.34552382652537,726.9104765305073
1039,36.3105425716394,726.2108514327878
1040,36.27562858839743,725.5125717679487
1041,36.240781682933076,724.8156336586615
1042,36.206001662124116,724.1200332424824
1043,36.171288333589004,723.4257666717799
1044,36.136641505683265,722.7328301136653
1045,36.10206098749601,722.0412197499202
1046,36.0675465888464,721.3509317769278
1047,36.03309812028016,720.6619624056032
1048,35.998715393066156,719.974307861323
1049,35.96439821919288,719.2879643838576
1050,35.93014641136507,718.6029282273015
1051,35.895959783000315,717.9191956600062
1052,35.86949974518378,717.3899949036755
1053,35.83543564286167,716.7087128572332
1054,35.80143617830487,716.0287235660974
1055,35.76750116770932,715.3500233541864
1056,35.73363042796717,714.6726085593434
1057,35.699823776663514,713.9964755332703
1058,35.666081032073095,713.3216206414618
1059,35.63240201315707,712.6480402631413
1060,35.59878653955975,711.975730791195
1061,35.565234431605404,711.3046886321081
1062,35.53174551029504,710.6349102059008
1063,35.49831959730323,709.9663919460645
1064,35.464956514974936,709.2991302994988
1065,35.43165608632238,708.6331217264476
1066,35.39841813502189,707.9683627004378
1067,35.36524248541081,707.3048497082161
1068,35.3321289624844,706.6425792496879
1069,35.29907739189274,705.9815478378547
1070,35.2660875999377,705.3217519987539
1071,35.23315941356987,704.6631882713974
1072,35.20029266038557,704.0058532077114
1073,35.16748716862379,703.3497433724758
1074,35.13474276716325,702.694855343265
1075,35.10205928551938,702.0411857103876
1076,35.06943655384139,701.3887310768278
1077,35.03687440290932,700.7374880581863
1078,35.00437266413111,700.087453282622
1079,34.9719311695397,699.438623390794
1080,34.939549751790125,698.7909950358024
1081,34.90722824415665,698.1445648831328
1082,34.874966480529885,697.4993296105977
1083,34.84276429541397,696.8552859082794
1084,34.81062152392374,696.2124304784747
1085,34.778538001781875,695.5707600356375
1086,34.74651356531614,694.9302713063229
1087,34.71454805145661,694.2909610291322
1088,34.68264129773284,693.6528259546568
1089,34.6507931422712,693.015862845424
1090,34.61900342379205,692.380068475841
1091,34.58727198160709,691.7454396321417
1092,34.555598655616606,691.1119731123321
1093,34.5239832863068,690.479665726136
1094,34.49242571474711,689.8485142949421
1095,34.46092578258752,689.2185156517504
1096,34.42948333205596,688.5896666411192
1097,34.398098205955634,687.9619641191127
1098,34.366770247662416,687.3354049532483
1099,34.33549930112223,686.7099860224446
1100,34.304285210848484,686.0857042169697
1101,34.273127821919466,685.4625564383894
1102,34.242026979975805,684.840539599516
1103,34.210982531217894,684.2196506243578
1104,34.17999432240338,683.5998864480677
1105,34.14906220084465,682.9812440168929
1106,34.11818601440627,682.3637202881254
1107,34.08736561150256,681.7473122300512
1108,34.05660084109507,681.1320168219013
1109,34.02589155269011,680.5178310538022
1110,33.99523759633634,679.9047519267267
1111,33.96463882262226,679.2927764524452
1112,33.93409508267386,678.6819016534772
1113,33.90360622815214,678.0721245630427
1114,33.873172111250746,677.4634422250149
1115,33.842792584693576,676.8558516938715
1116,33.81246750173238,676.2493500346475
1117,33.78219671614443,675.6439343228886
1118,33.751980082230176,675.0396016446034
1119,33.72181745481085,674.4363490962169
1120,33.69170868922619,673.8341737845238
1121,33.661653641332144,673.2330728266428
1122,33.631652167498515,672.6330433499703
1123,33.60170412460671,672.0340824921341
1124,33.57180937004745,671.4361874009489
1125,33.55258998394074,671.0517996788147
1126,33.52279194665482,670.4558389330964
1127,33.493046789648034,669.8609357929606
1128,33.46335437228132,669.2670874456264
1129,33.43371455441393,668.6742910882787
1130,33.40412719640118,668.0825439280236
1131,33.374592159092245,667.4918431818448
1132,33.34510930382803,666.9021860765606
1133,33.31567849243895,666.3135698487789
1134,33.286299587242794,665.725991744856
1135,33.256972451042586,665.1394490208517
1136,33.227696947124414,664.5539389424882
1137,33.198472939255346,663.969458785107
1138,33.16930029168131,663.3860058336261
1139,33.14017886912496,662.8035773824992
1140,33.111108536783625,662.2221707356725
1141,33.08208916032719,661.6417832065439
1142,33.05312060589609,661.0624121179217
1143,33.024202740099156,660.484054801983
1144,32.99533543001165,659.9067086002331
1145,32.966518543173216,659.3303708634643
1146,32.9377519475858,658.7550389517161
1147,32.90903551171171,658.1807102342342
1148,32.88036910447154,657.6073820894308
1149,32.85175259524224,657.0350519048447
1150,32.82318585385507,656.4637170771014
1151,32.79466875059369,655.8933750118737
1152,32.76620115619213,655.3240231238425
1153,32.737782941832904,654.7556588366579
1154,32.709413979145005,654.1882795829
1155,32.685146088253966,653.7029217650793
1156,32.65687174042676,653.1374348085351
1157,32.62864626787669,652.5729253575338
1158,32.60046954398388,652.0093908796775
1159,32.57234144256543,651.4468288513085
1160,32.54426183787356,650.8852367574713
1161,32.51623060459374,650.3246120918748
1162,32.488247617842795,649.7649523568559
1163,32.460312753167095,649.2062550633418
1164,32.43242588654066,648.6485177308132
1165,32.404586894363376,648.0917378872675
1166,32.37679565345912,647.5359130691824
1167,32.349052041073975,646.9810408214795
1168,32.321355934874425,646.4271186974885
1169,32.293707212945534,645.8741442589106
1170,32.26610575378917,645.3221150757835
1171,32.23855143632223,644.7710287264446
1172,32.21104413987486,644.2208827974971
1173,32.18358374418869,643.6716748837737
1174,32.1561701294151,643.123402588302
1175,32.12880317611347,642.5760635222695
1176,32.10148276524943,642.0296553049886
1177,32.074208778193146,641.4841755638629
1178,32.0469810967176,640.9396219343519
1179,32.01979960299689,640.3959920599377
1180,31.992664179604517,639.8532835920904
1181,31.96557470951171,639.3114941902342
1182,31.938531076085727,638.7706215217146
1183,31.911533163088194,638.2306632617638
1184,31.884580854673423,637.6916170934684
1185,31.85767403538678,637.1534807077355
1186,31.83081259016301,636.6162518032602
1187,31.803996404324625,636.0799280864925
1188,31.777225363580246,635.5445072716049
1189,31.75049935402299,635.0099870804597
1190,31.72381826212885,634.476365242577
1191,31.697181974755107,633.943639495102
1192,31.67059037913871,633.411807582774
1193,31.644043362894667,632.8808672578932
1194,31.61754081401452,632.3508162802902
1195,31.591082620864718,631.8216524172942
1196,31.564668672185064,631.2933734437012
1197,31.538298857087167,630.7659771417432
1198,31.51197306505287,630.2394613010572
1199,31.48959443864332,629.7918887728664
1200,31.46335310994445,629.267062198889
1201,31.437155480377466,628.7431096075493
1202,31.411001440876323,628.2200288175264
1203,31.384890882737604,627.697817654752
1204,31.35882369761905,627.176473952381
1205,31.332799777538042,626.6559955507608
1206,31.306819014870097,626.136380297402
1207,31.61161038271196,632.2322076542391
1208,31.58544183107064,631.7088366214127
1209,31.559316569010203,631.186331380204
1210,31.533234489201103,630.664689784022
1211,31.50719548466832,630.1439096933664
1212,31.48119944878988,629.6239889757976
1213,31.455246275295412,629.1049255059082
1214,31.42933585826469,628.5867171652937
1215,31.4034680921262,628.069361842524
1216,31.377642871655702,627.552857433114
1217,31.351860091974803,627.037201839496
1218,31.326119648549536,626.5223929709906
1219,31.30042143718895,626.0084287437791
1220,31.28165879666667,625.6331759333333
1221,31.256039092492497,625.1207818498498
1222,31.230461319094385,624.6092263818875
1223,31.204925373616792,624.0985074723357
1224,31.179431153540307,623.5886230708061
1225,31.153978556680276,623.0795711336054
1226,31.12856748118543,622.5713496237084
1227,31.103197825536544,622.0639565107307
1228,31.077869488545062,621.5573897709011
1229,31.05258236935178,621.0516473870355
1230,31.027336367425477,620.5467273485094
1231,31.002131382561608,620.042627651232
1232,30.97696731488095,619.539346297619
1233,30.95184406482833,619.0368812965665
1234,30.926761533171256,618.5352306634251
1235,30.901719620998648,618.034392419973
1236,30.876718229719522,617.5343645943905
1237,30.851757261061707,617.0351452212341
1238,30.82683661707054,616.5367323414108
1239,30.80195620010761,616.0391240021522
1240,30.77711591284946,615.5423182569892
1241,30.752315658286324,615.0463131657265
1242,30.72755533972088,614.5511067944176
1243,30.70283486076696,614.0566972153391
1244,30.678154125348335,613.5630825069667
1245,30.653513037697454,613.0702607539491
1246,30.628911502354196,612.5782300470839
1247,30.60434942416466,612.0869884832932
1248,30.579826708279917,611.5965341655982
1249,30.555343260154793,611.1068652030957
1250,30.53089898554667,610.6179797109332
1251,30.50649379051426,610.1298758102851
1252,30.482127581416403,609.642551628328
1253,30.457800264910883,609.1560052982176
1254,30.43351174795322,608.6702349590643
1255,30.40926193779549,608.1852387559096
1256,30.385050741985143,607.7010148397027
1257,30.36087806836383,607.2175613672765
1258,30.336743825066247,606.7348765013247
1259,30.312647920518934,606.2529584103785
1260,30.288590263439158,605.771805268783
1261,30.264570762833735,605.2914152566746
1262,30.240589327997892,604.8117865599577
1263,30.216645868514124,604.3329173702823
1264,30.19274029425106,603.854805885021
1265,30.168872515362324,603.3774503072464
1266,30.145042442285416,602.9008488457082
1267,30.121249985740597,602.4249997148119
1268,30.097495056729763,601.949901134595
1269,30.073777566535334,601.4755513307065
1270,30.050097426719162,601.0019485343831
1271,30.02645454912143,600.5290909824284
1272,30.002848845859535,600.0569769171907
1273,29.979280229327046,599.5856045865409
1274,29.95574861219257,599.1149722438513
1275,29.93225390739869,598.6450781479738
1276,29.908796028160918,598.1759205632183
1277,29.885374887966584,597.7074977593317
1278,29.86199040057381,597.2398080114762
1279,29.83864248001042,596.7728496002085
1280,29.815331040572914,596.3066208114583
1281,29.792055996825393,595.8411199365079
1282,29.768817263598542,595.3763452719708
1283,29.745614755988566,594.9122951197712
1284,29.722448389356178,594.4489677871235
1285,29.69931807932555,593.986361586511
1286,29.676223741783303,593.5244748356662
1287,29.65316529287749,593.0633058575497
1288,29.630142649016562,592.6028529803311
1289,29.60715572686837,592.1431145373674
1290,29.58420444335917,591.6840888671834
1291,29.561288715672603,591.2257743134521
1292,29.538408461248707,590.768169224974
1293,29.515563597782933,590.3112719556585
1294,29.49275404322514,589.8550808645027
1295,29.469979715778635,589.3995943155727
1296,29.447240533899176,588.9448106779835
1297,29.42453641629401,588.4907283258801
1298,29.4018672819209,588.037345638418
1299,29.379233049987167,587.5846609997433
1300,29.356633639948715,587.1326727989743
1301,29.334068971509094,586.6813794301819
1302,29.311538964618535,586.2307792923706
1303,29.28904353947301,585.7808707894601
1304,29.26658261651329,585.3316523302658
1305,29.24415611642401,584.8831223284801
1306,29.22176396013272,584.4352792026544
1307,29.199406068808976,583.9881213761794
1308,29.177082363863402,583.541647277268
1309,29.154792766946777,583.0958553389355
1310,29.13253719994911,582.6507439989822
1311,29.110315584998727,582.2063116999745
1312,29.08812784446138,581.7625568892275
1313,29.065973900939323,581.3194780187864
1314,29.04385367727042,580.8770735454084
1315,29.02176709652725,580.435341930545
1316,28.999714082016208,579.9942816403242
1317,28.977694557276635,579.5538911455327
1318,28.955708446079917,579.1141689215983
1319,28.933755672428607,578.6751134485721
1320,28.911836160555552,578.2367232111111
1321,28.889949834923037,577.7989966984608
1322,28.868096620221884,577.3619324044377
1323,28.84627644137062,576.9255288274123
1324,28.8244892235146,576.489784470292
1325,28.802734892025153,576.0546978405031
1326,28.78101337249874,575.6202674499748
1327,30.09953056910324,601.9906113820647
1328,30.076865259939765,601.5373051987951
1329,30.054234059593686,601.0846811918735
1330,30.031636891127825,600.6327378225564
1331,30.00907367783622,600.1814735567243
1332,29.98654434324325,599.7308868648648
1333,29.96404881110278,599.2809762220554
1334,29.941587005397306,598.831740107946
1335,29.919158850337084,598.3831770067416
1336,29.896764270359288,597.9352854071857
1337,29.874403190127154,597.4880638025429
1338,29.852075534529153,597.0415106905829
1339,29.829781228678122,596.5956245735623
1340,29.807520197910453,596.1504039582089
1341,29.78529236778524,595.7058473557047
1342,29.763097664083464,595.2619532816691
1343,29.740936012807154,594.8187202561429
1344,29.72432073303571,594.4864146607142
1345,29.7022208663197,594.044417326394
1346,29.680153837444276,593.6030767488855
1347,29.65811957327394,593.1623914654787
1348,29.636118000890203,592.722360017804
1349,29.614149047590804,592.2829809518161
1350,29.592212640888885,591.8442528177777
1351,29.57030870851221,591.4061741702442
1352,29.548437178402363,590.9687435680472
1353,29.526597978713966,590.5319595742793
1354,29.50479103781388,590.0958207562776
1355,29.48301628428044,589.6603256856088
1356,29.46127364690265,589.225472938053
1357,29.439563054679436,588.7912610935887
1358,29.41788443681885,588.3576887363769
1359,29.396237722737304,587.924754454746
1360,29.37462284205882,587.4924568411764
1361,29.353039724614252,587.060794492285
1362,29.34067944089574,586.8135888179147
1363,29.31915289691856,586.3830579383712
1364,29.297657916788854,585.9531583357771
1365,29.27619443113553,585.5238886227106
1366,29.254762370790626,585.0952474158125
1367,29.233361666788586,584.6672333357717
1368,29.211992250365494,584.2398450073099
1369,29.19065405295836,583.8130810591672
1370,29.16934700620438,583.3869401240876
1371,29.148071041940188,582.9614208388037
1372,29.126826092201163,582.5365218440232
1373,29.10561208922068,582.1122417844136
1374,29.084428965429403,581.688579308588
1375,29.063276653454544,581.2655330690909
1376,29.042155086119184,580.8431017223837
1377,29.51763645497458,590.3527290994915
1378,29.49621581894049,589.9243163788097
1379,29.474826249818708,589.4965249963741
1380,29.45346768007246,589.0693536014493
1381,29.45019941962346,589.0039883924692
1382,29.428889579232994,588.5777915846598
1383,29.407610555676065,588.1522111135213
1384,34.37945777846821,687.589155569364
1385,34.354635065270756,687.0927013054151
1386,34.32984817128427,686.5969634256853
1387,34.30509701903389,686.1019403806775
1388,34.28038153126801,685.6076306253601
1389,34.255701630957525,685.1140326191503
1390,34.23105724129496,684.6211448258991
1391,34.206448285693746,684.1289657138748
1392,34.18187468778736,683.637493755747
1393,34.15733637142857,683.1467274285712
1394,34.13283326068866,682.6566652137732
1395,34.10836527985663,682.1673055971326
1396,34.08393235343839,681.6786470687679
1397,34.05953440615605,681.1906881231208
1398,34.03517136294707,680.7034272589411
1399,34.010843148963545,680.2168629792708
1400,33.986549689571426,679.7309937914284
1401,33.96229091034975,679.245818206995
1402,33.93806673708987,678.7613347417972
1403,33.913877095794724,678.2775419158944
1404,33.88972191267806,677.7944382535611
1405,33.8656011141637,677.3120222832739
1406,33.84151462688478,676.8302925376955
1407,33.817462377683015,676.3492475536601
1408,33.793444293607955,675.8688858721589
1409,33.769460301916254,675.3892060383249
1410,33.74551033007092,674.9102066014183
1411,33.72159430574061,674.4318861148121
1412,33.697712156798865,673.9542431359771
1413,33.67386381132342,673.4772762264683
1414,33.65004919759547,673.0009839519093
1415,34.99310452212014,699.8620904424027
1416,34.968391877683615,699.3678375536723
1417,34.94371411347918,698.8742822695834
1418,34.91907115571227,698.3814231142453
1419,34.89446293079633,697.8892586159266
1420,34.86988936535211,697.3977873070422
1421,34.845350386206896,696.9070077241379
1422,34.83751961940928,696.7503923881854
1423,34.813037876879825,696.2607575375965
1424,34.78859051882022,695.7718103764043
1425,34.7641774728421,695.283549456842
1426,34.739798666760166,694.7959733352034
1427,34.715454028591445,694.3090805718289
1428,34.691143486554616,693.8228697310923
1429,34.666866969069275,693.3373393813855
1430,34.64262440475524,692.8524880951048
1431,34.61841572243186,692.3683144486373
1432,34.59424085111731,691.8848170223462
1433,34.57009972002791,691.4019944005581
1434,34.5459922585774,690.919845171548
1435,34.5219183963763,690.4383679275261
1436,34.49787806323119,689.9575612646239
1437,34.47387118914405,689.4774237828808
1438,34.44989770431154,688.9979540862307
1439,34.517521124947876,690.3504224989575
1440,34.493550624166666,689.8710124833333
1441,34.46961339264399,689.39226785288
1442,34.445709361165044,688.9141872233008
1443,34.42183846070686,688.4367692141371
1444,34.39800062243767,687.9600124487534
1445,34.37419577771626,687.4839155543252
1446,34.35042385809128,687.0084771618257
1447,34.32668479530062,686.5336959060123
1448,34.30297852127072,686.0595704254142
1449,34.27930496811594,685.5860993623188
1450,34.25566406813793,685.1132813627586
1451,34.232055753824945,684.641115076499
1452,34.20847995785124,684.1695991570247
1453,34.18493661307639,683.6987322615278
1454,34.1614256525447,683.228513050894
1455,34.137947009484535,682.7589401896906
1456,34.11450061730769,682.2900123461538
1457,34.091086409608785,681.8217281921756
1458,34.06770432016461,681.3540864032921
1459,37.31791951032671,746.3583902065341
1460,37.29235929148402,745.8471858296803
1461,37.266834062673965,745.3366812534792
1462,37.241343752097585,744.8268750419514
1463,37.2158882881522,744.3177657630438
1464,37.19046759943078,743.8093519886155
1465,37.165081614721274,743.3016322944254
1466,37.13973026300591,742.7946052601181
1467,37.11441347346057,742.2882694692113
1468,37.089131175454135,741.7826235090824
1469,37.063883298547765,741.2776659709551
1470,37.03866977249433,740.7733954498865
1471,37.01349052723771,740.269810544754
1472,36.98834549291214,739.7669098582426
1473,36.96323459984159,739.2646919968317
1474,36.93815777853912,738.7631555707823
1475,36.91311495970621,738.2622991941241
1476,36.888106074232155,737.7621214846431
1477,36.863131053193406,737.262621063868
1478,36.83818982785295,736.7637965570589
1479,36.81328232965968,736.2656465931934
1480,36.78840849024775,735.7681698049548
1481,36.76356824143597,735.2713648287192
1482,36.73876151522717,734.7752303045432
1483,36.7139882438076,734.2797648761518
1484,36.68924835954627,733.7849671909253
1485,36.664541794994385,733.2908358998876
1486,36.6398684828847,732.7973696576939
1487,36.61522835613091,732.3045671226181
1488,36.59062134782707,731.812426956541
1489,36.566047391246926,731.3209478249383
1490,36.54150641984341,730.8301283968678
1491,36.516998367247936,730.3399673449586
1492,36.49252316726989,729.8504633453974
1493,36.46808075389596,729.361615077919
1494,36.443671061289606,728.873421225792
1495,36.419294023790414,728.3858804758081
1496,36.39494957591355,727.8989915182708
1497,36.370637652349146,727.4127530469826
1498,36.346358187961734,726.9271637592344
1499,36.32211111778964,726.4422223557926
1500,36.297896377044445,725.9579275408888
1501,36.273713901110376,725.4742780222074
1502,36.24956362554372,724.9912725108742
1503,36.2254454860723,724.5089097214458
1504,36.20135941859486,724.0271883718971
1505,36.177305359180515,723.54610718361
1506,36.15328324406818,723.0656648813633
1507,36.12929300966601,722.5858601933198
1508,36.10533459255085,722.1066918510166
1509,36.081407929467645,721.6281585893527
1510,36.057512957328925,721.1502591465783
1511,36.03364961321421,720.6729922642841
1512,36.00981783436949,720.1963566873895
1513,35.986017558206655,719.7203511641329
1514,35.96224872230295,719.2449744460589
1515,35.93851126440045,718.7702252880086
1516,35.914805122405454,718.296102448109
1517,35.89113023438805,717.8226046877608
1518,35.867486538581474,717.3497307716292
1519,35.84387397338161,716.877479467632
1520,35.82029247734649,716.4058495469297
1521,35.7967419891957,715.934839783914
1522,35.7732224478099,715.4644489561978
1523,35.749733792230245,714.9946758446048
1524,35.72627596165792,714.5255192331582
1525,35.70284889545355,714.056977909071
1526,35.67945253313674,713.5890506627347
1527,35.6560868143855,713.12173628771
1528,35.63275167903578,712.6550335807153
1529,35.60944706708088,712.1889413416175
1530,35.586172918671025,711.7234583734204
1531,35.56292917411278,711.2585834822555
1532,35.53971577386858,710.7943154773715
1533,35.51653265855621,710.330653171124
1534,35.49337976894828,709.8675953789656
1535,35.47025704597177,709.4051409194353
1536,35.44716443070747,708.9432886141491
1537,35.424101864389506,708.4820372877899
1538,35.401069288404855,708.0213857680969
1539,35.37806664429283,707.5613328858565
1540,35.355093873744586,707.1018774748917
1541,35.332150918602636,706.6430183720526
1542,35.30923772086035,706.1847544172069
1543,35.28635422266148,705.7270844532295
1544,35.26350036629965,705.270007325993
1545,35.2406760942179,704.813521884358
1546,35.217881349008195,704.3576269801637
1547,35.1951160734109,703.9023214682179
1548,35.17238021031439,703.4476042062876
1549,35.14967370275446,702.9934740550892
1550,35.12699649391398,702.5399298782795
1551,35.10434852712228,702.0869705424456
1552,35.08172974585481,701.634594917096
1553,35.05914009373256,701.1828018746511
1554,35.03657951452166,700.7315902904331
1555,35.014047952132906,700.280959042658
1556,34.99154535062125,699.8309070124249
1557,34.9690716541854,699.3814330837077
1558,34.946626807167306,698.932536143346
1559,34.93224047393628,698.6448094787256
1560,34.90984801209402,698.1969602418802
1561,34.887484240145206,697.749684802904
1562,34.86514910298762,697.3029820597523
1563,34.842842545660055,696.856850913201
1564,34.82056451334186,696.4112902668371
1565,34.7983149513525,695.96629902705
1566,34.77609380515113,695.5218761030224
1567,34.7539010203361,695.0780204067219
1568,34.73173654264456,694.634730852891
1569,34.70960031795199,694.1920063590396
1570,34.68749229227176,693.7498458454352
1571,34.66541241175472,693.3082482350942
1572,34.64336062268872,692.8672124537742
1573,34.6213368714982,692.4267374299639
1574,34.59934110474375,691.9868220948749
1575,34.57737326912169,691.5474653824338
1576,34.555433311463624,691.1086662292722
1577,34.648727266243924,692.9745453248784
1578,34.62676989788762,692.5353979577523
1579,34.60484034127085,692.0968068254168
1580,34.5829385435865,691.6587708717299
1581,34.561064452161084,691.2212890432214
1582,34.53921801445428,690.7843602890854
1583,34.51739917805854,690.3479835611706
1584,34.49560789069866,689.912157813973
1585,34.47384410023134,689.4768820046266
1586,34.45210775464481,689.042155092896
1587,34.43039880205839,688.6079760411677
1588,34.408717190722086,688.1743438144415
1589,34.387062869016155,687.741257380323
1590,35.25366010406709,705.0732020813417
1591,35.23150192675467,704.6300385350931
1592,36.71256777564908,734.2513555129815
1593,36.689521593743464,733.7904318748692
1594,36.66650432800084,733.3300865600168
1595,36.64351592403344,732.8703184806687
1596,36.62055632758981,732.4111265517961
1597,36.59762548455437,731.9525096910874
1598,36.57472334094702,731.4944668189403
1599,36.641265449899244,732.8253089979848
1600,36.61836465899305,732.3672931798612
1601,36.59549247619543,731.9098495239086
1602,36.57264884793314,731.4529769586628
1603,36.54983372076662,730.9966744153323
1604,36.52704704138958,730.5409408277917
1605,36.50428875662859,730.0857751325719
1606,36.481558813442646,729.6311762688529
1607,36.45885715892277,729.1771431784554
1608,36.4361837402916,728.7236748058319
1609,36.413538504902974,728.2707700980595
1610,36.390921400241545,727.818428004831
1611,36.368332373922335,727.3666474784468
1612,36.345771373690376,726.9154274738075
1613,36.323238347420265,726.4647669484053
1614,36.30073324311579,726.014664862316
1615,37.99278542059168,759.8557084118336
1616,37.969275033573986,759.3855006714796
1617,37.945793725575484,758.9158745115096
1618,37.937755534150526,758.7551106830106
1619,37.91432270182554,758.2864540365109
1620,37.89091879892318,757.8183759784637
1621,37.867543771903485,757.3508754380698
1622,37.844197567358535,756.8839513471709
1623,37.82088013201204,756.4176026402411
1624,37.79759141271893,755.9518282543788
1625,37.774331356464955,755.4866271292992
1626,37.751099910366264,755.0219982073254
1627,37.72789702166905,754.5579404333812
1628,37.70472263774911,754.0944527549823
1629,37.68157670611145,753.6315341222291
1630,37.658459174389904,753.1691834877984
1631,37.635369990346746,752.7073998069351
1632,37.61230910187228,752.2461820374456
1633,37.589276456984415,751.7855291396884
1634,37.56627200382837,751.3254400765675
1635,37.54329569067618,750.8659138135237
1636,37.52034746592638,750.4069493185275
1637,37.49742727810358,749.9485455620716
1638,37.47453507585809,749.4907015171618
1639,37.45167080796556,749.0334161593113
1640,37.428834423326556,748.5766884665312
1641,37.40602587096621,748.1205174193242
1642,37.38324510003383,747.6649020006766
1643,37.36049205980253,747.2098411960507
1644,37.337766699668826,746.7553339933767
1645,37.315068969152314,746.3013793830463
1646,37.29239881789523,745.8479763579047
1647,37.26975619566215,745.395123913243
1648,37.247141052339536,744.9428210467908
1649,37.22455333793545,744.491066758709
1650,37.20199300257912,744.0398600515825
1651,37.17945999652063,743.5891999304125
1652,37.156954270130484,743.1390854026097
1653,37.134475773899304,742.6895154779862
1654,37.11485396266962,742.2970792533924
1655,37.092428069036586,741.8485613807318
1656,37.07002925981616,741.400585196323
1657,37.04765748597197,740.9531497194394
1658,37.02531269858598,740.5062539717195
1659,37.00299484885808,740.0598969771615
1660,36.98352316521419,739.6704633042838
1661,36.96125734753495,739.2251469506989
1662,36.93901832386014,738.7803664772027
1663,36.916806045854216,738.3361209170841
1664,36.89462046529781,737.8924093059562
1665,36.87246153408742,737.4492306817484
1666,36.850329204235024,737.0065840847004
1667,36.82822342786776,736.5644685573551
1668,36.80614415722755,736.122883144551
1669,36.78409134467079,735.6818268934159
1670,36.762064942668,735.2412988533599
1671,36.74006490380344,734.8012980760687
1672,36.718091180774856,734.361823615497
1673,36.69614372639304,733.9228745278607
1674,36.674222493581574,733.4844498716315
1675,36.65232743537645,733.046548707529
1676,36.63045850492575,732.6091700985149
1677,36.6086156554893,732.1723131097859
1678,36.586798840438355,731.735976808767
1679,36.565008013255245,731.3001602651049
1680,36.54324312753307,730.8648625506614
1681,36.521504136975345,730.4300827395068
1682,36.49979099539569,729.9958199079138
1683,36.4781036567175,729.5620731343499
1684,36.45644207497361,729.1288414994722
1685,36.434806204305964,728.6961240861193
1686,36.413195998965335,728.2639199793066
1687,36.39161141331094,727.8322282662187
1688,36.37005240181016,727.4010480362032
1689,36.34851891903822,726.9703783807644
1690,36.327010919677846,726.5402183935569
1691,36.82260963855707,736.4521927711413
1692,36.80084686690308,736.0169373380614
1693,36.77910980437094,735.5821960874188
1694,36.75739840543093,735.1479681086187
1695,36.73571262466077,734.7142524932154
1696,36.71405241674528,734.2810483349056
1697,36.69241773647614,733.8483547295226
1698,38.060016430467215,761.2003286093443
1699,38.0376150082009,760.752300164018
1700,38.01523994054902,760.3047988109804
1701,37.99289118103077,759.8578236206152
1702,37.97056868327458,759.4113736654915
1703,37.94827240101781,758.9654480203562
1704,37.92600228810642,758.5200457621283
1705,37.90375829849462,758.0751659698925
1706,37.88154038624463,757.6308077248924
1707,37.86634909134935,757.3269818269869
1708,37.844179097736145,756.8835819547228
1709,37.82203504911254,756.4407009822507
1710,37.79991689996101,755.9983379992202
1711,37.777824604870446,755.5564920974089
1712,37.75575811853582,755.1151623707165
1713,37.73371739575793,754.6743479151585
1714,37.71170239144302,754.2340478288603
1715,37.68971306060253,753.7942612120505
1716,37.66774935835276,753.354987167055
1717,37.64581123991458,752.9162247982915
1718,37.623898660613115,752.4779732122622
1719,37.60201157587745,752.0402315175489
1720,37.58014994124031,751.6029988248061
1721,37.558313712337785,751.1662742467556
1722,37.53650284490902,750.7300568981804
1723,37.5147172947959,750.2943458959179
1724,37.49295701794277,749.8591403588554
1725,37.47122197039614,749.4244394079227
1726,37.44951210830436,748.9902421660872
1727,37.42782738791739,748.5565477583477
1728,37.40616776558642,748.1233553117283
1729,37.38453319776364,747.6906639552727
1730,37.36292364100193,747.2584728200385
1731,37.341339051954556,746.826781039091
1732,37.3197793873749,746.395587747498
1733,37.29824460411618,745.9648920823234
1734,37.2767346591311,745.534693182622
1735,37.25524950947166,745.1049901894332
1736,37.23378911228879,744.6757822457756
1737,37.21235342483209,744.2470684966416
1738,37.19094240444956,743.8188480889911
1739,37.16955600858731,743.3911201717461
1740,37.14819419478927,742.9638838957854
1741,37.126856920696916,742.5371384139382
1742,37.105544144048984,742.1108828809796
1743,37.0842558226812,741.685116453624
1744,37.062991914525995,741.2598382905198
1745,37.04175237761223,740.8350475522445
1746,37.02053717006491,740.4107434012981
1747,36.99934625010494,739.9869250020987
1748,36.97817957604882,739.5635915209763
1749,36.95703710630837,739.1407421261673
1750,36.93591879939048,738.7183759878095
1751,36.91482461389682,738.2964922779363
1752,36.89375450852359,737.8750901704717
1753,36.87270844206123,737.4541688412245
1754,36.851686373394145,737.033727467883
1755,36.83068826150048,736.6137652300094
1756,36.809714065451786,736.1942813090355
1757,36.788763744412826,735.7752748882564
1758,36.76783725764126,735.3567451528252
1759,36.75238842082623,735.0477684165245
1760,36.73150638195076,734.6301276390151
1761,36.71064805918985,734.212961183797
1762,36.689813412164206,733.7962682432841
1763,36.66900240058612,733.3800480117224
1764,36.64821498425926,732.9642996851851
1765,36.62745112307837,732.5490224615675
1766,36.606710777029065,732.1342155405813
1767,36.58599390618751,731.7198781237502
1768,36.56530047072021,731.3060094144041
1769,36.544630430883736,730.8926086176747
1770,36.52398374702448,730.4796749404896
1771,36.68700427195558,733.7400854391115
1772,36.6663005449398,733.326010898796
1773,36.645620172382024,732.9124034476404
1774,36.624963114787676,732.4992622957534
1775,36.60432933275117,732.0865866550233
1776,36.58371878695571,731.6743757391139
1777,36.56313143817295,731.2626287634588
1778,36.54256724726284,730.8513449452566
1779,36.522026175173316,730.4405235034662
1780,36.50150818294007,730.0301636588014
1781,36.48101323168632,729.6202646337262
1782,36.46054128262252,729.2108256524502
1783,36.44009229704618,728.8018459409234
1784,36.419666236341556,728.393324726831
1785,36.39926306197946,727.985261239589
1786,36.37888273551698,727.5776547103395
1787,36.35852521859728,727.1705043719454
1788,36.33819047294929,726.7638094589856
1789,36.317878460387554,726.357569207751
1790,36.297589142811916,725.9517828562383
1791,36.27732248220733,725.5464496441465
1792,36.2570784406436,725.1415688128718
1793,36.23685698027514,724.7371396055028
1794,36.216658063340766,724.3331612668152
1795,36.19648165216341,723.9296330432683
1796,36.17632770914996,723.5265541829991
1797,36.156196196790944,723.1239239358188
1798,36.13608707766036,722.7217415532072
1799,36.116000314415416,722.3200062883082
1800,36.09593586979629,721.9187173959258
1801,36.07589370662595,721.5178741325187
1802,36.05587378780984,721.1174757561967
1803,36.03587607633573,720.7175215267146
1804,36.01590053527347,720.3180107054692
1805,35.9959471277747,719.9189425554939
1806,35.97601581707272,719.5203163414542
1807,35.9561065664822,719.1221313296438
1808,35.93621933939897,718.7243867879793
1809,35.916354099299795,718.3270819859958
1810,35.896510809742175,717.9302161948434
1811,35.87668943436407,717.5337886872812
1812,35.85688993688374,717.1377987376746
1813,35.837112281099465,716.7422456219892
1814,35.817356430889376,716.3471286177875
1815,35.7976223502112,715.9524470042239
1816,35.77791000310206,715.5582000620409
1817,35.75821935367822,715.1643870735643
1818,35.738550366134945,714.7710073226988
1819,35.718903004746196,714.3780600949239
1820,35.69927723386447,713.9855446772892
1821,35.67967301792056,713.593460358411
1822,35.66009032142335,713.2018064284667
1823,35.64052910895959,712.8105821791917
1824,35.62098934519371,712.4197869038742
1825,35.60147099486758,712.0294198973515
1826,35.581974022800296,711.6394804560057
1827,35.566738496059116,711.3347699211822
1828,35.54728185574398,710.9456371148796
1829,35.53309161596501,710.6618323193001
1830,35.51367462601093,710.2734925202185
1831,35.494278845221196,709.8855769044237
1832,35.47490423886463,709.4980847772924
1833,35.455550772285875,709.1110154457173
1834,35.43621841090513,708.7243682181024
1835,35.416907120217985,708.3381424043596
1836,35.39761686579521,707.9523373159041
1837,35.37834761328253,707.5669522656505
1838,35.768862658106634,715.3772531621327
1839,35.74941248809135,714.988249761827
1840,35.72998345956521,714.5996691913043
1841,35.71057553807713,714.2115107615425
1842,35.69118868925081,713.8237737850161
1843,35.67182287878459,713.4364575756917
1844,35.65247807245119,713.0495614490238
1845,35.63315423609756,712.6630847219511
1846,35.61385133564463,712.2770267128926
1847,35.594569337087165,711.8913867417432
1848,35.5753082064935,711.5061641298701
1849,35.5560679100054,711.121358200108
1850,35.53684841383784,710.7369682767567
1851,35.517649684278766,710.3529936855753
1852,35.49847168768898,709.9694337537795
1853,35.479314390501884,709.5862878100377
1854,35.4601777592233,709.2035551844659
1855,35.44106176043126,708.8212352086252
1856,35.42196636077586,708.4393272155171
1857,35.402891526979,708.0578305395799
1858,35.38383722583423,707.6767445166845
1859,35.364803424206556,707.2960684841312
1860,35.35919869118279,707.1839738236558
1861,35.34019858441698,706.8039716883395
1862,35.321218885929106,706.424377718582
1863,35.30225956285561,706.0451912571122
1864,35.283320582403434,705.6664116480686
1865,35.264401911849866,705.2880382369973
1866,35.245503518542336,704.9100703708466
1867,35.22662536989823,704.5325073979645
1868,35.20776743340471,704.1553486680941
1869,35.188929676618514,703.7785935323702
1870,35.170112067165775,703.4022413433155
1871,35.151314572741846,703.0262914548368
1872,35.13253716111111,702.6507432222221
1873,35.11377980010678,702.2755960021356
1874,35.09504245763073,701.9008491526147
1875,35.07632510165333,701.5265020330667
1876,35.05762770021322,701.1525540042643
1877,35.03895022141715,700.779004428343
1878,35.02029263343983,700.4058526687965
1879,35.00165490452368,700.0330980904736
1880,34.98303700297872,699.6607400595744
1881,34.96443889718235,699.2887779436469
1882,34.945860555579166,698.9172111115834
1883,34.92730194668083,698.5460389336165
1884,34.90876303906582,698.1752607813163
1885,34.890243801379306,697.8048760275861
1886,34.87174420233298,697.4348840466595
1887,34.85326421070482,697.0652842140963
1888,34.83480379533898,696.6960759067796
1889,34.816362925145576,696.3272585029115
1890,34.79794156910053,695.9588313820105
1891,34.77953969624537,695.5907939249073
1892,34.761157275687104,695.223145513742
1893,34.74279427659799,694.8558855319598
1894,34.72445066821542,694.4890133643083
1895,34.70612641984169,694.1225283968338
1896,34.68782150084388,693.7564300168775
1897,34.66953588065366,693.3907176130732
1898,34.65126952876712,693.0253905753424
1899,34.633670124065304,692.673402481306
1900,34.615441876631586,692.3088375326316
1901,34.5972328067333,691.9446561346659
1902,34.57904288412198,691.5808576824395
1903,34.56087207861272,691.2174415722544
1904,34.54272036008404,690.8544072016807
1905,34.524587698477696,690.4917539695539
1906,34.506474063798535,690.1294812759706
1907,34.48837942611432,689.7675885222864
1908,34.47030375555556,689.4060751111111
1909,34.452247022315355,689.044940446307
1910,34.43420919664922,688.6841839329844
1911,34.41619024887494,688.3238049774986
1912,34.39819014937239,687.9638029874477
1913,34.38020886858338,687.6041773716676
1914,34.362246377011495,687.2449275402299
1915,34.34430264522194,686.8860529044387
1916,34.32637764384134,686.5275528768267
1917,34.30847134355765,686.1694268711528
1918,34.29058371511992,685.8116743023984
1919,34.2727147293382,685.454294586764
1920,34.25486435708333,685.0972871416667
1921,34.6369770426861,692.7395408537221
1922,34.618955722684696,692.3791144536942
1923,34.60095314560582,692.0190629121166
1924,34.582969282224525,691.6593856444908
1925,34.565004103376616,691.3000820675327
1926,34.547057579958455,690.9411515991694
1927,34.52912968292682,690.5825936585367
1928,34.51122038329875,690.2244076659753
1929,34.49332965215137,689.8665930430276
1930,34.475457460621755,689.5091492124354
1931,34.457603779906776,689.1520755981358
1932,35.35432517203243,707.0865034406488
1933,35.336035298689424,706.7207059737887
1934,35.31776433938296,706.3552867876596
1935,35.299512264788966,705.9902452957797
1936,35.281279045643934,705.6255809128788
1937,35.26306465274479,705.261293054896
1938,35.24486905694874,704.897381138975
1939,35.2266922291731,704.5338445834624
1940,35.20853414039518,704.170682807904
1941,35.190394761652065,703.8078952330414
1942,35.1722740640405,703.4454812808102
1943,35.15417201871676,703.0834403743353
1944,35.13608859689643,702.7217719379288
1945,35.11802376985432,702.3604753970867
1946,35.09997750892428,701.9995501784858
1947,35.08194978549905,701.6389957099813
1948,35.06394057103011,701.2788114206024
1949,35.04594983702753,700.9189967405508
1950,35.02797755505982,700.5595511011967
1951,35.01002369675379,700.200473935076
1952,34.9920882337944,699.841764675888
1953,34.974171137924564,699.4834227584913
1954,34.95627238094507,699.1254476189015
1955,34.93839193471441,698.7678386942883
1956,34.9205297711486,698.4105954229722
1957,34.902685862221084,698.0537172444218
1958,34.884860179962544,697.697203599251
1959,34.86705269646078,697.3410539292157
1960,34.849263383860546,696.985267677211
1961,34.83149221436342,696.6298442872685
1962,34.81373916022766,696.2747832045533
1963,34.79600419376804,695.920083875361
1964,34.77828728735574,695.5657457471149
1965,34.76058841341815,695.2117682683631
1966,34.74290754443879,694.858150888776
1967,34.72524465295712,694.5048930591427
1968,34.70759971156843,694.1519942313687
1969,34.689972692923654,693.7994538584732
1970,34.67236356972927,693.4472713945856
1971,34.65477231474717,693.0954462949434
1972,34.63719890079446,692.7439780158892
1973,34.61964330074337,692.3928660148675
1974,34.60210548752111,692.0421097504222
1975,34.584585434109705,691.6917086821942
1976,35.18337275592105,703.6674551184211
1977,35.1655764115832,703.3115282316642
1978,35.14779806152679,702.955961230536
1979,35.130037678473975,702.6007535694796
1980,35.11229523520202,702.2459047040405
1981,35.09457070454316,701.8914140908632
1982,35.07686405938446,701.5372811876892
1983,35.05917527266767,701.1835054533536
1984,35.04150431738911,700.8300863477824
1985,35.02385116659949,700.47702333199
1986,35.006215793403825,700.1243158680766
1987,34.98859817096125,699.771963419225
1988,34.970998272484906,699.4199654496982
1989,34.953416071241826,699.0683214248367
1990,34.93585154055276,698.7170308110555
1991,34.91830465379206,698.3660930758414
1992,34.90077538438755,698.0155076877511
1993,35.149940407609975,702.9988081521992
1994,35.13231255384487,702.6462510768973
1995,35.11470237211362,702.2940474422722
1996,35.09710983585505,701.9421967171007
1997,35.07953491856118,701.5906983712234
1998,35.061977593777115,701.2395518755421
1999,35.04443783510089,700.8887567020176
2000,35.02691561618334,700.5383123236666
