hour,timestamp,grid_fault,renewable_bus_fault,compound_extreme,weather_risk,weather_stress,core_kw,rigid_kw,flex_kw,renewable_kw,diesel_kw,gfm_power_kw,battery_discharge_kw,ups_discharge_kw,ups_charge_kw,battery_kwh,ups_kwh,core_shed_kw,rigid_shed_kw,flex_adjusted_kw,diesel_online,pcs_available_kw,ups_available,ups_reserve_target_kwh
0,2026-01-01 00:00:00+08:00,0,0,0,0,0,33.411546361038496,137.7143179587502,53.02538704020686,0.0,0.0,0.0,0.0,0.0,61.224489795918366,0.0,360.0,0.0,0.0,0.0,0,0.0,1,360.0
1,2026-01-01 01:00:00+08:00,0,0,0,0,0,33.92019954389802,135.90410370068443,51.323250126692386,0.0,0.0,0.0,0.0,0.0,0.0,0.0,360.0,0.0,0.0,0.0,0,0.0,1,360.0
2,2026-01-01 02:00:00+08:00,0,0,0,0,0,35.72660753742023,134.51887182322048,49.72550594851936,0.0,0.0,0.0,0.0,0.0,0.0,0.0,360.0,0.0,0.0,0.0,0,0.0,1,360.0
3,2026-01-01 03:00:00+08:00,0,0,0,0,0,36.595312265310376,141.08331155465075,50.961698063272436,0.0,0.0,0.0,0.0,0.0,0.0,0.0,360.0,0.0,0.0,0.0,0,0.0,1,360.0
4,2026-01-01 04:00:00+08:00,0,0,0,0,0,35.22353664701472,136.82816239560876,51.590757808900136,0.0,0.0,0.0,0.0,0.0,0.0,0.0,360.0,0.0,0.0,0.0,0,0.0,1,360.0
5,2026-01-01 05:00:00+08:00,0,0,0,0,0,36.26241093196051,141.91864598636406,51.45627309288551,0.0,0.0,0.0,0.0,0.0,0.0,0.0,360.0,0.0,0.0,0.0,0,0.0,1,360.0
6,2026-01-01 06:00:00+08:00,0,0,0,0,0,35.50501855791822,146.95566907331946,54.41494632228767,0.0,0.0,0.0,0.0,0.0,0.0,0.0,360.0,0.0,0.0,0.0,0,0.0,1,360.0
7,2026-01-01 07:00:00+08:00,0,0,0,0,0,37.70229487090549,146.09901761447645,57.69720573378853,0.0,0.0,0.0,0.0,0.0,0.0,0.0,360.0,0.0,0.0,0.0,0,0.0,1,360.0
8,2026-01-01 08:00:00+08:00,0,0,0,0,0,37.95648853941104,150.54724165446603,60.06629067422036,0.0,0.0,0.0,0.0,0.0,0.0,0.0,360.0,0.0,0.0,0.0,0,0.0,1,360.0
9,2026-01-01 09:00:00+08:00,0,0,0,0,0,38.57871372412155,153.63258374000128,62.53003073559883,0.0,0.0,0.0,0.0,0.0,0.0,0.0,360.0,0.0,0.0,0.0,0,0.0,1,360.0
10,2026-01-01 10:00:00+08:00,0,0,0,0,0,37.47160819965532,154.1174535105384,63.2536381510695,0.0,0.0,0.0,0.0,0.0,0.0,0.0,360.0,0.0,0.0,0.0,0,0.0,1,360.0
11,2026-01-01 11:00:00+08:00,0,0,0,0,0,38.5520189562758,159.74447558767278,63.93485607672456,0.0,0.0,0.0,0.0,0.0,0.0,0.0,360.0,0.0,0.0,0.0,0,0.0,1,360.0
12,2026-01-01 12:00:00+08:00,0,0,0,0,0,35.26345131606399,158.39694496981704,65.7392225285474,0.0,0.0,0.0,0.0,0.0,0.0,0.0,360.0,0.0,0.0,0.0,0,0.0,1,360.0
13,2026-01-01 13:00:00+08:00,0,0,0,0,0,35.684026713554964,160.84089711460646,68.42589035762312,0.0,0.0,0.0,0.0,0.0,0.0,0.0,360.0,0.0,0.0,0.0,0,0.0,1,360.0
14,2026-01-01 14:00:00+08:00,0,0,0,0,0,35.76916992418019,158.69135602356582,65.94630115270442,0.0,0.0,0.0,0.0,0.0,0.0,0.0,360.0,0.0,0.0,0.0,0,0.0,1,360.0
15,2026-01-01 15:00:00+08:00,0,0,0,0,0,34.956323296968215,152.95948743457402,66.32792020668225,0.0,0.0,0.0,0.0,0.0,0.0,0.0,360.0,0.0,0.0,0.0,0,0.0,1,360.0
16,2026-01-01 16:00:00+08:00,0,0,0,0,0,34.32801244494297,155.59179834067848,66.9026656634515,0.0,0.0,0.0,0.0,0.0,0.0,0.0,360.0,0.0,0.0,0.0,0,0.0,1,360.0
17,2026-01-01 17:00:00+08:00,0,0,0,0,0,34.070083916742824,150.10897803728653,66.64335338006205,0.0,0.0,0.0,0.0,0.0,0.0,0.0,360.0,0.0,0.0,0.0,0,0.0,1,360.0
18,2026-01-01 18:00:00+08:00,0,0,0,0,0,32.386985533931885,150.54759563903258,64.01681633177637,0.0,0.0,0.0,0.0,0.0,0.0,0.0,360.0,0.0,0.0,0.0,0,0.0,1,360.0
19,2026-01-01 19:00:00+08:00,0,0,0,0,0,35.53210242920018,149.4755877141523,59.98886156310617,0.0,0.0,0.0,0.0,0.0,0.0,0.0,360.0,0.0,0.0,0.0,0,0.0,1,360.0
20,2026-01-01 20:00:00+08:00,0,0,0,0,0,32.773681392566786,146.67931742905662,59.592657978955,0.0,0.0,0.0,0.0,0.0,0.0,0.0,360.0,0.0,0.0,0.0,0,0.0,1,360.0
21,2026-01-01 21:00:00+08:00,0,0,0,0,0,32.834027765927544,146.67480710492285,57.69359904993617,0.0,0.0,0.0,0.0,0.0,0.0,0.0,360.0,0.0,0.0,0.0,0,0.0,1,360.0
22,2026-01-01 22:00:00+08:00,0,0,0,0,0,33.77838813498241,142.47237422983792,52.693358241727864,0.0,0.0,0.0,0.0,0.0,0.0,0.0,360.0,0.0,0.0,0.0,0,0.0,1,360.0
23,2026-01-01 23:00:00+08:00,0,0,0,0,0,32.789376552705065,137.99474359451006,53.24823849680375,0.0,0.0,0.0,0.0,0.0,0.0,0.0,360.0,0.0,0.0,0.0,0,0.0,1,360.0
24,2026-01-02 00:00:00+08:00,0,0,0,0,0,34.55980176309638,141.3460675162774,49.54773153714612,0.0,0.0,0.0,0.0,0.0,0.0,0.0,360.0,0.0,0.0,0.0,0,0.0,1,360.0
25,2026-01-02 01:00:00+08:00,0,0,0,0,0,35.43541075126437,134.94397018248546,50.65239832699591,0.0,0.0,0.0,0.0,0.0,0.0,0.0,360.0,0.0,0.0,0.0,0,0.0,1,360.0
26,2026-01-02 02:00:00+08:00,0,0,0,0,0,34.21816956541187,142.04039210407944,52.238836915435016,0.0,0.0,0.0,0.0,0.0,0.0,0.0,360.0,0.0,0.0,0.0,0,0.0,1,360.0
27,2026-01-02 03:00:00+08:00,0,0,0,0,0,34.892861496852944,139.176933069137,51.9861939319431,0.0,0.0,0.0,0.0,0.0,0.0,0.0,360.0,0.0,0.0,0.0,0,0.0,1,360.0
28,2026-01-02 04:00:00+08:00,0,0,0,0,0,34.894001854539695,135.31580109391402,53.54774750548614,0.0,0.0,0.0,0.0,0.0,0.0,0.0,360.0,0.0,0.0,0.0,0,0.0,1,360.0
29,2026-01-02 05:00:00+08:00,0,0,0,0,0,35.66514424594966,137.7252887857619,54.24261939833184,0.0,0.0,0.0,0.0,0.0,0.0,0.0,360.0,0.0,0.0,0.0,0,0.0,1,360.0
30,2026-01-02 06:00:00+08:00,0,0,0,0,0,35.780446926339856,148.43741689634703,56.22131901163067,0.0,0.0,0.0,0.0,0.0,0.0,0.0,360.0,0.0,0.0,0.0,0,0.0,1,360.0
31,2026-01-02 07:00:00+08:00,0,0,0,0,0,37.79405625664713,147.0916474162167,57.71626862354382,0.0,0.0,0.0,0.0,0.0,0.0,0.0,360.0,0.0,0.0,0.0,0,0.0,1,360.0
32,2026-01-02 08:00:00+08:00,0,0,0,0,0,38.080435781430964,146.86395262257184,58.446558909215256,0.0,0.0,0.0,0.0,0.0,0.0,0.0,360.0,0.0,0.0,0.0,0,0.0,1,360.0
33,2026-01-02 09:00:00+08:00,0,0,0,0,0,38.06004830848629,150.06273371409276,59.712711748954234,0.0,0.0,0.0,0.0,0.0,0.0,0.0,360.0,0.0,0.0,0.0,0,0.0,1,360.0
34,2026-01-02 10:00:00+08:00,0,0,0,0,0,37.10208064342407,156.6825243935926,58.83699359735007,0.0,0.0,0.0,0.0,0.0,0.0,0.0,360.0,0.0,0.0,0.0,0,0.0,1,360.0
35,2026-01-02 11:00:00+08:00,0,0,0,0,0,36.51645936349417,158.6226172318958,66.31767150331065,0.0,0.0,0.0,0.0,0.0,0.0,0.0,360.0,0.0,0.0,0.0,0,0.0,1,360.0
36,2026-01-02 12:00:00+08:00,0,0,0,0,0,36.76141208788253,158.75850036619482,67.97435079145515,0.0,0.0,0.0,0.0,0.0,0.0,0.0,360.0,0.0,0.0,0.0,0,0.0,1,360.0
37,2026-01-02 13:00:00+08:00,0,0,0,0,0,36.58920797273794,159.9455029730288,66.41166097470159,0.0,0.0,0.0,0.0,0.0,0.0,0.0,360.0,0.0,0.0,0.0,0,0.0,1,360.0
38,2026-01-02 14:00:00+08:00,0,0,0,0,0,34.94542834351453,159.71376032278684,69.15116125940348,0.0,0.0,0.0,0.0,0.0,0.0,0.0,360.0,0.0,0.0,0.0,0,0.0,1,360.0
39,2026-01-02 15:00:00+08:00,0,0,0,0,0,36.235524914153984,157.20701061737068,67.86463788815706,0.0,0.0,0.0,0.0,0.0,0.0,0.0,360.0,0.0,0.0,0.0,0,0.0,1,360.0
40,2026-01-02 16:00:00+08:00,0,0,0,0,0,35.08189770089425,153.11261984790104,68.76480615016868,0.0,0.0,0.0,0.0,0.0,0.0,0.0,360.0,0.0,0.0,0.0,0,0.0,1,360.0
41,2026-01-02 17:00:00+08:00,0,0,0,0,0,35.264583264865806,158.28030237379235,65.03157741393254,0.0,0.0,0.0,0.0,0.0,0.0,0.0,360.0,0.0,0.0,0.0,0,0.0,1,360.0
42,2026-01-02 18:00:00+08:00,0,0,0,0,0,34.166376470771525,152.4041445981811,62.886119568162215,0.0,0.0,0.0,0.0,0.0,0.0,0.0,360.0,0.0,0.0,0.0,0,0.0,1,360.0
43,2026-01-02 19:00:00+08:00,0,0,0,0,0,34.32489849064504,149.39466671291163,62.301725648718865,0.0,0.0,0.0,0.0,0.0,0.0,0.0,360.0,0.0,0.0,0.0,0,0.0,1,360.0
44,2026-01-02 20:00:00+08:00,0,0,0,0,0,33.963023783374574,142.08110847505782,59.973522261279825,0.0,0.0,0.0,0.0,0.0,0.0,0.0,360.0,0.0,0.0,0.0,0,0.0,1,360.0
45,2026-01-02 21:00:00+08:00,0,0,0,0,0,33.126759768724334,145.26089938176756,55.339830089218985,0.0,0.0,0.0,0.0,0.0,0.0,0.0,360.0,0.0,0.0,0.0,0,0.0,1,360.0
46,2026-01-02 22:00:00+08:00,0,0,0,0,0,33.302108132276295,139.09028762626974,53.63623316745802,0.0,0.0,0.0,0.0,0.0,0.0,0.0,360.0,0.0,0.0,0.0,0,0.0,1,360.0
47,2026-01-02 23:00:00+08:00,0,0,0,0,0,33.78856133043819,142.90118487032984,53.831951196732916,0.0,0.0,0.0,0.0,0.0,0.0,0.0,360.0,0.0,0.0,0.0,0,0.0,1,360.0
