units,policy,status,feasible,complete,risk,investment_cost_yuan,expected_operating_cost_yuan,objective_yuan,scenarios_completed
"{""wind"": 5, ""pv"": 2, ""diesel"": 4, ""battery_energy"": 20, ""pcs"": 4}",load_first_three_online,evaluated,True,True,"{""eens_kwh"": 92.42919917083333, ""cvar_kwh"": 900.1166311777777, ""var_kwh"": 900.1166311777777, ""positive_loss_fraction"": 0.125, ""tail_effective_scenarios"": 0.8000000000000007, ""zero_var_cvar_identity"": false, ""samples"": 16}",1115000.0,3652190.4390886254,4767190.439088626,16
"{""wind"": 5, ""pv"": 2, ""diesel"": 4, ""battery_energy"": 20, ""pcs"": 4}",heat_first_four_online,evaluated,True,True,"{""eens_kwh"": 69.99847222222223, ""cvar_kwh"": 622.373888888889, ""var_kwh"": 622.373888888889, ""positive_loss_fraction"": 0.125, ""tail_effective_scenarios"": 0.8000000000000007, ""zero_var_cvar_identity"": false, ""samples"": 16}",1115000.0,3903280.5212589134,5018280.521258913,16
"{""wind"": 5, ""pv"": 2, ""diesel"": 4, ""battery_energy"": 20, ""pcs"": 6}",load_first_three_online,evaluated,True,True,"{""eens_kwh"": 92.42919917083333, ""cvar_kwh"": 900.1166311777777, ""var_kwh"": 900.1166311777777, ""positive_loss_fraction"": 0.125, ""tail_effective_scenarios"": 0.8000000000000007, ""zero_var_cvar_identity"": false, ""samples"": 16}",1135833.3333333335,3652190.4390886254,4788023.772421959,16
"{""wind"": 5, ""pv"": 2, ""diesel"": 4, ""battery_energy"": 20, ""pcs"": 6}",heat_first_four_online,evaluated,True,True,"{""eens_kwh"": 69.99847222222223, ""cvar_kwh"": 622.373888888889, ""var_kwh"": 622.373888888889, ""positive_loss_fraction"": 0.125, ""tail_effective_scenarios"": 0.8000000000000007, ""zero_var_cvar_identity"": false, ""samples"": 16}",1135833.3333333335,3903280.5212589134,5039113.854592247,16
"{""wind"": 5, ""pv"": 3, ""diesel"": 4, ""battery_energy"": 20, ""pcs"": 4}",load_first_three_online,evaluated,True,True,"{""eens_kwh"": 92.33076167083334, ""cvar_kwh"": 898.5416311777777, ""var_kwh"": 898.5416311777777, ""positive_loss_fraction"": 0.125, ""tail_effective_scenarios"": 0.8000000000000007, ""zero_var_cvar_identity"": false, ""samples"": 16}",1160000.0,3491729.8935411465,4651729.893541146,16
"{""wind"": 5, ""pv"": 3, ""diesel"": 4, ""battery_energy"": 20, ""pcs"": 4}",heat_first_four_online,evaluated,True,True,"{""eens_kwh"": 69.90440972222223, ""cvar_kwh"": 620.868888888889, ""var_kwh"": 620.868888888889, ""positive_loss_fraction"": 0.125, ""tail_effective_scenarios"": 0.8000000000000007, ""zero_var_cvar_identity"": false, ""samples"": 16}",1160000.0,3770944.447303784,4930944.447303784,16
"{""wind"": 5, ""pv"": 2, ""diesel"": 5, ""battery_energy"": 20, ""pcs"": 4}",load_first_three_online,evaluated,True,True,"{""eens_kwh"": 63.26142361527778, ""cvar_kwh"": 943.0777778444444, ""var_kwh"": 943.0777778444444, ""positive_loss_fraction"": 0.125, ""tail_effective_scenarios"": 0.8000000000000007, ""zero_var_cvar_identity"": false, ""samples"": 16}",1165000.0,3671390.6331330924,4836390.633133093,16
"{""wind"": 5, ""pv"": 2, ""diesel"": 5, ""battery_energy"": 20, ""pcs"": 4}",heat_first_four_online,evaluated,True,True,"{""eens_kwh"": 0.0, ""cvar_kwh"": 0.0, ""var_kwh"": 0.0, ""positive_loss_fraction"": 0.0, ""tail_effective_scenarios"": 0.8000000000000007, ""zero_var_cvar_identity"": true, ""samples"": 16}",1165000.0,3957951.6768209604,5122951.67682096,16
"{""wind"": 5, ""pv"": 3, ""diesel"": 4, ""battery_energy"": 20, ""pcs"": 6}",load_first_three_online,evaluated,True,True,"{""eens_kwh"": 92.33076167083334, ""cvar_kwh"": 898.5416311777777, ""var_kwh"": 898.5416311777777, ""positive_loss_fraction"": 0.125, ""tail_effective_scenarios"": 0.8000000000000007, ""zero_var_cvar_identity"": false, ""samples"": 16}",1180833.3333333335,3491729.8935411465,4672563.22687448,16
"{""wind"": 5, ""pv"": 3, ""diesel"": 4, ""battery_energy"": 20, ""pcs"": 6}",heat_first_four_online,evaluated,True,True,"{""eens_kwh"": 69.90440972222223, ""cvar_kwh"": 620.868888888889, ""var_kwh"": 620.868888888889, ""positive_loss_fraction"": 0.125, ""tail_effective_scenarios"": 0.8000000000000007, ""zero_var_cvar_identity"": false, ""samples"": 16}",1180833.3333333335,3770944.447303784,4951777.780637117,16
"{""wind"": 5, ""pv"": 2, ""diesel"": 5, ""battery_energy"": 20, ""pcs"": 6}",load_first_three_online,evaluated,True,True,"{""eens_kwh"": 63.26142361527778, ""cvar_kwh"": 943.0777778444444, ""var_kwh"": 943.0777778444444, ""positive_loss_fraction"": 0.125, ""tail_effective_scenarios"": 0.8000000000000007, ""zero_var_cvar_identity"": false, ""samples"": 16}",1185833.3333333335,3671390.6331330924,4857223.966466426,16
"{""wind"": 5, ""pv"": 2, ""diesel"": 5, ""battery_energy"": 20, ""pcs"": 6}",heat_first_four_online,evaluated,True,True,"{""eens_kwh"": 0.0, ""cvar_kwh"": 0.0, ""var_kwh"": 0.0, ""positive_loss_fraction"": 0.0, ""tail_effective_scenarios"": 0.8000000000000007, ""zero_var_cvar_identity"": true, ""samples"": 16}",1185833.3333333335,3957951.6768209604,5143785.010154294,16
"{""wind"": 5, ""pv"": 3, ""diesel"": 5, ""battery_energy"": 20, ""pcs"": 4}",load_first_three_online,evaluated,True,True,"{""eens_kwh"": 63.21767361527779, ""cvar_kwh"": 942.9377778444444, ""var_kwh"": 942.9377778444444, ""positive_loss_fraction"": 0.125, ""tail_effective_scenarios"": 0.8000000000000007, ""zero_var_cvar_identity"": false, ""samples"": 16}",1210000.0,3510362.819760053,4720362.8197600525,16
"{""wind"": 5, ""pv"": 3, ""diesel"": 5, ""battery_energy"": 20, ""pcs"": 4}",heat_first_four_online,evaluated,True,True,"{""eens_kwh"": 0.0, ""cvar_kwh"": 0.0, ""var_kwh"": 0.0, ""positive_loss_fraction"": 0.0, ""tail_effective_scenarios"": 0.8000000000000007, ""zero_var_cvar_identity"": true, ""samples"": 16}",1210000.0,3827026.5794725744,5037026.579472574,16
"{""wind"": 5, ""pv"": 2, ""diesel"": 6, ""battery_energy"": 20, ""pcs"": 4}",load_first_three_online,evaluated,True,True,"{""eens_kwh"": 64.15392361527776, ""cvar_kwh"": 943.0777778444444, ""var_kwh"": 943.0777778444444, ""positive_loss_fraction"": 0.125, ""tail_effective_scenarios"": 0.8000000000000007, ""zero_var_cvar_identity"": false, ""samples"": 16}",1215000.0,3673697.8441527695,4888697.844152769,16
"{""wind"": 5, ""pv"": 2, ""diesel"": 6, ""battery_energy"": 20, ""pcs"": 4}",heat_first_four_online,evaluated,True,True,"{""eens_kwh"": 0.0, ""cvar_kwh"": 0.0, ""var_kwh"": 0.0, ""positive_loss_fraction"": 0.0, ""tail_effective_scenarios"": 0.8000000000000007, ""zero_var_cvar_identity"": true, ""samples"": 16}",1215000.0,3975829.1403388125,5190829.140338812,16
"{""wind"": 5, ""pv"": 3, ""diesel"": 5, ""battery_energy"": 20, ""pcs"": 6}",load_first_three_online,evaluated,True,True,"{""eens_kwh"": 63.21767361527779, ""cvar_kwh"": 942.9377778444444, ""var_kwh"": 942.9377778444444, ""positive_loss_fraction"": 0.125, ""tail_effective_scenarios"": 0.8000000000000007, ""zero_var_cvar_identity"": false, ""samples"": 16}",1230833.3333333335,3510362.819760053,4741196.153093386,16
"{""wind"": 5, ""pv"": 3, ""diesel"": 5, ""battery_energy"": 20, ""pcs"": 6}",heat_first_four_online,evaluated,True,True,"{""eens_kwh"": 0.0, ""cvar_kwh"": 0.0, ""var_kwh"": 0.0, ""positive_loss_fraction"": 0.0, ""tail_effective_scenarios"": 0.8000000000000007, ""zero_var_cvar_identity"": true, ""samples"": 16}",1230833.3333333335,3827026.5794725744,5057859.912805907,16
"{""wind"": 5, ""pv"": 2, ""diesel"": 6, ""battery_energy"": 20, ""pcs"": 6}",load_first_three_online,evaluated,True,True,"{""eens_kwh"": 64.15392361527776, ""cvar_kwh"": 943.0777778444444, ""var_kwh"": 943.0777778444444, ""positive_loss_fraction"": 0.125, ""tail_effective_scenarios"": 0.8000000000000007, ""zero_var_cvar_identity"": false, ""samples"": 16}",1235833.3333333335,3673697.8441527695,4909531.177486103,16
"{""wind"": 5, ""pv"": 2, ""diesel"": 6, ""battery_energy"": 20, ""pcs"": 6}",heat_first_four_online,evaluated,True,True,"{""eens_kwh"": 0.0, ""cvar_kwh"": 0.0, ""var_kwh"": 0.0, ""positive_loss_fraction"": 0.0, ""tail_effective_scenarios"": 0.8000000000000007, ""zero_var_cvar_identity"": true, ""samples"": 16}",1235833.3333333335,3975829.1403388125,5211662.473672146,16
"{""wind"": 5, ""pv"": 3, ""diesel"": 6, ""battery_energy"": 20, ""pcs"": 4}",load_first_three_online,evaluated,True,True,"{""eens_kwh"": 64.11017361527777, ""cvar_kwh"": 942.9377778444444, ""var_kwh"": 942.9377778444444, ""positive_loss_fraction"": 0.125, ""tail_effective_scenarios"": 0.8000000000000007, ""zero_var_cvar_identity"": false, ""samples"": 16}",1260000.0,3512581.6988399597,4772581.69883996,16
"{""wind"": 5, ""pv"": 3, ""diesel"": 6, ""battery_energy"": 20, ""pcs"": 4}",heat_first_four_online,evaluated,True,True,"{""eens_kwh"": 0.0, ""cvar_kwh"": 0.0, ""var_kwh"": 0.0, ""positive_loss_fraction"": 0.0, ""tail_effective_scenarios"": 0.8000000000000007, ""zero_var_cvar_identity"": true, ""samples"": 16}",1260000.0,3844450.733675593,5104450.7336755935,16
"{""wind"": 5, ""pv"": 3, ""diesel"": 6, ""battery_energy"": 20, ""pcs"": 6}",load_first_three_online,evaluated,True,True,"{""eens_kwh"": 64.11017361527777, ""cvar_kwh"": 942.9377778444444, ""var_kwh"": 942.9377778444444, ""positive_loss_fraction"": 0.125, ""tail_effective_scenarios"": 0.8000000000000007, ""zero_var_cvar_identity"": false, ""samples"": 16}",1280833.3333333335,3512581.6988399597,4793415.032173293,16
"{""wind"": 5, ""pv"": 3, ""diesel"": 6, ""battery_energy"": 20, ""pcs"": 6}",heat_first_four_online,evaluated,True,True,"{""eens_kwh"": 0.0, ""cvar_kwh"": 0.0, ""var_kwh"": 0.0, ""positive_loss_fraction"": 0.0, ""tail_effective_scenarios"": 0.8000000000000007, ""zero_var_cvar_identity"": true, ""samples"": 16}",1280833.3333333335,3844450.733675593,5125284.0670089265,16
"{""wind"": 7, ""pv"": 2, ""diesel"": 4, ""battery_energy"": 20, ""pcs"": 4}",load_first_three_online,evaluated,True,True,"{""eens_kwh"": 67.78969129015701, ""cvar_kwh"": 592.7827777777779, ""var_kwh"": 592.7827777777779, ""positive_loss_fraction"": 0.125, ""tail_effective_scenarios"": 0.8000000000000007, ""zero_var_cvar_identity"": false, ""samples"": 16}",1328333.3333333335,3469257.940493848,4797591.273827182,16
"{""wind"": 7, ""pv"": 2, ""diesel"": 4, ""battery_energy"": 20, ""pcs"": 4}",heat_first_four_online,evaluated,True,True,"{""eens_kwh"": 66.3873611111111, ""cvar_kwh"": 577.9294444444445, ""var_kwh"": 577.9294444444445, ""positive_loss_fraction"": 0.125, ""tail_effective_scenarios"": 0.8000000000000007, ""zero_var_cvar_identity"": false, ""samples"": 16}",1328333.3333333335,3757191.1596936164,5085524.493026949,16
"{""wind"": 7, ""pv"": 2, ""diesel"": 4, ""battery_energy"": 20, ""pcs"": 6}",load_first_three_online,evaluated,True,True,"{""eens_kwh"": 67.78969129015701, ""cvar_kwh"": 592.7827777777779, ""var_kwh"": 592.7827777777779, ""positive_loss_fraction"": 0.125, ""tail_effective_scenarios"": 0.8000000000000007, ""zero_var_cvar_identity"": false, ""samples"": 16}",1349166.6666666667,3469257.940493848,4818424.607160515,16
"{""wind"": 7, ""pv"": 2, ""diesel"": 4, ""battery_energy"": 20, ""pcs"": 6}",heat_first_four_online,evaluated,True,True,"{""eens_kwh"": 66.3873611111111, ""cvar_kwh"": 577.9294444444445, ""var_kwh"": 577.9294444444445, ""positive_loss_fraction"": 0.125, ""tail_effective_scenarios"": 0.8000000000000007, ""zero_var_cvar_identity"": false, ""samples"": 16}",1349166.6666666667,3757191.1596936164,5106357.826360283,16
"{""wind"": 5, ""pv"": 2, ""diesel"": 4, ""battery_energy"": 40, ""pcs"": 4}",load_first_three_online,evaluated,True,True,"{""eens_kwh"": 13.43579861111111, ""cvar_kwh"": 214.97277777777776, ""var_kwh"": 214.97277777777776, ""positive_loss_fraction"": 0.0625, ""tail_effective_scenarios"": 0.8000000000000007, ""zero_var_cvar_identity"": false, ""samples"": 16}",1365000.0,3652225.8866156074,5017225.886615608,16
"{""wind"": 5, ""pv"": 2, ""diesel"": 4, ""battery_energy"": 40, ""pcs"": 4}",heat_first_four_online,evaluated,True,True,"{""eens_kwh"": 5.898368055555558, ""cvar_kwh"": 94.37388888888893, ""var_kwh"": 94.37388888888893, ""positive_loss_fraction"": 0.0625, ""tail_effective_scenarios"": 0.8000000000000007, ""zero_var_cvar_identity"": false, ""samples"": 16}",1365000.0,3903392.761357291,5268392.761357291,16
"{""wind"": 7, ""pv"": 3, ""diesel"": 4, ""battery_energy"": 20, ""pcs"": 4}",load_first_three_online,evaluated,True,True,"{""eens_kwh"": 67.785316290157, ""cvar_kwh"": 592.7127777777778, ""var_kwh"": 592.7127777777778, ""positive_loss_fraction"": 0.125, ""tail_effective_scenarios"": 0.8000000000000007, ""zero_var_cvar_identity"": false, ""samples"": 16}",1373333.3333333335,3319565.8445377825,4692899.1778711155,16
"{""wind"": 7, ""pv"": 3, ""diesel"": 4, ""battery_energy"": 20, ""pcs"": 4}",heat_first_four_online,evaluated,True,True,"{""eens_kwh"": 66.2932986111111, ""cvar_kwh"": 576.4244444444444, ""var_kwh"": 576.4244444444444, ""positive_loss_fraction"": 0.125, ""tail_effective_scenarios"": 0.8000000000000007, ""zero_var_cvar_identity"": false, ""samples"": 16}",1373333.3333333335,3632984.331191708,5006317.664525041,16
"{""wind"": 7, ""pv"": 2, ""diesel"": 5, ""battery_energy"": 20, ""pcs"": 4}",load_first_three_online,evaluated,True,True,"{""eens_kwh"": 4.319062500000003, ""cvar_kwh"": 69.10500000000005, ""var_kwh"": 69.10500000000005, ""positive_loss_fraction"": 0.0625, ""tail_effective_scenarios"": 0.8000000000000007, ""zero_var_cvar_identity"": false, ""samples"": 16}",1378333.3333333335,3484781.636894365,4863114.970227698,16
"{""wind"": 7, ""pv"": 2, ""diesel"": 5, ""battery_energy"": 20, ""pcs"": 4}",heat_first_four_online,evaluated,True,True,"{""eens_kwh"": 0.0, ""cvar_kwh"": 0.0, ""var_kwh"": 0.0, ""positive_loss_fraction"": 0.0, ""tail_effective_scenarios"": 0.8000000000000007, ""zero_var_cvar_identity"": true, ""samples"": 16}",1378333.3333333335,3811068.680251448,5189402.013584781,16
"{""wind"": 5, ""pv"": 2, ""diesel"": 4, ""battery_energy"": 40, ""pcs"": 6}",load_first_three_online,evaluated,True,True,"{""eens_kwh"": 13.43579861111111, ""cvar_kwh"": 214.97277777777776, ""var_kwh"": 214.97277777777776, ""positive_loss_fraction"": 0.0625, ""tail_effective_scenarios"": 0.8000000000000007, ""zero_var_cvar_identity"": false, ""samples"": 16}",1385833.3333333335,3652225.8866156074,5038059.219948941,16
"{""wind"": 5, ""pv"": 2, ""diesel"": 4, ""battery_energy"": 40, ""pcs"": 6}",heat_first_four_online,evaluated,True,True,"{""eens_kwh"": 5.898368055555558, ""cvar_kwh"": 94.37388888888893, ""var_kwh"": 94.37388888888893, ""positive_loss_fraction"": 0.0625, ""tail_effective_scenarios"": 0.8000000000000007, ""zero_var_cvar_identity"": false, ""samples"": 16}",1385833.3333333335,3903392.761357291,5289226.094690625,16
"{""wind"": 7, ""pv"": 3, ""diesel"": 4, ""battery_energy"": 20, ""pcs"": 6}",load_first_three_online,evaluated,True,True,"{""eens_kwh"": 67.785316290157, ""cvar_kwh"": 592.7127777777778, ""var_kwh"": 592.7127777777778, ""positive_loss_fraction"": 0.125, ""tail_effective_scenarios"": 0.8000000000000007, ""zero_var_cvar_identity"": false, ""samples"": 16}",1394166.6666666667,3319565.8445377825,4713732.511204449,16
"{""wind"": 7, ""pv"": 3, ""diesel"": 4, ""battery_energy"": 20, ""pcs"": 6}",heat_first_four_online,evaluated,True,True,"{""eens_kwh"": 66.2932986111111, ""cvar_kwh"": 576.4244444444444, ""var_kwh"": 576.4244444444444, ""positive_loss_fraction"": 0.125, ""tail_effective_scenarios"": 0.8000000000000007, ""zero_var_cvar_identity"": false, ""samples"": 16}",1394166.6666666667,3632984.331191708,5027150.997858374,16
"{""wind"": 7, ""pv"": 2, ""diesel"": 5, ""battery_energy"": 20, ""pcs"": 6}",load_first_three_online,evaluated,True,True,"{""eens_kwh"": 4.319062500000003, ""cvar_kwh"": 69.10500000000005, ""var_kwh"": 69.10500000000005, ""positive_loss_fraction"": 0.0625, ""tail_effective_scenarios"": 0.8000000000000007, ""zero_var_cvar_identity"": false, ""samples"": 16}",1399166.6666666667,3484781.636894365,4883948.303561032,16
"{""wind"": 7, ""pv"": 2, ""diesel"": 5, ""battery_energy"": 20, ""pcs"": 6}",heat_first_four_online,evaluated,True,True,"{""eens_kwh"": 0.0, ""cvar_kwh"": 0.0, ""var_kwh"": 0.0, ""positive_loss_fraction"": 0.0, ""tail_effective_scenarios"": 0.8000000000000007, ""zero_var_cvar_identity"": true, ""samples"": 16}",1399166.6666666667,3811068.680251448,5210235.346918114,16
"{""wind"": 5, ""pv"": 3, ""diesel"": 4, ""battery_energy"": 40, ""pcs"": 4}",load_first_three_online,evaluated,True,True,"{""eens_kwh"": 13.341736111111123, ""cvar_kwh"": 213.46777777777797, ""var_kwh"": 213.46777777777797, ""positive_loss_fraction"": 0.0625, ""tail_effective_scenarios"": 0.8000000000000007, ""zero_var_cvar_identity"": false, ""samples"": 16}",1410000.0,3491763.9229821945,4901763.922982194,16
"{""wind"": 5, ""pv"": 3, ""diesel"": 4, ""battery_energy"": 40, ""pcs"": 4}",heat_first_four_online,evaluated,True,True,"{""eens_kwh"": 5.804305555555571, ""cvar_kwh"": 92.86888888888913, ""var_kwh"": 92.86888888888913, ""positive_loss_fraction"": 0.0625, ""tail_effective_scenarios"": 0.8000000000000007, ""zero_var_cvar_identity"": false, ""samples"": 16}",1410000.0,3771056.9674844714,5181056.967484471,16
"{""wind"": 5, ""pv"": 2, ""diesel"": 5, ""battery_energy"": 40, ""pcs"": 4}",load_first_three_online,evaluated,True,True,"{""eens_kwh"": 0.0, ""cvar_kwh"": 0.0, ""var_kwh"": 0.0, ""positive_loss_fraction"": 0.0, ""tail_effective_scenarios"": 0.8000000000000007, ""zero_var_cvar_identity"": true, ""samples"": 16}",1415000.0,3669965.1887988797,5084965.18879888,16
"{""wind"": 5, ""pv"": 2, ""diesel"": 5, ""battery_energy"": 40, ""pcs"": 4}",heat_first_four_online,evaluated,True,True,"{""eens_kwh"": 0.0, ""cvar_kwh"": 0.0, ""var_kwh"": 0.0, ""positive_loss_fraction"": 0.0, ""tail_effective_scenarios"": 0.8000000000000007, ""zero_var_cvar_identity"": true, ""samples"": 16}",1415000.0,3957951.6768209604,5372951.67682096,16
"{""wind"": 7, ""pv"": 3, ""diesel"": 5, ""battery_energy"": 20, ""pcs"": 4}",load_first_three_online,evaluated,True,True,"{""eens_kwh"": 4.28406250000001, ""cvar_kwh"": 68.54500000000016, ""var_kwh"": 68.54500000000016, ""positive_loss_fraction"": 0.0625, ""tail_effective_scenarios"": 0.8000000000000007, ""zero_var_cvar_identity"": false, ""samples"": 16}",1423333.3333333335,3334664.6393574113,4757997.972690744,16
"{""wind"": 7, ""pv"": 3, ""diesel"": 5, ""battery_energy"": 20, ""pcs"": 4}",heat_first_four_online,evaluated,True,True,"{""eens_kwh"": 0.0, ""cvar_kwh"": 0.0, ""var_kwh"": 0.0, ""positive_loss_fraction"": 0.0, ""tail_effective_scenarios"": 0.8000000000000007, ""zero_var_cvar_identity"": true, ""samples"": 16}",1423333.3333333335,3688145.4365015537,5111478.769834887,16
"{""wind"": 7, ""pv"": 2, ""diesel"": 6, ""battery_energy"": 20, ""pcs"": 4}",load_first_three_online,evaluated,True,True,"{""eens_kwh"": 5.211562499999989, ""cvar_kwh"": 83.38499999999982, ""var_kwh"": 83.38499999999982, ""positive_loss_fraction"": 0.0625, ""tail_effective_scenarios"": 0.8000000000000007, ""zero_var_cvar_identity"": false, ""samples"": 16}",1428333.3333333335,3487405.1948395334,4915738.528172867,16
"{""wind"": 7, ""pv"": 2, ""diesel"": 6, ""battery_energy"": 20, ""pcs"": 4}",heat_first_four_online,evaluated,True,True,"{""eens_kwh"": 0.0, ""cvar_kwh"": 0.0, ""var_kwh"": 0.0, ""positive_loss_fraction"": 0.0, ""tail_effective_scenarios"": 0.8000000000000007, ""zero_var_cvar_identity"": true, ""samples"": 16}",1428333.3333333335,3827004.6889868258,5255338.022320159,16
"{""wind"": 5, ""pv"": 3, ""diesel"": 4, ""battery_energy"": 40, ""pcs"": 6}",load_first_three_online,evaluated,True,True,"{""eens_kwh"": 13.341736111111123, ""cvar_kwh"": 213.46777777777797, ""var_kwh"": 213.46777777777797, ""positive_loss_fraction"": 0.0625, ""tail_effective_scenarios"": 0.8000000000000007, ""zero_var_cvar_identity"": false, ""samples"": 16}",1430833.3333333335,3491763.9229821945,4922597.2563155275,16
"{""wind"": 5, ""pv"": 3, ""diesel"": 4, ""battery_energy"": 40, ""pcs"": 6}",heat_first_four_online,evaluated,True,True,"{""eens_kwh"": 5.804305555555571, ""cvar_kwh"": 92.86888888888913, ""var_kwh"": 92.86888888888913, ""positive_loss_fraction"": 0.0625, ""tail_effective_scenarios"": 0.8000000000000007, ""zero_var_cvar_identity"": false, ""samples"": 16}",1430833.3333333335,3771056.9674844714,5201890.300817804,16
"{""wind"": 5, ""pv"": 2, ""diesel"": 5, ""battery_energy"": 40, ""pcs"": 6}",load_first_three_online,evaluated,True,True,"{""eens_kwh"": 0.0, ""cvar_kwh"": 0.0, ""var_kwh"": 0.0, ""positive_loss_fraction"": 0.0, ""tail_effective_scenarios"": 0.8000000000000007, ""zero_var_cvar_identity"": true, ""samples"": 16}",1435833.3333333335,3669965.1887988797,5105798.522132213,16
"{""wind"": 5, ""pv"": 2, ""diesel"": 5, ""battery_energy"": 40, ""pcs"": 6}",heat_first_four_online,evaluated,True,True,"{""eens_kwh"": 0.0, ""cvar_kwh"": 0.0, ""var_kwh"": 0.0, ""positive_loss_fraction"": 0.0, ""tail_effective_scenarios"": 0.8000000000000007, ""zero_var_cvar_identity"": true, ""samples"": 16}",1435833.3333333335,3957951.6768209604,5393785.010154294,16
"{""wind"": 7, ""pv"": 3, ""diesel"": 5, ""battery_energy"": 20, ""pcs"": 6}",load_first_three_online,evaluated,True,True,"{""eens_kwh"": 4.28406250000001, ""cvar_kwh"": 68.54500000000016, ""var_kwh"": 68.54500000000016, ""positive_loss_fraction"": 0.0625, ""tail_effective_scenarios"": 0.8000000000000007, ""zero_var_cvar_identity"": false, ""samples"": 16}",1444166.6666666667,3334664.6393574113,4778831.306024078,16
"{""wind"": 7, ""pv"": 3, ""diesel"": 5, ""battery_energy"": 20, ""pcs"": 6}",heat_first_four_online,evaluated,True,True,"{""eens_kwh"": 0.0, ""cvar_kwh"": 0.0, ""var_kwh"": 0.0, ""positive_loss_fraction"": 0.0, ""tail_effective_scenarios"": 0.8000000000000007, ""zero_var_cvar_identity"": true, ""samples"": 16}",1444166.6666666667,3688145.4365015537,5132312.10316822,16
"{""wind"": 7, ""pv"": 2, ""diesel"": 6, ""battery_energy"": 20, ""pcs"": 6}",load_first_three_online,evaluated,True,True,"{""eens_kwh"": 5.211562499999989, ""cvar_kwh"": 83.38499999999982, ""var_kwh"": 83.38499999999982, ""positive_loss_fraction"": 0.0625, ""tail_effective_scenarios"": 0.8000000000000007, ""zero_var_cvar_identity"": false, ""samples"": 16}",1449166.6666666667,3487405.1948395334,4936571.8615062,16
"{""wind"": 7, ""pv"": 2, ""diesel"": 6, ""battery_energy"": 20, ""pcs"": 6}",heat_first_four_online,evaluated,True,True,"{""eens_kwh"": 0.0, ""cvar_kwh"": 0.0, ""var_kwh"": 0.0, ""positive_loss_fraction"": 0.0, ""tail_effective_scenarios"": 0.8000000000000007, ""zero_var_cvar_identity"": true, ""samples"": 16}",1449166.6666666667,3827004.6889868258,5276171.355653493,16
"{""wind"": 5, ""pv"": 3, ""diesel"": 5, ""battery_energy"": 40, ""pcs"": 4}",load_first_three_online,evaluated,True,True,"{""eens_kwh"": 0.0, ""cvar_kwh"": 0.0, ""var_kwh"": 0.0, ""positive_loss_fraction"": 0.0, ""tail_effective_scenarios"": 0.8000000000000007, ""zero_var_cvar_identity"": true, ""samples"": 16}",1460000.0,3508982.2076569614,4968982.207656961,16
"{""wind"": 5, ""pv"": 3, ""diesel"": 5, ""battery_energy"": 40, ""pcs"": 4}",heat_first_four_online,evaluated,True,True,"{""eens_kwh"": 0.0, ""cvar_kwh"": 0.0, ""var_kwh"": 0.0, ""positive_loss_fraction"": 0.0, ""tail_effective_scenarios"": 0.8000000000000007, ""zero_var_cvar_identity"": true, ""samples"": 16}",1460000.0,3827026.5794725744,5287026.579472574,16
"{""wind"": 5, ""pv"": 2, ""diesel"": 6, ""battery_energy"": 40, ""pcs"": 4}",load_first_three_online,evaluated,True,True,"{""eens_kwh"": 0.0, ""cvar_kwh"": 0.0, ""var_kwh"": 0.0, ""positive_loss_fraction"": 0.0, ""tail_effective_scenarios"": 0.8000000000000007, ""zero_var_cvar_identity"": true, ""samples"": 16}",1465000.0,3671849.2421429064,5136849.242142906,16
"{""wind"": 5, ""pv"": 2, ""diesel"": 6, ""battery_energy"": 40, ""pcs"": 4}",heat_first_four_online,evaluated,True,True,"{""eens_kwh"": 0.0, ""cvar_kwh"": 0.0, ""var_kwh"": 0.0, ""positive_loss_fraction"": 0.0, ""tail_effective_scenarios"": 0.8000000000000007, ""zero_var_cvar_identity"": true, ""samples"": 16}",1465000.0,3975829.1403388125,5440829.140338812,16
"{""wind"": 7, ""pv"": 3, ""diesel"": 6, ""battery_energy"": 20, ""pcs"": 4}",load_first_three_online,evaluated,True,True,"{""eens_kwh"": 5.176562499999989, ""cvar_kwh"": 82.82499999999983, ""var_kwh"": 82.82499999999982, ""positive_loss_fraction"": 0.0625, ""tail_effective_scenarios"": 0.8000000000000007, ""zero_var_cvar_identity"": false, ""samples"": 16}",1473333.3333333335,3337178.5085442713,4810511.841877605,16
"{""wind"": 7, ""pv"": 3, ""diesel"": 6, ""battery_energy"": 20, ""pcs"": 4}",heat_first_four_online,evaluated,True,True,"{""eens_kwh"": 0.0, ""cvar_kwh"": 0.0, ""var_kwh"": 0.0, ""positive_loss_fraction"": 0.0, ""tail_effective_scenarios"": 0.8000000000000007, ""zero_var_cvar_identity"": true, ""samples"": 16}",1473333.3333333335,3703688.833784875,5177022.1671182085,16
"{""wind"": 5, ""pv"": 3, ""diesel"": 5, ""battery_energy"": 40, ""pcs"": 6}",load_first_three_online,evaluated,True,True,"{""eens_kwh"": 0.0, ""cvar_kwh"": 0.0, ""var_kwh"": 0.0, ""positive_loss_fraction"": 0.0, ""tail_effective_scenarios"": 0.8000000000000007, ""zero_var_cvar_identity"": true, ""samples"": 16}",1480833.3333333335,3508982.2076569614,4989815.540990295,16
"{""wind"": 5, ""pv"": 3, ""diesel"": 5, ""battery_energy"": 40, ""pcs"": 6}",heat_first_four_online,evaluated,True,True,"{""eens_kwh"": 0.0, ""cvar_kwh"": 0.0, ""var_kwh"": 0.0, ""positive_loss_fraction"": 0.0, ""tail_effective_scenarios"": 0.8000000000000007, ""zero_var_cvar_identity"": true, ""samples"": 16}",1480833.3333333335,3827026.5794725744,5307859.912805907,16
"{""wind"": 5, ""pv"": 2, ""diesel"": 6, ""battery_energy"": 40, ""pcs"": 6}",load_first_three_online,evaluated,True,True,"{""eens_kwh"": 0.0, ""cvar_kwh"": 0.0, ""var_kwh"": 0.0, ""positive_loss_fraction"": 0.0, ""tail_effective_scenarios"": 0.8000000000000007, ""zero_var_cvar_identity"": true, ""samples"": 16}",1485833.3333333335,3671849.2421429064,5157682.57547624,16
"{""wind"": 5, ""pv"": 2, ""diesel"": 6, ""battery_energy"": 40, ""pcs"": 6}",heat_first_four_online,evaluated,True,True,"{""eens_kwh"": 0.0, ""cvar_kwh"": 0.0, ""var_kwh"": 0.0, ""positive_loss_fraction"": 0.0, ""tail_effective_scenarios"": 0.8000000000000007, ""zero_var_cvar_identity"": true, ""samples"": 16}",1485833.3333333335,3975829.1403388125,5461662.473672146,16
"{""wind"": 7, ""pv"": 3, ""diesel"": 6, ""battery_energy"": 20, ""pcs"": 6}",load_first_three_online,evaluated,True,True,"{""eens_kwh"": 5.176562499999989, ""cvar_kwh"": 82.82499999999983, ""var_kwh"": 82.82499999999982, ""positive_loss_fraction"": 0.0625, ""tail_effective_scenarios"": 0.8000000000000007, ""zero_var_cvar_identity"": false, ""samples"": 16}",1494166.6666666667,3337178.5085442713,4831345.175210938,16
"{""wind"": 7, ""pv"": 3, ""diesel"": 6, ""battery_energy"": 20, ""pcs"": 6}",heat_first_four_online,evaluated,True,True,"{""eens_kwh"": 0.0, ""cvar_kwh"": 0.0, ""var_kwh"": 0.0, ""positive_loss_fraction"": 0.0, ""tail_effective_scenarios"": 0.8000000000000007, ""zero_var_cvar_identity"": true, ""samples"": 16}",1494166.6666666667,3703688.833784875,5197855.5004515415,16
"{""wind"": 5, ""pv"": 3, ""diesel"": 6, ""battery_energy"": 40, ""pcs"": 4}",load_first_three_online,evaluated,True,True,"{""eens_kwh"": 0.0, ""cvar_kwh"": 0.0, ""var_kwh"": 0.0, ""positive_loss_fraction"": 0.0, ""tail_effective_scenarios"": 0.8000000000000007, ""zero_var_cvar_identity"": true, ""samples"": 16}",1510000.0,3510777.909045469,5020777.909045469,16
"{""wind"": 5, ""pv"": 3, ""diesel"": 6, ""battery_energy"": 40, ""pcs"": 4}",heat_first_four_online,evaluated,True,True,"{""eens_kwh"": 0.0, ""cvar_kwh"": 0.0, ""var_kwh"": 0.0, ""positive_loss_fraction"": 0.0, ""tail_effective_scenarios"": 0.8000000000000007, ""zero_var_cvar_identity"": true, ""samples"": 16}",1510000.0,3844450.733675593,5354450.7336755935,16
"{""wind"": 5, ""pv"": 3, ""diesel"": 6, ""battery_energy"": 40, ""pcs"": 6}",load_first_three_online,evaluated,True,True,"{""eens_kwh"": 0.0, ""cvar_kwh"": 0.0, ""var_kwh"": 0.0, ""positive_loss_fraction"": 0.0, ""tail_effective_scenarios"": 0.8000000000000007, ""zero_var_cvar_identity"": true, ""samples"": 16}",1530833.3333333335,3510777.909045469,5041611.242378803,16
"{""wind"": 5, ""pv"": 3, ""diesel"": 6, ""battery_energy"": 40, ""pcs"": 6}",heat_first_four_online,evaluated,True,True,"{""eens_kwh"": 0.0, ""cvar_kwh"": 0.0, ""var_kwh"": 0.0, ""positive_loss_fraction"": 0.0, ""tail_effective_scenarios"": 0.8000000000000007, ""zero_var_cvar_identity"": true, ""samples"": 16}",1530833.3333333335,3844450.733675593,5375284.0670089265,16
"{""wind"": 7, ""pv"": 2, ""diesel"": 4, ""battery_energy"": 40, ""pcs"": 4}",load_first_three_online,evaluated,True,True,"{""eens_kwh"": 9.193993055555543, ""cvar_kwh"": 147.1038888888887, ""var_kwh"": 147.1038888888887, ""positive_loss_fraction"": 0.0625, ""tail_effective_scenarios"": 0.8000000000000007, ""zero_var_cvar_identity"": false, ""samples"": 16}",1578333.3333333335,3469000.292903512,5047333.626236845,16
"{""wind"": 7, ""pv"": 2, ""diesel"": 4, ""battery_energy"": 40, ""pcs"": 4}",heat_first_four_online,evaluated,True,True,"{""eens_kwh"": 3.1205902777777688, ""cvar_kwh"": 49.9294444444443, ""var_kwh"": 49.9294444444443, ""positive_loss_fraction"": 0.0625, ""tail_effective_scenarios"": 0.8000000000000007, ""zero_var_cvar_identity"": false, ""samples"": 16}",1578333.3333333335,3757280.459223662,5335613.7925569955,16
"{""wind"": 7, ""pv"": 2, ""diesel"": 4, ""battery_energy"": 40, ""pcs"": 6}",load_first_three_online,evaluated,True,True,"{""eens_kwh"": 9.193993055555543, ""cvar_kwh"": 147.1038888888887, ""var_kwh"": 147.1038888888887, ""positive_loss_fraction"": 0.0625, ""tail_effective_scenarios"": 0.8000000000000007, ""zero_var_cvar_identity"": false, ""samples"": 16}",1599166.6666666667,3469000.292903512,5068166.959570179,16
"{""wind"": 7, ""pv"": 2, ""diesel"": 4, ""battery_energy"": 40, ""pcs"": 6}",heat_first_four_online,evaluated,True,True,"{""eens_kwh"": 3.1205902777777688, ""cvar_kwh"": 49.9294444444443, ""var_kwh"": 49.9294444444443, ""positive_loss_fraction"": 0.0625, ""tail_effective_scenarios"": 0.8000000000000007, ""zero_var_cvar_identity"": false, ""samples"": 16}",1599166.6666666667,3757280.459223662,5356447.125890329,16
"{""wind"": 7, ""pv"": 3, ""diesel"": 4, ""battery_energy"": 40, ""pcs"": 4}",load_first_three_online,evaluated,True,True,"{""eens_kwh"": 9.099930555555558, ""cvar_kwh"": 145.59888888888892, ""var_kwh"": 145.59888888888892, ""positive_loss_fraction"": 0.0625, ""tail_effective_scenarios"": 0.8000000000000007, ""zero_var_cvar_identity"": false, ""samples"": 16}",1623333.3333333335,3319350.216654409,4942683.549987743,16
"{""wind"": 7, ""pv"": 3, ""diesel"": 4, ""battery_energy"": 40, ""pcs"": 4}",heat_first_four_online,evaluated,True,True,"{""eens_kwh"": 3.0265277777777833, ""cvar_kwh"": 48.42444444444453, ""var_kwh"": 48.42444444444453, ""positive_loss_fraction"": 0.0625, ""tail_effective_scenarios"": 0.8000000000000007, ""zero_var_cvar_identity"": false, ""samples"": 16}",1623333.3333333335,3633075.103849336,5256408.4371826695,16
"{""wind"": 7, ""pv"": 2, ""diesel"": 5, ""battery_energy"": 40, ""pcs"": 4}",load_first_three_online,evaluated,True,True,"{""eens_kwh"": 0.0, ""cvar_kwh"": 0.0, ""var_kwh"": 0.0, ""positive_loss_fraction"": 0.0, ""tail_effective_scenarios"": 0.8000000000000007, ""zero_var_cvar_identity"": true, ""samples"": 16}",1628333.3333333335,3484131.2609434486,5112464.594276782,16
"{""wind"": 7, ""pv"": 2, ""diesel"": 5, ""battery_energy"": 40, ""pcs"": 4}",heat_first_four_online,evaluated,True,True,"{""eens_kwh"": 0.0, ""cvar_kwh"": 0.0, ""var_kwh"": 0.0, ""positive_loss_fraction"": 0.0, ""tail_effective_scenarios"": 0.8000000000000007, ""zero_var_cvar_identity"": true, ""samples"": 16}",1628333.3333333335,3811068.680251448,5439402.013584781,16
"{""wind"": 7, ""pv"": 3, ""diesel"": 4, ""battery_energy"": 40, ""pcs"": 6}",load_first_three_online,evaluated,True,True,"{""eens_kwh"": 9.099930555555558, ""cvar_kwh"": 145.59888888888892, ""var_kwh"": 145.59888888888892, ""positive_loss_fraction"": 0.0625, ""tail_effective_scenarios"": 0.8000000000000007, ""zero_var_cvar_identity"": false, ""samples"": 16}",1644166.6666666667,3319350.216654409,4963516.883321076,16
"{""wind"": 7, ""pv"": 3, ""diesel"": 4, ""battery_energy"": 40, ""pcs"": 6}",heat_first_four_online,evaluated,True,True,"{""eens_kwh"": 3.0265277777777833, ""cvar_kwh"": 48.42444444444453, ""var_kwh"": 48.42444444444453, ""positive_loss_fraction"": 0.0625, ""tail_effective_scenarios"": 0.8000000000000007, ""zero_var_cvar_identity"": false, ""samples"": 16}",1644166.6666666667,3633075.103849336,5277241.770516003,16
"{""wind"": 7, ""pv"": 2, ""diesel"": 5, ""battery_energy"": 40, ""pcs"": 6}",load_first_three_online,evaluated,True,True,"{""eens_kwh"": 0.0, ""cvar_kwh"": 0.0, ""var_kwh"": 0.0, ""positive_loss_fraction"": 0.0, ""tail_effective_scenarios"": 0.8000000000000007, ""zero_var_cvar_identity"": true, ""samples"": 16}",1649166.6666666667,3484131.2609434486,5133297.927610115,16
"{""wind"": 7, ""pv"": 2, ""diesel"": 5, ""battery_energy"": 40, ""pcs"": 6}",heat_first_four_online,evaluated,True,True,"{""eens_kwh"": 0.0, ""cvar_kwh"": 0.0, ""var_kwh"": 0.0, ""positive_loss_fraction"": 0.0, ""tail_effective_scenarios"": 0.8000000000000007, ""zero_var_cvar_identity"": true, ""samples"": 16}",1649166.6666666667,3811068.680251448,5460235.346918114,16
"{""wind"": 7, ""pv"": 3, ""diesel"": 5, ""battery_energy"": 40, ""pcs"": 4}",load_first_three_online,evaluated,True,True,"{""eens_kwh"": 0.0, ""cvar_kwh"": 0.0, ""var_kwh"": 0.0, ""positive_loss_fraction"": 0.0, ""tail_effective_scenarios"": 0.8000000000000007, ""zero_var_cvar_identity"": true, ""samples"": 16}",1673333.3333333335,3334026.5834157704,5007359.916749104,16
"{""wind"": 7, ""pv"": 3, ""diesel"": 5, ""battery_energy"": 40, ""pcs"": 4}",heat_first_four_online,evaluated,True,True,"{""eens_kwh"": 0.0, ""cvar_kwh"": 0.0, ""var_kwh"": 0.0, ""positive_loss_fraction"": 0.0, ""tail_effective_scenarios"": 0.8000000000000007, ""zero_var_cvar_identity"": true, ""samples"": 16}",1673333.3333333335,3688145.4365015537,5361478.769834887,16
"{""wind"": 7, ""pv"": 2, ""diesel"": 6, ""battery_energy"": 40, ""pcs"": 4}",load_first_three_online,evaluated,True,True,"{""eens_kwh"": 0.0, ""cvar_kwh"": 0.0, ""var_kwh"": 0.0, ""positive_loss_fraction"": 0.0, ""tail_effective_scenarios"": 0.8000000000000007, ""zero_var_cvar_identity"": true, ""samples"": 16}",1678333.3333333335,3485758.398058038,5164091.731391372,16
"{""wind"": 7, ""pv"": 2, ""diesel"": 6, ""battery_energy"": 40, ""pcs"": 4}",heat_first_four_online,evaluated,True,True,"{""eens_kwh"": 0.0, ""cvar_kwh"": 0.0, ""var_kwh"": 0.0, ""positive_loss_fraction"": 0.0, ""tail_effective_scenarios"": 0.8000000000000007, ""zero_var_cvar_identity"": true, ""samples"": 16}",1678333.3333333335,3827004.6889868258,5505338.022320159,16
"{""wind"": 7, ""pv"": 3, ""diesel"": 5, ""battery_energy"": 40, ""pcs"": 6}",load_first_three_online,evaluated,True,True,"{""eens_kwh"": 0.0, ""cvar_kwh"": 0.0, ""var_kwh"": 0.0, ""positive_loss_fraction"": 0.0, ""tail_effective_scenarios"": 0.8000000000000007, ""zero_var_cvar_identity"": true, ""samples"": 16}",1694166.6666666667,3334026.5834157704,5028193.250082437,16
"{""wind"": 7, ""pv"": 3, ""diesel"": 5, ""battery_energy"": 40, ""pcs"": 6}",heat_first_four_online,evaluated,True,True,"{""eens_kwh"": 0.0, ""cvar_kwh"": 0.0, ""var_kwh"": 0.0, ""positive_loss_fraction"": 0.0, ""tail_effective_scenarios"": 0.8000000000000007, ""zero_var_cvar_identity"": true, ""samples"": 16}",1694166.6666666667,3688145.4365015537,5382312.10316822,16
"{""wind"": 7, ""pv"": 2, ""diesel"": 6, ""battery_energy"": 40, ""pcs"": 6}",load_first_three_online,evaluated,True,True,"{""eens_kwh"": 0.0, ""cvar_kwh"": 0.0, ""var_kwh"": 0.0, ""positive_loss_fraction"": 0.0, ""tail_effective_scenarios"": 0.8000000000000007, ""zero_var_cvar_identity"": true, ""samples"": 16}",1699166.6666666667,3485758.398058038,5184925.064724705,16
"{""wind"": 7, ""pv"": 2, ""diesel"": 6, ""battery_energy"": 40, ""pcs"": 6}",heat_first_four_online,evaluated,True,True,"{""eens_kwh"": 0.0, ""cvar_kwh"": 0.0, ""var_kwh"": 0.0, ""positive_loss_fraction"": 0.0, ""tail_effective_scenarios"": 0.8000000000000007, ""zero_var_cvar_identity"": true, ""samples"": 16}",1699166.6666666667,3827004.6889868258,5526171.355653493,16
"{""wind"": 7, ""pv"": 3, ""diesel"": 6, ""battery_energy"": 40, ""pcs"": 4}",load_first_three_online,evaluated,True,True,"{""eens_kwh"": 0.0, ""cvar_kwh"": 0.0, ""var_kwh"": 0.0, ""positive_loss_fraction"": 0.0, ""tail_effective_scenarios"": 0.8000000000000007, ""zero_var_cvar_identity"": true, ""samples"": 16}",1723333.3333333335,3335579.0101447264,5058912.343478059,16
"{""wind"": 7, ""pv"": 3, ""diesel"": 6, ""battery_energy"": 40, ""pcs"": 4}",heat_first_four_online,evaluated,True,True,"{""eens_kwh"": 0.0, ""cvar_kwh"": 0.0, ""var_kwh"": 0.0, ""positive_loss_fraction"": 0.0, ""tail_effective_scenarios"": 0.8000000000000007, ""zero_var_cvar_identity"": true, ""samples"": 16}",1723333.3333333335,3703688.833784875,5427022.1671182085,16
"{""wind"": 7, ""pv"": 3, ""diesel"": 6, ""battery_energy"": 40, ""pcs"": 6}",load_first_three_online,evaluated,True,True,"{""eens_kwh"": 0.0, ""cvar_kwh"": 0.0, ""var_kwh"": 0.0, ""positive_loss_fraction"": 0.0, ""tail_effective_scenarios"": 0.8000000000000007, ""zero_var_cvar_identity"": true, ""samples"": 16}",1744166.6666666667,3335579.0101447264,5079745.676811393,16
"{""wind"": 7, ""pv"": 3, ""diesel"": 6, ""battery_energy"": 40, ""pcs"": 6}",heat_first_four_online,evaluated,True,True,"{""eens_kwh"": 0.0, ""cvar_kwh"": 0.0, ""var_kwh"": 0.0, ""positive_loss_fraction"": 0.0, ""tail_effective_scenarios"": 0.8000000000000007, ""zero_var_cvar_identity"": true, ""samples"": 16}",1744166.6666666667,3703688.833784875,5447855.5004515415,16
